(cd DataFormats; make)
make[1]: Entering directory '/data6/Users/jhchoi/SKFlatAnalyzers/test/ForTMVA/SKFlatAnalyzer/DataFormats'
make[1]: Leaving directory '/data6/Users/jhchoi/SKFlatAnalyzers/test/ForTMVA/SKFlatAnalyzer/DataFormats'
(mvexist.sh DataFormats/src/DataFormats_Dict_rdict.pcm lib/)
(mvexist.sh DataFormats/libDataFormats.rootmap lib/)
(cd AnalyzerTools; make)
make[1]: Entering directory '/data6/Users/jhchoi/SKFlatAnalyzers/test/ForTMVA/SKFlatAnalyzer/AnalyzerTools'
make[1]: Leaving directory '/data6/Users/jhchoi/SKFlatAnalyzers/test/ForTMVA/SKFlatAnalyzer/AnalyzerTools'
(mvexist.sh AnalyzerTools/src/AnalyzerTools_Dict_rdict.pcm lib/)
(mvexist.sh AnalyzerTools/libAnalyzerTools.rootmap lib/)
(cd external/GEScaleSyst; make)
make[1]: Entering directory '/data6/Users/jhchoi/SKFlatAnalyzers/test/ForTMVA/SKFlatAnalyzer/external/GEScaleSyst'
make[1]: Leaving directory '/data6/Users/jhchoi/SKFlatAnalyzers/test/ForTMVA/SKFlatAnalyzer/external/GEScaleSyst'
(mvexist.sh external/GEScaleSyst/GEScaleSyst_Dict_rdict.pcm lib/)
(mvexist.sh external/GEScaleSyst/libGEScaleSyst.rootmap lib/)
(cd Analyzers; make)
make[1]: Entering directory '/data6/Users/jhchoi/SKFlatAnalyzers/test/ForTMVA/SKFlatAnalyzer/Analyzers'
Making JHAnalyzerBase.d
Compiling src/JHAnalyzerBase.C
src/JHAnalyzerBase.C: In member function 'int JHAnalyzerBase::GetIdxSingleElReco(const std::vector<Electron>&, double, double, double)':
src/JHAnalyzerBase.C:950:10: warning: unused variable 'maxpt' [-Wunused-variable]
   double maxpt=-100.;
          ^~~~~
src/JHAnalyzerBase.C: In member function 'std::vector<int> JHAnalyzerBase::GetIdxDiMuReco(const std::vector<Muon>&, double, double, double, double)':
src/JHAnalyzerBase.C:1001:35: error: no match for 'operator<' (operand types are 'const value_type' {aka 'const Muon'} and 'double')
   if(MuonCollection[v_muonidx[0]] < ptmin1) return {};
In file included from /cvmfs/cms.cern.ch/slc7_amd64_gcc820/cms/cmssw/CMSSW_10_6_4/external/slc7_amd64_gcc820/bin/../../../../../../../slc7_amd64_gcc820/lcg/root/6.14.09/include/TNamed.h:26,
                 from /cvmfs/cms.cern.ch/slc7_amd64_gcc820/cms/cmssw/CMSSW_10_6_4/external/slc7_amd64_gcc820/bin/../../../../../../../slc7_amd64_gcc820/lcg/root/6.14.09/include/TMatrixTBase.h:70,
                 from /cvmfs/cms.cern.ch/slc7_amd64_gcc820/cms/cmssw/CMSSW_10_6_4/external/slc7_amd64_gcc820/bin/../../../../../../../slc7_amd64_gcc820/lcg/root/6.14.09/include/TMatrixT.h:23,
                 from /cvmfs/cms.cern.ch/slc7_amd64_gcc820/cms/cmssw/CMSSW_10_6_4/external/slc7_amd64_gcc820/bin/../../../../../../../slc7_amd64_gcc820/lcg/root/6.14.09/include/TMatrixF.h:20,
                 from /cvmfs/cms.cern.ch/slc7_amd64_gcc820/cms/cmssw/CMSSW_10_6_4/external/slc7_amd64_gcc820/bin/../../../../../../../slc7_amd64_gcc820/lcg/root/6.14.09/include/TMatrix.h:23,
                 from /cvmfs/cms.cern.ch/slc7_amd64_gcc820/cms/cmssw/CMSSW_10_6_4/external/slc7_amd64_gcc820/bin/../../../../../../../slc7_amd64_gcc820/lcg/root/6.14.09/include/TVector3.h:16,
                 from /cvmfs/cms.cern.ch/slc7_amd64_gcc820/cms/cmssw/CMSSW_10_6_4/external/slc7_amd64_gcc820/bin/../../../../../../../slc7_amd64_gcc820/lcg/root/6.14.09/include/TLorentzVector.h:25,
                 from include/AnalyzerCore.h:4,
                 from include/JHAnalyzerBase.h:4,
                 from src/JHAnalyzerBase.C:1:
/cvmfs/cms.cern.ch/slc7_amd64_gcc820/cms/cmssw/CMSSW_10_6_4/external/slc7_amd64_gcc820/bin/../../../../../../../slc7_amd64_gcc820/lcg/root/6.14.09/include/TString.h:761:15: note: candidate: 'Bool_t operator<(const TString&, const TString&)'
 inline Bool_t operator<(const TString &s1, const TString &s2)
               ^~~~~~~~
/cvmfs/cms.cern.ch/slc7_amd64_gcc820/cms/cmssw/CMSSW_10_6_4/external/slc7_amd64_gcc820/bin/../../../../../../../slc7_amd64_gcc820/lcg/root/6.14.09/include/TString.h:761:15: note:   no known conversion for argument 1 from 'const value_type' {aka 'const Muon'} to 'const TString&'
/cvmfs/cms.cern.ch/slc7_amd64_gcc820/cms/cmssw/CMSSW_10_6_4/external/slc7_amd64_gcc820/bin/../../../../../../../slc7_amd64_gcc820/lcg/root/6.14.09/include/TString.h:777:15: note: candidate: 'Bool_t operator<(const TString&, const char*)'
 inline Bool_t operator<(const TString &s1, const char *s2)
               ^~~~~~~~
/cvmfs/cms.cern.ch/slc7_amd64_gcc820/cms/cmssw/CMSSW_10_6_4/external/slc7_amd64_gcc820/bin/../../../../../../../slc7_amd64_gcc820/lcg/root/6.14.09/include/TString.h:777:15: note:   no known conversion for argument 1 from 'const value_type' {aka 'const Muon'} to 'const TString&'
/cvmfs/cms.cern.ch/slc7_amd64_gcc820/cms/cmssw/CMSSW_10_6_4/external/slc7_amd64_gcc820/bin/../../../../../../../slc7_amd64_gcc820/lcg/root/6.14.09/include/TString.h:795:15: note: candidate: 'Bool_t operator<(const char*, const TString&)'
 inline Bool_t operator<(const char *s1, const TString &s2)
               ^~~~~~~~
/cvmfs/cms.cern.ch/slc7_amd64_gcc820/cms/cmssw/CMSSW_10_6_4/external/slc7_amd64_gcc820/bin/../../../../../../../slc7_amd64_gcc820/lcg/root/6.14.09/include/TString.h:795:15: note:   no known conversion for argument 1 from 'const value_type' {aka 'const Muon'} to 'const char*'
In file included from /cvmfs/cms.cern.ch/slc7_amd64_gcc820/cms/cmssw/CMSSW_10_6_4/external/slc7_amd64_gcc820/bin/../../../../../../../slc7_amd64_gcc820/lcg/root/6.14.09/include/TMatrixF.h:20,
                 from /cvmfs/cms.cern.ch/slc7_amd64_gcc820/cms/cmssw/CMSSW_10_6_4/external/slc7_amd64_gcc820/bin/../../../../../../../slc7_amd64_gcc820/lcg/root/6.14.09/include/TMatrix.h:23,
                 from /cvmfs/cms.cern.ch/slc7_amd64_gcc820/cms/cmssw/CMSSW_10_6_4/external/slc7_amd64_gcc820/bin/../../../../../../../slc7_amd64_gcc820/lcg/root/6.14.09/include/TVector3.h:16,
                 from /cvmfs/cms.cern.ch/slc7_amd64_gcc820/cms/cmssw/CMSSW_10_6_4/external/slc7_amd64_gcc820/bin/../../../../../../../slc7_amd64_gcc820/lcg/root/6.14.09/include/TLorentzVector.h:25,
                 from include/AnalyzerCore.h:4,
                 from include/JHAnalyzerBase.h:4,
                 from src/JHAnalyzerBase.C:1:
/cvmfs/cms.cern.ch/slc7_amd64_gcc820/cms/cmssw/CMSSW_10_6_4/external/slc7_amd64_gcc820/bin/../../../../../../../slc7_amd64_gcc820/lcg/root/6.14.09/include/TMatrixT.h:322:45: note: candidate: 'template<class Element> TMatrixT<Element> operator<(const TMatrixT<Element>&, const TMatrixT<Element>&)'
 template <class Element> TMatrixT<Element>  operator<  (const TMatrixT   <Element> &source1,const TMatrixT   <Element> &source2);
                                             ^~~~~~~~
/cvmfs/cms.cern.ch/slc7_amd64_gcc820/cms/cmssw/CMSSW_10_6_4/external/slc7_amd64_gcc820/bin/../../../../../../../slc7_amd64_gcc820/lcg/root/6.14.09/include/TMatrixT.h:322:45: note:   template argument deduction/substitution failed:
src/JHAnalyzerBase.C:1001:37: note:   'const value_type' {aka 'const Muon'} is not derived from 'const TMatrixT<Element>'
   if(MuonCollection[v_muonidx[0]] < ptmin1) return {};
                                     ^~~~~~
In file included from /cvmfs/cms.cern.ch/slc7_amd64_gcc820/cms/cmssw/CMSSW_10_6_4/external/slc7_amd64_gcc820/bin/../../../../../../../slc7_amd64_gcc820/lcg/root/6.14.09/include/TMatrixF.h:20,
                 from /cvmfs/cms.cern.ch/slc7_amd64_gcc820/cms/cmssw/CMSSW_10_6_4/external/slc7_amd64_gcc820/bin/../../../../../../../slc7_amd64_gcc820/lcg/root/6.14.09/include/TMatrix.h:23,
                 from /cvmfs/cms.cern.ch/slc7_amd64_gcc820/cms/cmssw/CMSSW_10_6_4/external/slc7_amd64_gcc820/bin/../../../../../../../slc7_amd64_gcc820/lcg/root/6.14.09/include/TVector3.h:16,
                 from /cvmfs/cms.cern.ch/slc7_amd64_gcc820/cms/cmssw/CMSSW_10_6_4/external/slc7_amd64_gcc820/bin/../../../../../../../slc7_amd64_gcc820/lcg/root/6.14.09/include/TLorentzVector.h:25,
                 from include/AnalyzerCore.h:4,
                 from include/JHAnalyzerBase.h:4,
                 from src/JHAnalyzerBase.C:1:
/cvmfs/cms.cern.ch/slc7_amd64_gcc820/cms/cmssw/CMSSW_10_6_4/external/slc7_amd64_gcc820/bin/../../../../../../../slc7_amd64_gcc820/lcg/root/6.14.09/include/TMatrixT.h:323:45: note: candidate: 'template<class Element> TMatrixT<Element> operator<(const TMatrixT<Element>&, const TMatrixTSym<Element>&)'
 template <class Element> TMatrixT<Element>  operator<  (const TMatrixT   <Element> &source1,const TMatrixTSym<Element> &source2);
                                             ^~~~~~~~
/cvmfs/cms.cern.ch/slc7_amd64_gcc820/cms/cmssw/CMSSW_10_6_4/external/slc7_amd64_gcc820/bin/../../../../../../../slc7_amd64_gcc820/lcg/root/6.14.09/include/TMatrixT.h:323:45: note:   template argument deduction/substitution failed:
src/JHAnalyzerBase.C:1001:37: note:   'const value_type' {aka 'const Muon'} is not derived from 'const TMatrixT<Element>'
   if(MuonCollection[v_muonidx[0]] < ptmin1) return {};
                                     ^~~~~~
In file included from /cvmfs/cms.cern.ch/slc7_amd64_gcc820/cms/cmssw/CMSSW_10_6_4/external/slc7_amd64_gcc820/bin/../../../../../../../slc7_amd64_gcc820/lcg/root/6.14.09/include/TMatrixF.h:20,
                 from /cvmfs/cms.cern.ch/slc7_amd64_gcc820/cms/cmssw/CMSSW_10_6_4/external/slc7_amd64_gcc820/bin/../../../../../../../slc7_amd64_gcc820/lcg/root/6.14.09/include/TMatrix.h:23,
                 from /cvmfs/cms.cern.ch/slc7_amd64_gcc820/cms/cmssw/CMSSW_10_6_4/external/slc7_amd64_gcc820/bin/../../../../../../../slc7_amd64_gcc820/lcg/root/6.14.09/include/TVector3.h:16,
                 from /cvmfs/cms.cern.ch/slc7_amd64_gcc820/cms/cmssw/CMSSW_10_6_4/external/slc7_amd64_gcc820/bin/../../../../../../../slc7_amd64_gcc820/lcg/root/6.14.09/include/TLorentzVector.h:25,
                 from include/AnalyzerCore.h:4,
                 from include/JHAnalyzerBase.h:4,
                 from src/JHAnalyzerBase.C:1:
/cvmfs/cms.cern.ch/slc7_amd64_gcc820/cms/cmssw/CMSSW_10_6_4/external/slc7_amd64_gcc820/bin/../../../../../../../slc7_amd64_gcc820/lcg/root/6.14.09/include/TMatrixT.h:324:45: note: candidate: 'template<class Element> TMatrixT<Element> operator<(const TMatrixTSym<Element>&, const TMatrixT<Element>&)'
 template <class Element> TMatrixT<Element>  operator<  (const TMatrixTSym<Element> &source1,const TMatrixT   <Element> &source2);
                                             ^~~~~~~~
/cvmfs/cms.cern.ch/slc7_amd64_gcc820/cms/cmssw/CMSSW_10_6_4/external/slc7_amd64_gcc820/bin/../../../../../../../slc7_amd64_gcc820/lcg/root/6.14.09/include/TMatrixT.h:324:45: note:   template argument deduction/substitution failed:
src/JHAnalyzerBase.C:1001:37: note:   'const value_type' {aka 'const Muon'} is not derived from 'const TMatrixTSym<Element>'
   if(MuonCollection[v_muonidx[0]] < ptmin1) return {};
                                     ^~~~~~
In file included from /cvmfs/cms.cern.ch/slc7_amd64_gcc820/cms/cmssw/CMSSW_10_6_4/external/slc7_amd64_gcc820/bin/../../../../../../../slc7_amd64_gcc820/lcg/root/6.14.09/include/TDirectory.h:27,
                 from /cvmfs/cms.cern.ch/slc7_amd64_gcc820/cms/cmssw/CMSSW_10_6_4/external/slc7_amd64_gcc820/bin/../../../../../../../slc7_amd64_gcc820/lcg/root/6.14.09/include/TROOT.h:28,
                 from include/SKFlatNtuple.h:4,
                 from include/AnalyzerCore.h:10,
                 from include/JHAnalyzerBase.h:4,
                 from src/JHAnalyzerBase.C:1:
/cvmfs/cms.cern.ch/slc7_amd64_gcc820/cms/cmssw/CMSSW_10_6_4/external/slc7_amd64_gcc820/bin/../../../../../../../slc7_amd64_gcc820/lcg/root/6.14.09/include/TDatime.h:106:15: note: candidate: 'Bool_t operator<(const TDatime&, const TDatime&)'
 inline Bool_t operator< (const TDatime &d1, const TDatime &d2)
               ^~~~~~~~
/cvmfs/cms.cern.ch/slc7_amd64_gcc820/cms/cmssw/CMSSW_10_6_4/external/slc7_amd64_gcc820/bin/../../../../../../../slc7_amd64_gcc820/lcg/root/6.14.09/include/TDatime.h:106:15: note:   no known conversion for argument 1 from 'const value_type' {aka 'const Muon'} to 'const TDatime&'
In file included from /cvmfs/cms.cern.ch/slc7_amd64_gcc820/cms/cmssw/CMSSW_10_6_4/external/slc7_amd64_gcc820/bin/../../../../../../../slc7_amd64_gcc820/lcg/root/6.14.09/include/TTimer.h:46,
                 from /cvmfs/cms.cern.ch/slc7_amd64_gcc820/cms/cmssw/CMSSW_10_6_4/external/slc7_amd64_gcc820/bin/../../../../../../../slc7_amd64_gcc820/lcg/root/6.14.09/include/TSystem.h:37,
                 from /data6/Users/jhchoi/SKFlatAnalyzers/test/ForTMVA/SKFlatAnalyzer/AnalyzerTools/include/MCCorrection.h:18,
                 from include/AnalyzerCore.h:25,
                 from include/JHAnalyzerBase.h:4,
                 from src/JHAnalyzerBase.C:1:
/cvmfs/cms.cern.ch/slc7_amd64_gcc820/cms/cmssw/CMSSW_10_6_4/external/slc7_amd64_gcc820/bin/../../../../../../../slc7_amd64_gcc820/lcg/root/6.14.09/include/TTime.h:94:15: note: candidate: 'Bool_t operator<(const TTime&, const TTime&)'
 inline Bool_t operator< (const TTime &t1, const TTime &t2)
               ^~~~~~~~
/cvmfs/cms.cern.ch/slc7_amd64_gcc820/cms/cmssw/CMSSW_10_6_4/external/slc7_amd64_gcc820/bin/../../../../../../../slc7_amd64_gcc820/lcg/root/6.14.09/include/TTime.h:94:15: note:   no known conversion for argument 1 from 'const value_type' {aka 'const Muon'} to 'const TTime&'
In file included from /cvmfs/cms.cern.ch/slc7_amd64_gcc820/external/gcc/8.2.0-pafccj/include/c++/8.3.1/bits/stl_algobase.h:64,
                 from /cvmfs/cms.cern.ch/slc7_amd64_gcc820/external/gcc/8.2.0-pafccj/include/c++/8.3.1/vector:60,
                 from /cvmfs/cms.cern.ch/slc7_amd64_gcc820/cms/cmssw/CMSSW_10_6_4/external/slc7_amd64_gcc820/bin/../../../../../../../slc7_amd64_gcc820/lcg/root/6.14.09/include/TGenericClassInfo.h:15,
                 from /cvmfs/cms.cern.ch/slc7_amd64_gcc820/cms/cmssw/CMSSW_10_6_4/external/slc7_amd64_gcc820/bin/../../../../../../../slc7_amd64_gcc820/lcg/root/6.14.09/include/Rtypes.h:188,
                 from /cvmfs/cms.cern.ch/slc7_amd64_gcc820/cms/cmssw/CMSSW_10_6_4/external/slc7_amd64_gcc820/bin/../../../../../../../slc7_amd64_gcc820/lcg/root/6.14.09/include/TMath.h:15,
                 from /cvmfs/cms.cern.ch/slc7_amd64_gcc820/cms/cmssw/CMSSW_10_6_4/external/slc7_amd64_gcc820/bin/../../../../../../../slc7_amd64_gcc820/lcg/root/6.14.09/include/TLorentzVector.h:24,
                 from include/AnalyzerCore.h:4,
                 from include/JHAnalyzerBase.h:4,
                 from src/JHAnalyzerBase.C:1:
/cvmfs/cms.cern.ch/slc7_amd64_gcc820/external/gcc/8.2.0-pafccj/include/c++/8.3.1/bits/stl_pair.h:454:5: note: candidate: 'template<class _T1, class _T2> constexpr bool std::operator<(const std::pair<_T1, _T2>&, const std::pair<_T1, _T2>&)'
     operator<(const pair<_T1, _T2>& __x, const pair<_T1, _T2>& __y)
     ^~~~~~~~
/cvmfs/cms.cern.ch/slc7_amd64_gcc820/external/gcc/8.2.0-pafccj/include/c++/8.3.1/bits/stl_pair.h:454:5: note:   template argument deduction/substitution failed:
src/JHAnalyzerBase.C:1001:37: note:   'const value_type' {aka 'const Muon'} is not derived from 'const std::pair<_T1, _T2>'
   if(MuonCollection[v_muonidx[0]] < ptmin1) return {};
                                     ^~~~~~
In file included from /cvmfs/cms.cern.ch/slc7_amd64_gcc820/external/gcc/8.2.0-pafccj/include/c++/8.3.1/bits/stl_algobase.h:67,
                 from /cvmfs/cms.cern.ch/slc7_amd64_gcc820/external/gcc/8.2.0-pafccj/include/c++/8.3.1/vector:60,
                 from /cvmfs/cms.cern.ch/slc7_amd64_gcc820/cms/cmssw/CMSSW_10_6_4/external/slc7_amd64_gcc820/bin/../../../../../../../slc7_amd64_gcc820/lcg/root/6.14.09/include/TGenericClassInfo.h:15,
                 from /cvmfs/cms.cern.ch/slc7_amd64_gcc820/cms/cmssw/CMSSW_10_6_4/external/slc7_amd64_gcc820/bin/../../../../../../../slc7_amd64_gcc820/lcg/root/6.14.09/include/Rtypes.h:188,
                 from /cvmfs/cms.cern.ch/slc7_amd64_gcc820/cms/cmssw/CMSSW_10_6_4/external/slc7_amd64_gcc820/bin/../../../../../../../slc7_amd64_gcc820/lcg/root/6.14.09/include/TMath.h:15,
                 from /cvmfs/cms.cern.ch/slc7_amd64_gcc820/cms/cmssw/CMSSW_10_6_4/external/slc7_amd64_gcc820/bin/../../../../../../../slc7_amd64_gcc820/lcg/root/6.14.09/include/TLorentzVector.h:24,
                 from include/AnalyzerCore.h:4,
                 from include/JHAnalyzerBase.h:4,
                 from src/JHAnalyzerBase.C:1:
/cvmfs/cms.cern.ch/slc7_amd64_gcc820/external/gcc/8.2.0-pafccj/include/c++/8.3.1/bits/stl_iterator.h:308:5: note: candidate: 'template<class _Iterator> constexpr bool std::operator<(const std::reverse_iterator<_Iterator>&, const std::reverse_iterator<_Iterator>&)'
     operator<(const reverse_iterator<_Iterator>& __x,
     ^~~~~~~~
/cvmfs/cms.cern.ch/slc7_amd64_gcc820/external/gcc/8.2.0-pafccj/include/c++/8.3.1/bits/stl_iterator.h:308:5: note:   template argument deduction/substitution failed:
src/JHAnalyzerBase.C:1001:37: note:   'const value_type' {aka 'const Muon'} is not derived from 'const std::reverse_iterator<_Iterator>'
   if(MuonCollection[v_muonidx[0]] < ptmin1) return {};
                                     ^~~~~~
In file included from /cvmfs/cms.cern.ch/slc7_amd64_gcc820/external/gcc/8.2.0-pafccj/include/c++/8.3.1/bits/stl_algobase.h:67,
                 from /cvmfs/cms.cern.ch/slc7_amd64_gcc820/external/gcc/8.2.0-pafccj/include/c++/8.3.1/vector:60,
                 from /cvmfs/cms.cern.ch/slc7_amd64_gcc820/cms/cmssw/CMSSW_10_6_4/external/slc7_amd64_gcc820/bin/../../../../../../../slc7_amd64_gcc820/lcg/root/6.14.09/include/TGenericClassInfo.h:15,
                 from /cvmfs/cms.cern.ch/slc7_amd64_gcc820/cms/cmssw/CMSSW_10_6_4/external/slc7_amd64_gcc820/bin/../../../../../../../slc7_amd64_gcc820/lcg/root/6.14.09/include/Rtypes.h:188,
                 from /cvmfs/cms.cern.ch/slc7_amd64_gcc820/cms/cmssw/CMSSW_10_6_4/external/slc7_amd64_gcc820/bin/../../../../../../../slc7_amd64_gcc820/lcg/root/6.14.09/include/TMath.h:15,
                 from /cvmfs/cms.cern.ch/slc7_amd64_gcc820/cms/cmssw/CMSSW_10_6_4/external/slc7_amd64_gcc820/bin/../../../../../../../slc7_amd64_gcc820/lcg/root/6.14.09/include/TLorentzVector.h:24,
                 from include/AnalyzerCore.h:4,
                 from include/JHAnalyzerBase.h:4,
                 from src/JHAnalyzerBase.C:1:
/cvmfs/cms.cern.ch/slc7_amd64_gcc820/external/gcc/8.2.0-pafccj/include/c++/8.3.1/bits/stl_iterator.h:346:5: note: candidate: 'template<class _IteratorL, class _IteratorR> constexpr bool std::operator<(const std::reverse_iterator<_Iterator>&, const std::reverse_iterator<_IteratorR>&)'
     operator<(const reverse_iterator<_IteratorL>& __x,
     ^~~~~~~~
/cvmfs/cms.cern.ch/slc7_amd64_gcc820/external/gcc/8.2.0-pafccj/include/c++/8.3.1/bits/stl_iterator.h:346:5: note:   template argument deduction/substitution failed:
src/JHAnalyzerBase.C:1001:37: note:   'const value_type' {aka 'const Muon'} is not derived from 'const std::reverse_iterator<_Iterator>'
   if(MuonCollection[v_muonidx[0]] < ptmin1) return {};
                                     ^~~~~~
In file included from /cvmfs/cms.cern.ch/slc7_amd64_gcc820/external/gcc/8.2.0-pafccj/include/c++/8.3.1/bits/stl_algobase.h:67,
                 from /cvmfs/cms.cern.ch/slc7_amd64_gcc820/external/gcc/8.2.0-pafccj/include/c++/8.3.1/vector:60,
                 from /cvmfs/cms.cern.ch/slc7_amd64_gcc820/cms/cmssw/CMSSW_10_6_4/external/slc7_amd64_gcc820/bin/../../../../../../../slc7_amd64_gcc820/lcg/root/6.14.09/include/TGenericClassInfo.h:15,
                 from /cvmfs/cms.cern.ch/slc7_amd64_gcc820/cms/cmssw/CMSSW_10_6_4/external/slc7_amd64_gcc820/bin/../../../../../../../slc7_amd64_gcc820/lcg/root/6.14.09/include/Rtypes.h:188,
                 from /cvmfs/cms.cern.ch/slc7_amd64_gcc820/cms/cmssw/CMSSW_10_6_4/external/slc7_amd64_gcc820/bin/../../../../../../../slc7_amd64_gcc820/lcg/root/6.14.09/include/TMath.h:15,
                 from /cvmfs/cms.cern.ch/slc7_amd64_gcc820/cms/cmssw/CMSSW_10_6_4/external/slc7_amd64_gcc820/bin/../../../../../../../slc7_amd64_gcc820/lcg/root/6.14.09/include/TLorentzVector.h:24,
                 from include/AnalyzerCore.h:4,
                 from include/JHAnalyzerBase.h:4,
                 from src/JHAnalyzerBase.C:1:
/cvmfs/cms.cern.ch/slc7_amd64_gcc820/external/gcc/8.2.0-pafccj/include/c++/8.3.1/bits/stl_iterator.h:1139:5: note: candidate: 'template<class _IteratorL, class _IteratorR> constexpr bool std::operator<(const std::move_iterator<_IteratorL>&, const std::move_iterator<_IteratorR>&)'
     operator<(const move_iterator<_IteratorL>& __x,
     ^~~~~~~~
/cvmfs/cms.cern.ch/slc7_amd64_gcc820/external/gcc/8.2.0-pafccj/include/c++/8.3.1/bits/stl_iterator.h:1139:5: note:   template argument deduction/substitution failed:
src/JHAnalyzerBase.C:1001:37: note:   'const value_type' {aka 'const Muon'} is not derived from 'const std::move_iterator<_IteratorL>'
   if(MuonCollection[v_muonidx[0]] < ptmin1) return {};
                                     ^~~~~~
In file included from /cvmfs/cms.cern.ch/slc7_amd64_gcc820/external/gcc/8.2.0-pafccj/include/c++/8.3.1/bits/stl_algobase.h:67,
                 from /cvmfs/cms.cern.ch/slc7_amd64_gcc820/external/gcc/8.2.0-pafccj/include/c++/8.3.1/vector:60,
                 from /cvmfs/cms.cern.ch/slc7_amd64_gcc820/cms/cmssw/CMSSW_10_6_4/external/slc7_amd64_gcc820/bin/../../../../../../../slc7_amd64_gcc820/lcg/root/6.14.09/include/TGenericClassInfo.h:15,
                 from /cvmfs/cms.cern.ch/slc7_amd64_gcc820/cms/cmssw/CMSSW_10_6_4/external/slc7_amd64_gcc820/bin/../../../../../../../slc7_amd64_gcc820/lcg/root/6.14.09/include/Rtypes.h:188,
                 from /cvmfs/cms.cern.ch/slc7_amd64_gcc820/cms/cmssw/CMSSW_10_6_4/external/slc7_amd64_gcc820/bin/../../../../../../../slc7_amd64_gcc820/lcg/root/6.14.09/include/TMath.h:15,
                 from /cvmfs/cms.cern.ch/slc7_amd64_gcc820/cms/cmssw/CMSSW_10_6_4/external/slc7_amd64_gcc820/bin/../../../../../../../slc7_amd64_gcc820/lcg/root/6.14.09/include/TLorentzVector.h:24,
                 from include/AnalyzerCore.h:4,
                 from include/JHAnalyzerBase.h:4,
                 from src/JHAnalyzerBase.C:1:
/cvmfs/cms.cern.ch/slc7_amd64_gcc820/external/gcc/8.2.0-pafccj/include/c++/8.3.1/bits/stl_iterator.h:1145:5: note: candidate: 'template<class _Iterator> constexpr bool std::operator<(const std::move_iterator<_IteratorL>&, const std::move_iterator<_IteratorL>&)'
     operator<(const move_iterator<_Iterator>& __x,
     ^~~~~~~~
/cvmfs/cms.cern.ch/slc7_amd64_gcc820/external/gcc/8.2.0-pafccj/include/c++/8.3.1/bits/stl_iterator.h:1145:5: note:   template argument deduction/substitution failed:
src/JHAnalyzerBase.C:1001:37: note:   'const value_type' {aka 'const Muon'} is not derived from 'const std::move_iterator<_IteratorL>'
   if(MuonCollection[v_muonidx[0]] < ptmin1) return {};
                                     ^~~~~~
In file included from /cvmfs/cms.cern.ch/slc7_amd64_gcc820/external/gcc/8.2.0-pafccj/include/c++/8.3.1/vector:64,
                 from /cvmfs/cms.cern.ch/slc7_amd64_gcc820/cms/cmssw/CMSSW_10_6_4/external/slc7_amd64_gcc820/bin/../../../../../../../slc7_amd64_gcc820/lcg/root/6.14.09/include/TGenericClassInfo.h:15,
                 from /cvmfs/cms.cern.ch/slc7_amd64_gcc820/cms/cmssw/CMSSW_10_6_4/external/slc7_amd64_gcc820/bin/../../../../../../../slc7_amd64_gcc820/lcg/root/6.14.09/include/Rtypes.h:188,
                 from /cvmfs/cms.cern.ch/slc7_amd64_gcc820/cms/cmssw/CMSSW_10_6_4/external/slc7_amd64_gcc820/bin/../../../../../../../slc7_amd64_gcc820/lcg/root/6.14.09/include/TMath.h:15,
                 from /cvmfs/cms.cern.ch/slc7_amd64_gcc820/cms/cmssw/CMSSW_10_6_4/external/slc7_amd64_gcc820/bin/../../../../../../../slc7_amd64_gcc820/lcg/root/6.14.09/include/TLorentzVector.h:24,
                 from include/AnalyzerCore.h:4,
                 from include/JHAnalyzerBase.h:4,
                 from src/JHAnalyzerBase.C:1:
/cvmfs/cms.cern.ch/slc7_amd64_gcc820/external/gcc/8.2.0-pafccj/include/c++/8.3.1/bits/stl_vector.h:1770:5: note: candidate: 'template<class _Tp, class _Alloc> bool std::operator<(const std::vector<_Tp, _Alloc>&, const std::vector<_Tp, _Alloc>&)'
     operator<(const vector<_Tp, _Alloc>& __x, const vector<_Tp, _Alloc>& __y)
     ^~~~~~~~
/cvmfs/cms.cern.ch/slc7_amd64_gcc820/external/gcc/8.2.0-pafccj/include/c++/8.3.1/bits/stl_vector.h:1770:5: note:   template argument deduction/substitution failed:
src/JHAnalyzerBase.C:1001:37: note:   'const value_type' {aka 'const Muon'} is not derived from 'const std::vector<_Tp, _Alloc>'
   if(MuonCollection[v_muonidx[0]] < ptmin1) return {};
                                     ^~~~~~
In file included from /cvmfs/cms.cern.ch/slc7_amd64_gcc820/external/gcc/8.2.0-pafccj/include/c++/8.3.1/bits/basic_string.h:48,
                 from /cvmfs/cms.cern.ch/slc7_amd64_gcc820/external/gcc/8.2.0-pafccj/include/c++/8.3.1/string:52,
                 from /cvmfs/cms.cern.ch/slc7_amd64_gcc820/cms/cmssw/CMSSW_10_6_4/external/slc7_amd64_gcc820/bin/../../../../../../../slc7_amd64_gcc820/lcg/root/6.14.09/include/TSchemaHelper.h:17,
                 from /cvmfs/cms.cern.ch/slc7_amd64_gcc820/cms/cmssw/CMSSW_10_6_4/external/slc7_amd64_gcc820/bin/../../../../../../../slc7_amd64_gcc820/lcg/root/6.14.09/include/TGenericClassInfo.h:16,
                 from /cvmfs/cms.cern.ch/slc7_amd64_gcc820/cms/cmssw/CMSSW_10_6_4/external/slc7_amd64_gcc820/bin/../../../../../../../slc7_amd64_gcc820/lcg/root/6.14.09/include/Rtypes.h:188,
                 from /cvmfs/cms.cern.ch/slc7_amd64_gcc820/cms/cmssw/CMSSW_10_6_4/external/slc7_amd64_gcc820/bin/../../../../../../../slc7_amd64_gcc820/lcg/root/6.14.09/include/TMath.h:15,
                 from /cvmfs/cms.cern.ch/slc7_amd64_gcc820/cms/cmssw/CMSSW_10_6_4/external/slc7_amd64_gcc820/bin/../../../../../../../slc7_amd64_gcc820/lcg/root/6.14.09/include/TLorentzVector.h:24,
                 from include/AnalyzerCore.h:4,
                 from include/JHAnalyzerBase.h:4,
                 from src/JHAnalyzerBase.C:1:
/cvmfs/cms.cern.ch/slc7_amd64_gcc820/external/gcc/8.2.0-pafccj/include/c++/8.3.1/string_view:472:5: note: candidate: 'template<class _CharT, class _Traits> constexpr bool std::operator<(std::basic_string_view<_CharT, _Traits>, std::basic_string_view<_CharT, _Traits>)'
     operator< (basic_string_view<_CharT, _Traits> __x,
     ^~~~~~~~
/cvmfs/cms.cern.ch/slc7_amd64_gcc820/external/gcc/8.2.0-pafccj/include/c++/8.3.1/string_view:472:5: note:   template argument deduction/substitution failed:
src/JHAnalyzerBase.C:1001:37: note:   'Muon' is not derived from 'std::basic_string_view<_CharT, _Traits>'
   if(MuonCollection[v_muonidx[0]] < ptmin1) return {};
                                     ^~~~~~
In file included from /cvmfs/cms.cern.ch/slc7_amd64_gcc820/external/gcc/8.2.0-pafccj/include/c++/8.3.1/bits/basic_string.h:48,
                 from /cvmfs/cms.cern.ch/slc7_amd64_gcc820/external/gcc/8.2.0-pafccj/include/c++/8.3.1/string:52,
                 from /cvmfs/cms.cern.ch/slc7_amd64_gcc820/cms/cmssw/CMSSW_10_6_4/external/slc7_amd64_gcc820/bin/../../../../../../../slc7_amd64_gcc820/lcg/root/6.14.09/include/TSchemaHelper.h:17,
                 from /cvmfs/cms.cern.ch/slc7_amd64_gcc820/cms/cmssw/CMSSW_10_6_4/external/slc7_amd64_gcc820/bin/../../../../../../../slc7_amd64_gcc820/lcg/root/6.14.09/include/TGenericClassInfo.h:16,
                 from /cvmfs/cms.cern.ch/slc7_amd64_gcc820/cms/cmssw/CMSSW_10_6_4/external/slc7_amd64_gcc820/bin/../../../../../../../slc7_amd64_gcc820/lcg/root/6.14.09/include/Rtypes.h:188,
                 from /cvmfs/cms.cern.ch/slc7_amd64_gcc820/cms/cmssw/CMSSW_10_6_4/external/slc7_amd64_gcc820/bin/../../../../../../../slc7_amd64_gcc820/lcg/root/6.14.09/include/TMath.h:15,
                 from /cvmfs/cms.cern.ch/slc7_amd64_gcc820/cms/cmssw/CMSSW_10_6_4/external/slc7_amd64_gcc820/bin/../../../../../../../slc7_amd64_gcc820/lcg/root/6.14.09/include/TLorentzVector.h:24,
                 from include/AnalyzerCore.h:4,
                 from include/JHAnalyzerBase.h:4,
                 from src/JHAnalyzerBase.C:1:
/cvmfs/cms.cern.ch/slc7_amd64_gcc820/external/gcc/8.2.0-pafccj/include/c++/8.3.1/string_view:478:5: note: candidate: 'template<class _CharT, class _Traits> constexpr bool std::operator<(std::basic_string_view<_CharT, _Traits>, std::__detail::__idt<std::basic_string_view<_CharT, _Traits> >)'
     operator< (basic_string_view<_CharT, _Traits> __x,
     ^~~~~~~~
/cvmfs/cms.cern.ch/slc7_amd64_gcc820/external/gcc/8.2.0-pafccj/include/c++/8.3.1/string_view:478:5: note:   template argument deduction/substitution failed:
src/JHAnalyzerBase.C:1001:37: note:   'Muon' is not derived from 'std::basic_string_view<_CharT, _Traits>'
   if(MuonCollection[v_muonidx[0]] < ptmin1) return {};
                                     ^~~~~~
In file included from /cvmfs/cms.cern.ch/slc7_amd64_gcc820/external/gcc/8.2.0-pafccj/include/c++/8.3.1/bits/basic_string.h:48,
                 from /cvmfs/cms.cern.ch/slc7_amd64_gcc820/external/gcc/8.2.0-pafccj/include/c++/8.3.1/string:52,
                 from /cvmfs/cms.cern.ch/slc7_amd64_gcc820/cms/cmssw/CMSSW_10_6_4/external/slc7_amd64_gcc820/bin/../../../../../../../slc7_amd64_gcc820/lcg/root/6.14.09/include/TSchemaHelper.h:17,
                 from /cvmfs/cms.cern.ch/slc7_amd64_gcc820/cms/cmssw/CMSSW_10_6_4/external/slc7_amd64_gcc820/bin/../../../../../../../slc7_amd64_gcc820/lcg/root/6.14.09/include/TGenericClassInfo.h:16,
                 from /cvmfs/cms.cern.ch/slc7_amd64_gcc820/cms/cmssw/CMSSW_10_6_4/external/slc7_amd64_gcc820/bin/../../../../../../../slc7_amd64_gcc820/lcg/root/6.14.09/include/Rtypes.h:188,
                 from /cvmfs/cms.cern.ch/slc7_amd64_gcc820/cms/cmssw/CMSSW_10_6_4/external/slc7_amd64_gcc820/bin/../../../../../../../slc7_amd64_gcc820/lcg/root/6.14.09/include/TMath.h:15,
                 from /cvmfs/cms.cern.ch/slc7_amd64_gcc820/cms/cmssw/CMSSW_10_6_4/external/slc7_amd64_gcc820/bin/../../../../../../../slc7_amd64_gcc820/lcg/root/6.14.09/include/TLorentzVector.h:24,
                 from include/AnalyzerCore.h:4,
                 from include/JHAnalyzerBase.h:4,
                 from src/JHAnalyzerBase.C:1:
/cvmfs/cms.cern.ch/slc7_amd64_gcc820/external/gcc/8.2.0-pafccj/include/c++/8.3.1/string_view:484:5: note: candidate: 'template<class _CharT, class _Traits> constexpr bool std::operator<(std::__detail::__idt<std::basic_string_view<_CharT, _Traits> >, std::basic_string_view<_CharT, _Traits>)'
     operator< (__detail::__idt<basic_string_view<_CharT, _Traits>> __x,
     ^~~~~~~~
/cvmfs/cms.cern.ch/slc7_amd64_gcc820/external/gcc/8.2.0-pafccj/include/c++/8.3.1/string_view:484:5: note:   template argument deduction/substitution failed:
src/JHAnalyzerBase.C:1001:37: note:   mismatched types 'std::basic_string_view<_CharT, _Traits>' and 'double'
   if(MuonCollection[v_muonidx[0]] < ptmin1) return {};
                                     ^~~~~~
In file included from /cvmfs/cms.cern.ch/slc7_amd64_gcc820/external/gcc/8.2.0-pafccj/include/c++/8.3.1/string:52,
                 from /cvmfs/cms.cern.ch/slc7_amd64_gcc820/cms/cmssw/CMSSW_10_6_4/external/slc7_amd64_gcc820/bin/../../../../../../../slc7_amd64_gcc820/lcg/root/6.14.09/include/TSchemaHelper.h:17,
                 from /cvmfs/cms.cern.ch/slc7_amd64_gcc820/cms/cmssw/CMSSW_10_6_4/external/slc7_amd64_gcc820/bin/../../../../../../../slc7_amd64_gcc820/lcg/root/6.14.09/include/TGenericClassInfo.h:16,
                 from /cvmfs/cms.cern.ch/slc7_amd64_gcc820/cms/cmssw/CMSSW_10_6_4/external/slc7_amd64_gcc820/bin/../../../../../../../slc7_amd64_gcc820/lcg/root/6.14.09/include/Rtypes.h:188,
                 from /cvmfs/cms.cern.ch/slc7_amd64_gcc820/cms/cmssw/CMSSW_10_6_4/external/slc7_amd64_gcc820/bin/../../../../../../../slc7_amd64_gcc820/lcg/root/6.14.09/include/TMath.h:15,
                 from /cvmfs/cms.cern.ch/slc7_amd64_gcc820/cms/cmssw/CMSSW_10_6_4/external/slc7_amd64_gcc820/bin/../../../../../../../slc7_amd64_gcc820/lcg/root/6.14.09/include/TLorentzVector.h:24,
                 from include/AnalyzerCore.h:4,
                 from include/JHAnalyzerBase.h:4,
                 from src/JHAnalyzerBase.C:1:
/cvmfs/cms.cern.ch/slc7_amd64_gcc820/external/gcc/8.2.0-pafccj/include/c++/8.3.1/bits/basic_string.h:6133:5: note: candidate: 'template<class _CharT, class _Traits, class _Alloc> bool std::operator<(const std::__cxx11::basic_string<_CharT, _Traits, _Allocator>&, const std::__cxx11::basic_string<_CharT, _Traits, _Allocator>&)'
     operator<(const basic_string<_CharT, _Traits, _Alloc>& __lhs,
     ^~~~~~~~
/cvmfs/cms.cern.ch/slc7_amd64_gcc820/external/gcc/8.2.0-pafccj/include/c++/8.3.1/bits/basic_string.h:6133:5: note:   template argument deduction/substitution failed:
src/JHAnalyzerBase.C:1001:37: note:   'const value_type' {aka 'const Muon'} is not derived from 'const std::__cxx11::basic_string<_CharT, _Traits, _Allocator>'
   if(MuonCollection[v_muonidx[0]] < ptmin1) return {};
                                     ^~~~~~
In file included from /cvmfs/cms.cern.ch/slc7_amd64_gcc820/external/gcc/8.2.0-pafccj/include/c++/8.3.1/string:52,
                 from /cvmfs/cms.cern.ch/slc7_amd64_gcc820/cms/cmssw/CMSSW_10_6_4/external/slc7_amd64_gcc820/bin/../../../../../../../slc7_amd64_gcc820/lcg/root/6.14.09/include/TSchemaHelper.h:17,
                 from /cvmfs/cms.cern.ch/slc7_amd64_gcc820/cms/cmssw/CMSSW_10_6_4/external/slc7_amd64_gcc820/bin/../../../../../../../slc7_amd64_gcc820/lcg/root/6.14.09/include/TGenericClassInfo.h:16,
                 from /cvmfs/cms.cern.ch/slc7_amd64_gcc820/cms/cmssw/CMSSW_10_6_4/external/slc7_amd64_gcc820/bin/../../../../../../../slc7_amd64_gcc820/lcg/root/6.14.09/include/Rtypes.h:188,
                 from /cvmfs/cms.cern.ch/slc7_amd64_gcc820/cms/cmssw/CMSSW_10_6_4/external/slc7_amd64_gcc820/bin/../../../../../../../slc7_amd64_gcc820/lcg/root/6.14.09/include/TMath.h:15,
                 from /cvmfs/cms.cern.ch/slc7_amd64_gcc820/cms/cmssw/CMSSW_10_6_4/external/slc7_amd64_gcc820/bin/../../../../../../../slc7_amd64_gcc820/lcg/root/6.14.09/include/TLorentzVector.h:24,
                 from include/AnalyzerCore.h:4,
                 from include/JHAnalyzerBase.h:4,
                 from src/JHAnalyzerBase.C:1:
/cvmfs/cms.cern.ch/slc7_amd64_gcc820/external/gcc/8.2.0-pafccj/include/c++/8.3.1/bits/basic_string.h:6146:5: note: candidate: 'template<class _CharT, class _Traits, class _Alloc> bool std::operator<(const std::__cxx11::basic_string<_CharT, _Traits, _Allocator>&, const _CharT*)'
     operator<(const basic_string<_CharT, _Traits, _Alloc>& __lhs,
     ^~~~~~~~
/cvmfs/cms.cern.ch/slc7_amd64_gcc820/external/gcc/8.2.0-pafccj/include/c++/8.3.1/bits/basic_string.h:6146:5: note:   template argument deduction/substitution failed:
src/JHAnalyzerBase.C:1001:37: note:   'const value_type' {aka 'const Muon'} is not derived from 'const std::__cxx11::basic_string<_CharT, _Traits, _Allocator>'
   if(MuonCollection[v_muonidx[0]] < ptmin1) return {};
                                     ^~~~~~
In file included from /cvmfs/cms.cern.ch/slc7_amd64_gcc820/external/gcc/8.2.0-pafccj/include/c++/8.3.1/string:52,
                 from /cvmfs/cms.cern.ch/slc7_amd64_gcc820/cms/cmssw/CMSSW_10_6_4/external/slc7_amd64_gcc820/bin/../../../../../../../slc7_amd64_gcc820/lcg/root/6.14.09/include/TSchemaHelper.h:17,
                 from /cvmfs/cms.cern.ch/slc7_amd64_gcc820/cms/cmssw/CMSSW_10_6_4/external/slc7_amd64_gcc820/bin/../../../../../../../slc7_amd64_gcc820/lcg/root/6.14.09/include/TGenericClassInfo.h:16,
                 from /cvmfs/cms.cern.ch/slc7_amd64_gcc820/cms/cmssw/CMSSW_10_6_4/external/slc7_amd64_gcc820/bin/../../../../../../../slc7_amd64_gcc820/lcg/root/6.14.09/include/Rtypes.h:188,
                 from /cvmfs/cms.cern.ch/slc7_amd64_gcc820/cms/cmssw/CMSSW_10_6_4/external/slc7_amd64_gcc820/bin/../../../../../../../slc7_amd64_gcc820/lcg/root/6.14.09/include/TMath.h:15,
                 from /cvmfs/cms.cern.ch/slc7_amd64_gcc820/cms/cmssw/CMSSW_10_6_4/external/slc7_amd64_gcc820/bin/../../../../../../../slc7_amd64_gcc820/lcg/root/6.14.09/include/TLorentzVector.h:24,
                 from include/AnalyzerCore.h:4,
                 from include/JHAnalyzerBase.h:4,
                 from src/JHAnalyzerBase.C:1:
/cvmfs/cms.cern.ch/slc7_amd64_gcc820/external/gcc/8.2.0-pafccj/include/c++/8.3.1/bits/basic_string.h:6158:5: note: candidate: 'template<class _CharT, class _Traits, class _Alloc> bool std::operator<(const _CharT*, const std::__cxx11::basic_string<_CharT, _Traits, _Allocator>&)'
     operator<(const _CharT* __lhs,
     ^~~~~~~~
/cvmfs/cms.cern.ch/slc7_amd64_gcc820/external/gcc/8.2.0-pafccj/include/c++/8.3.1/bits/basic_string.h:6158:5: note:   template argument deduction/substitution failed:
src/JHAnalyzerBase.C:1001:37: note:   mismatched types 'const _CharT*' and 'Muon'
   if(MuonCollection[v_muonidx[0]] < ptmin1) return {};
                                     ^~~~~~
In file included from /cvmfs/cms.cern.ch/slc7_amd64_gcc820/external/gcc/8.2.0-pafccj/include/c++/8.3.1/tuple:39,
                 from /cvmfs/cms.cern.ch/slc7_amd64_gcc820/external/gcc/8.2.0-pafccj/include/c++/8.3.1/bits/unique_ptr.h:37,
                 from /cvmfs/cms.cern.ch/slc7_amd64_gcc820/external/gcc/8.2.0-pafccj/include/c++/8.3.1/memory:80,
                 from /cvmfs/cms.cern.ch/slc7_amd64_gcc820/cms/cmssw/CMSSW_10_6_4/external/slc7_amd64_gcc820/bin/../../../../../../../slc7_amd64_gcc820/lcg/root/6.14.09/include/ROOT/TypeTraits.hxx:15,
                 from /cvmfs/cms.cern.ch/slc7_amd64_gcc820/cms/cmssw/CMSSW_10_6_4/external/slc7_amd64_gcc820/bin/../../../../../../../slc7_amd64_gcc820/lcg/root/6.14.09/include/TString.h:29,
                 from /cvmfs/cms.cern.ch/slc7_amd64_gcc820/cms/cmssw/CMSSW_10_6_4/external/slc7_amd64_gcc820/bin/../../../../../../../slc7_amd64_gcc820/lcg/root/6.14.09/include/TNamed.h:26,
                 from /cvmfs/cms.cern.ch/slc7_amd64_gcc820/cms/cmssw/CMSSW_10_6_4/external/slc7_amd64_gcc820/bin/../../../../../../../slc7_amd64_gcc820/lcg/root/6.14.09/include/TMatrixTBase.h:70,
                 from /cvmfs/cms.cern.ch/slc7_amd64_gcc820/cms/cmssw/CMSSW_10_6_4/external/slc7_amd64_gcc820/bin/../../../../../../../slc7_amd64_gcc820/lcg/root/6.14.09/include/TMatrixT.h:23,
                 from /cvmfs/cms.cern.ch/slc7_amd64_gcc820/cms/cmssw/CMSSW_10_6_4/external/slc7_amd64_gcc820/bin/../../../../../../../slc7_amd64_gcc820/lcg/root/6.14.09/include/TMatrixF.h:20,
                 from /cvmfs/cms.cern.ch/slc7_amd64_gcc820/cms/cmssw/CMSSW_10_6_4/external/slc7_amd64_gcc820/bin/../../../../../../../slc7_amd64_gcc820/lcg/root/6.14.09/include/TMatrix.h:23,
                 from /cvmfs/cms.cern.ch/slc7_amd64_gcc820/cms/cmssw/CMSSW_10_6_4/external/slc7_amd64_gcc820/bin/../../../../../../../slc7_amd64_gcc820/lcg/root/6.14.09/include/TVector3.h:16,
                 from /cvmfs/cms.cern.ch/slc7_amd64_gcc820/cms/cmssw/CMSSW_10_6_4/external/slc7_amd64_gcc820/bin/../../../../../../../slc7_amd64_gcc820/lcg/root/6.14.09/include/TLorentzVector.h:25,
                 from include/AnalyzerCore.h:4,
                 from include/JHAnalyzerBase.h:4,
                 from src/JHAnalyzerBase.C:1:
/cvmfs/cms.cern.ch/slc7_amd64_gcc820/external/gcc/8.2.0-pafccj/include/c++/8.3.1/array:262:5: note: candidate: 'template<class _Tp, long unsigned int _Nm> bool std::operator<(const std::array<_Tp, _Nm>&, const std::array<_Tp, _Nm>&)'
     operator<(const array<_Tp, _Nm>& __a, const array<_Tp, _Nm>& __b)
     ^~~~~~~~
/cvmfs/cms.cern.ch/slc7_amd64_gcc820/external/gcc/8.2.0-pafccj/include/c++/8.3.1/array:262:5: note:   template argument deduction/substitution failed:
src/JHAnalyzerBase.C:1001:37: note:   'const value_type' {aka 'const Muon'} is not derived from 'const std::array<_Tp, _Nm>'
   if(MuonCollection[v_muonidx[0]] < ptmin1) return {};
                                     ^~~~~~
In file included from /cvmfs/cms.cern.ch/slc7_amd64_gcc820/external/gcc/8.2.0-pafccj/include/c++/8.3.1/bits/unique_ptr.h:37,
                 from /cvmfs/cms.cern.ch/slc7_amd64_gcc820/external/gcc/8.2.0-pafccj/include/c++/8.3.1/memory:80,
                 from /cvmfs/cms.cern.ch/slc7_amd64_gcc820/cms/cmssw/CMSSW_10_6_4/external/slc7_amd64_gcc820/bin/../../../../../../../slc7_amd64_gcc820/lcg/root/6.14.09/include/ROOT/TypeTraits.hxx:15,
                 from /cvmfs/cms.cern.ch/slc7_amd64_gcc820/cms/cmssw/CMSSW_10_6_4/external/slc7_amd64_gcc820/bin/../../../../../../../slc7_amd64_gcc820/lcg/root/6.14.09/include/TString.h:29,
                 from /cvmfs/cms.cern.ch/slc7_amd64_gcc820/cms/cmssw/CMSSW_10_6_4/external/slc7_amd64_gcc820/bin/../../../../../../../slc7_amd64_gcc820/lcg/root/6.14.09/include/TNamed.h:26,
                 from /cvmfs/cms.cern.ch/slc7_amd64_gcc820/cms/cmssw/CMSSW_10_6_4/external/slc7_amd64_gcc820/bin/../../../../../../../slc7_amd64_gcc820/lcg/root/6.14.09/include/TMatrixTBase.h:70,
                 from /cvmfs/cms.cern.ch/slc7_amd64_gcc820/cms/cmssw/CMSSW_10_6_4/external/slc7_amd64_gcc820/bin/../../../../../../../slc7_amd64_gcc820/lcg/root/6.14.09/include/TMatrixT.h:23,
                 from /cvmfs/cms.cern.ch/slc7_amd64_gcc820/cms/cmssw/CMSSW_10_6_4/external/slc7_amd64_gcc820/bin/../../../../../../../slc7_amd64_gcc820/lcg/root/6.14.09/include/TMatrixF.h:20,
                 from /cvmfs/cms.cern.ch/slc7_amd64_gcc820/cms/cmssw/CMSSW_10_6_4/external/slc7_amd64_gcc820/bin/../../../../../../../slc7_amd64_gcc820/lcg/root/6.14.09/include/TMatrix.h:23,
                 from /cvmfs/cms.cern.ch/slc7_amd64_gcc820/cms/cmssw/CMSSW_10_6_4/external/slc7_amd64_gcc820/bin/../../../../../../../slc7_amd64_gcc820/lcg/root/6.14.09/include/TVector3.h:16,
                 from /cvmfs/cms.cern.ch/slc7_amd64_gcc820/cms/cmssw/CMSSW_10_6_4/external/slc7_amd64_gcc820/bin/../../../../../../../slc7_amd64_gcc820/lcg/root/6.14.09/include/TLorentzVector.h:25,
                 from include/AnalyzerCore.h:4,
                 from include/JHAnalyzerBase.h:4,
                 from src/JHAnalyzerBase.C:1:
/cvmfs/cms.cern.ch/slc7_amd64_gcc820/external/gcc/8.2.0-pafccj/include/c++/8.3.1/tuple:1426:5: note: candidate: 'template<class ... _TElements, class ... _UElements> constexpr bool std::operator<(const std::tuple<_Tps ...>&, const std::tuple<_Elements ...>&)'
     operator<(const tuple<_TElements...>& __t,
     ^~~~~~~~
/cvmfs/cms.cern.ch/slc7_amd64_gcc820/external/gcc/8.2.0-pafccj/include/c++/8.3.1/tuple:1426:5: note:   template argument deduction/substitution failed:
src/JHAnalyzerBase.C:1001:37: note:   'const value_type' {aka 'const Muon'} is not derived from 'const std::tuple<_Tps ...>'
   if(MuonCollection[v_muonidx[0]] < ptmin1) return {};
                                     ^~~~~~
In file included from /cvmfs/cms.cern.ch/slc7_amd64_gcc820/external/gcc/8.2.0-pafccj/include/c++/8.3.1/memory:80,
                 from /cvmfs/cms.cern.ch/slc7_amd64_gcc820/cms/cmssw/CMSSW_10_6_4/external/slc7_amd64_gcc820/bin/../../../../../../../slc7_amd64_gcc820/lcg/root/6.14.09/include/ROOT/TypeTraits.hxx:15,
                 from /cvmfs/cms.cern.ch/slc7_amd64_gcc820/cms/cmssw/CMSSW_10_6_4/external/slc7_amd64_gcc820/bin/../../../../../../../slc7_amd64_gcc820/lcg/root/6.14.09/include/TString.h:29,
                 from /cvmfs/cms.cern.ch/slc7_amd64_gcc820/cms/cmssw/CMSSW_10_6_4/external/slc7_amd64_gcc820/bin/../../../../../../../slc7_amd64_gcc820/lcg/root/6.14.09/include/TNamed.h:26,
                 from /cvmfs/cms.cern.ch/slc7_amd64_gcc820/cms/cmssw/CMSSW_10_6_4/external/slc7_amd64_gcc820/bin/../../../../../../../slc7_amd64_gcc820/lcg/root/6.14.09/include/TMatrixTBase.h:70,
                 from /cvmfs/cms.cern.ch/slc7_amd64_gcc820/cms/cmssw/CMSSW_10_6_4/external/slc7_amd64_gcc820/bin/../../../../../../../slc7_amd64_gcc820/lcg/root/6.14.09/include/TMatrixT.h:23,
                 from /cvmfs/cms.cern.ch/slc7_amd64_gcc820/cms/cmssw/CMSSW_10_6_4/external/slc7_amd64_gcc820/bin/../../../../../../../slc7_amd64_gcc820/lcg/root/6.14.09/include/TMatrixF.h:20,
                 from /cvmfs/cms.cern.ch/slc7_amd64_gcc820/cms/cmssw/CMSSW_10_6_4/external/slc7_amd64_gcc820/bin/../../../../../../../slc7_amd64_gcc820/lcg/root/6.14.09/include/TMatrix.h:23,
                 from /cvmfs/cms.cern.ch/slc7_amd64_gcc820/cms/cmssw/CMSSW_10_6_4/external/slc7_amd64_gcc820/bin/../../../../../../../slc7_amd64_gcc820/lcg/root/6.14.09/include/TVector3.h:16,
                 from /cvmfs/cms.cern.ch/slc7_amd64_gcc820/cms/cmssw/CMSSW_10_6_4/external/slc7_amd64_gcc820/bin/../../../../../../../slc7_amd64_gcc820/lcg/root/6.14.09/include/TLorentzVector.h:25,
                 from include/AnalyzerCore.h:4,
                 from include/JHAnalyzerBase.h:4,
                 from src/JHAnalyzerBase.C:1:
/cvmfs/cms.cern.ch/slc7_amd64_gcc820/external/gcc/8.2.0-pafccj/include/c++/8.3.1/bits/unique_ptr.h:723:5: note: candidate: 'template<class _Tp, class _Dp, class _Up, class _Ep> bool std::operator<(const std::unique_ptr<_Tp, _Dp>&, const std::unique_ptr<_Up, _Ep>&)'
     operator<(const unique_ptr<_Tp, _Dp>& __x,
     ^~~~~~~~
/cvmfs/cms.cern.ch/slc7_amd64_gcc820/external/gcc/8.2.0-pafccj/include/c++/8.3.1/bits/unique_ptr.h:723:5: note:   template argument deduction/substitution failed:
src/JHAnalyzerBase.C:1001:37: note:   'const value_type' {aka 'const Muon'} is not derived from 'const std::unique_ptr<_Tp, _Dp>'
   if(MuonCollection[v_muonidx[0]] < ptmin1) return {};
                                     ^~~~~~
In file included from /cvmfs/cms.cern.ch/slc7_amd64_gcc820/external/gcc/8.2.0-pafccj/include/c++/8.3.1/memory:80,
                 from /cvmfs/cms.cern.ch/slc7_amd64_gcc820/cms/cmssw/CMSSW_10_6_4/external/slc7_amd64_gcc820/bin/../../../../../../../slc7_amd64_gcc820/lcg/root/6.14.09/include/ROOT/TypeTraits.hxx:15,
                 from /cvmfs/cms.cern.ch/slc7_amd64_gcc820/cms/cmssw/CMSSW_10_6_4/external/slc7_amd64_gcc820/bin/../../../../../../../slc7_amd64_gcc820/lcg/root/6.14.09/include/TString.h:29,
                 from /cvmfs/cms.cern.ch/slc7_amd64_gcc820/cms/cmssw/CMSSW_10_6_4/external/slc7_amd64_gcc820/bin/../../../../../../../slc7_amd64_gcc820/lcg/root/6.14.09/include/TNamed.h:26,
                 from /cvmfs/cms.cern.ch/slc7_amd64_gcc820/cms/cmssw/CMSSW_10_6_4/external/slc7_amd64_gcc820/bin/../../../../../../../slc7_amd64_gcc820/lcg/root/6.14.09/include/TMatrixTBase.h:70,
                 from /cvmfs/cms.cern.ch/slc7_amd64_gcc820/cms/cmssw/CMSSW_10_6_4/external/slc7_amd64_gcc820/bin/../../../../../../../slc7_amd64_gcc820/lcg/root/6.14.09/include/TMatrixT.h:23,
                 from /cvmfs/cms.cern.ch/slc7_amd64_gcc820/cms/cmssw/CMSSW_10_6_4/external/slc7_amd64_gcc820/bin/../../../../../../../slc7_amd64_gcc820/lcg/root/6.14.09/include/TMatrixF.h:20,
                 from /cvmfs/cms.cern.ch/slc7_amd64_gcc820/cms/cmssw/CMSSW_10_6_4/external/slc7_amd64_gcc820/bin/../../../../../../../slc7_amd64_gcc820/lcg/root/6.14.09/include/TMatrix.h:23,
                 from /cvmfs/cms.cern.ch/slc7_amd64_gcc820/cms/cmssw/CMSSW_10_6_4/external/slc7_amd64_gcc820/bin/../../../../../../../slc7_amd64_gcc820/lcg/root/6.14.09/include/TVector3.h:16,
                 from /cvmfs/cms.cern.ch/slc7_amd64_gcc820/cms/cmssw/CMSSW_10_6_4/external/slc7_amd64_gcc820/bin/../../../../../../../slc7_amd64_gcc820/lcg/root/6.14.09/include/TLorentzVector.h:25,
                 from include/AnalyzerCore.h:4,
                 from include/JHAnalyzerBase.h:4,
                 from src/JHAnalyzerBase.C:1:
/cvmfs/cms.cern.ch/slc7_amd64_gcc820/external/gcc/8.2.0-pafccj/include/c++/8.3.1/bits/unique_ptr.h:734:5: note: candidate: 'template<class _Tp, class _Dp> bool std::operator<(const std::unique_ptr<_Tp, _Dp>&, std::nullptr_t)'
     operator<(const unique_ptr<_Tp, _Dp>& __x, nullptr_t)
     ^~~~~~~~
/cvmfs/cms.cern.ch/slc7_amd64_gcc820/external/gcc/8.2.0-pafccj/include/c++/8.3.1/bits/unique_ptr.h:734:5: note:   template argument deduction/substitution failed:
src/JHAnalyzerBase.C:1001:37: note:   'const value_type' {aka 'const Muon'} is not derived from 'const std::unique_ptr<_Tp, _Dp>'
   if(MuonCollection[v_muonidx[0]] < ptmin1) return {};
                                     ^~~~~~
In file included from /cvmfs/cms.cern.ch/slc7_amd64_gcc820/external/gcc/8.2.0-pafccj/include/c++/8.3.1/memory:80,
                 from /cvmfs/cms.cern.ch/slc7_amd64_gcc820/cms/cmssw/CMSSW_10_6_4/external/slc7_amd64_gcc820/bin/../../../../../../../slc7_amd64_gcc820/lcg/root/6.14.09/include/ROOT/TypeTraits.hxx:15,
                 from /cvmfs/cms.cern.ch/slc7_amd64_gcc820/cms/cmssw/CMSSW_10_6_4/external/slc7_amd64_gcc820/bin/../../../../../../../slc7_amd64_gcc820/lcg/root/6.14.09/include/TString.h:29,
                 from /cvmfs/cms.cern.ch/slc7_amd64_gcc820/cms/cmssw/CMSSW_10_6_4/external/slc7_amd64_gcc820/bin/../../../../../../../slc7_amd64_gcc820/lcg/root/6.14.09/include/TNamed.h:26,
                 from /cvmfs/cms.cern.ch/slc7_amd64_gcc820/cms/cmssw/CMSSW_10_6_4/external/slc7_amd64_gcc820/bin/../../../../../../../slc7_amd64_gcc820/lcg/root/6.14.09/include/TMatrixTBase.h:70,
                 from /cvmfs/cms.cern.ch/slc7_amd64_gcc820/cms/cmssw/CMSSW_10_6_4/external/slc7_amd64_gcc820/bin/../../../../../../../slc7_amd64_gcc820/lcg/root/6.14.09/include/TMatrixT.h:23,
                 from /cvmfs/cms.cern.ch/slc7_amd64_gcc820/cms/cmssw/CMSSW_10_6_4/external/slc7_amd64_gcc820/bin/../../../../../../../slc7_amd64_gcc820/lcg/root/6.14.09/include/TMatrixF.h:20,
                 from /cvmfs/cms.cern.ch/slc7_amd64_gcc820/cms/cmssw/CMSSW_10_6_4/external/slc7_amd64_gcc820/bin/../../../../../../../slc7_amd64_gcc820/lcg/root/6.14.09/include/TMatrix.h:23,
                 from /cvmfs/cms.cern.ch/slc7_amd64_gcc820/cms/cmssw/CMSSW_10_6_4/external/slc7_amd64_gcc820/bin/../../../../../../../slc7_amd64_gcc820/lcg/root/6.14.09/include/TVector3.h:16,
                 from /cvmfs/cms.cern.ch/slc7_amd64_gcc820/cms/cmssw/CMSSW_10_6_4/external/slc7_amd64_gcc820/bin/../../../../../../../slc7_amd64_gcc820/lcg/root/6.14.09/include/TLorentzVector.h:25,
                 from include/AnalyzerCore.h:4,
                 from include/JHAnalyzerBase.h:4,
                 from src/JHAnalyzerBase.C:1:
/cvmfs/cms.cern.ch/slc7_amd64_gcc820/external/gcc/8.2.0-pafccj/include/c++/8.3.1/bits/unique_ptr.h:740:5: note: candidate: 'template<class _Tp, class _Dp> bool std::operator<(std::nullptr_t, const std::unique_ptr<_Tp, _Dp>&)'
     operator<(nullptr_t, const unique_ptr<_Tp, _Dp>& __x)
     ^~~~~~~~
/cvmfs/cms.cern.ch/slc7_amd64_gcc820/external/gcc/8.2.0-pafccj/include/c++/8.3.1/bits/unique_ptr.h:740:5: note:   template argument deduction/substitution failed:
src/JHAnalyzerBase.C:1001:37: note:   mismatched types 'const std::unique_ptr<_Tp, _Dp>' and 'double'
   if(MuonCollection[v_muonidx[0]] < ptmin1) return {};
                                     ^~~~~~
In file included from /cvmfs/cms.cern.ch/slc7_amd64_gcc820/external/gcc/8.2.0-pafccj/include/c++/8.3.1/bits/shared_ptr.h:52,
                 from /cvmfs/cms.cern.ch/slc7_amd64_gcc820/external/gcc/8.2.0-pafccj/include/c++/8.3.1/memory:81,
                 from /cvmfs/cms.cern.ch/slc7_amd64_gcc820/cms/cmssw/CMSSW_10_6_4/external/slc7_amd64_gcc820/bin/../../../../../../../slc7_amd64_gcc820/lcg/root/6.14.09/include/ROOT/TypeTraits.hxx:15,
                 from /cvmfs/cms.cern.ch/slc7_amd64_gcc820/cms/cmssw/CMSSW_10_6_4/external/slc7_amd64_gcc820/bin/../../../../../../../slc7_amd64_gcc820/lcg/root/6.14.09/include/TString.h:29,
                 from /cvmfs/cms.cern.ch/slc7_amd64_gcc820/cms/cmssw/CMSSW_10_6_4/external/slc7_amd64_gcc820/bin/../../../../../../../slc7_amd64_gcc820/lcg/root/6.14.09/include/TNamed.h:26,
                 from /cvmfs/cms.cern.ch/slc7_amd64_gcc820/cms/cmssw/CMSSW_10_6_4/external/slc7_amd64_gcc820/bin/../../../../../../../slc7_amd64_gcc820/lcg/root/6.14.09/include/TMatrixTBase.h:70,
                 from /cvmfs/cms.cern.ch/slc7_amd64_gcc820/cms/cmssw/CMSSW_10_6_4/external/slc7_amd64_gcc820/bin/../../../../../../../slc7_amd64_gcc820/lcg/root/6.14.09/include/TMatrixT.h:23,
                 from /cvmfs/cms.cern.ch/slc7_amd64_gcc820/cms/cmssw/CMSSW_10_6_4/external/slc7_amd64_gcc820/bin/../../../../../../../slc7_amd64_gcc820/lcg/root/6.14.09/include/TMatrixF.h:20,
                 from /cvmfs/cms.cern.ch/slc7_amd64_gcc820/cms/cmssw/CMSSW_10_6_4/external/slc7_amd64_gcc820/bin/../../../../../../../slc7_amd64_gcc820/lcg/root/6.14.09/include/TMatrix.h:23,
                 from /cvmfs/cms.cern.ch/slc7_amd64_gcc820/cms/cmssw/CMSSW_10_6_4/external/slc7_amd64_gcc820/bin/../../../../../../../slc7_amd64_gcc820/lcg/root/6.14.09/include/TVector3.h:16,
                 from /cvmfs/cms.cern.ch/slc7_amd64_gcc820/cms/cmssw/CMSSW_10_6_4/external/slc7_amd64_gcc820/bin/../../../../../../../slc7_amd64_gcc820/lcg/root/6.14.09/include/TLorentzVector.h:25,
                 from include/AnalyzerCore.h:4,
                 from include/JHAnalyzerBase.h:4,
                 from src/JHAnalyzerBase.C:1:
/cvmfs/cms.cern.ch/slc7_amd64_gcc820/external/gcc/8.2.0-pafccj/include/c++/8.3.1/bits/shared_ptr_base.h:1442:5: note: candidate: 'template<class _Tp, class _Up, __gnu_cxx::_Lock_policy _Lp> bool std::operator<(const std::__shared_ptr<_Tp1, _Lp>&, const std::__shared_ptr<_Tp2, _Lp>&)'
     operator<(const __shared_ptr<_Tp, _Lp>& __a,
     ^~~~~~~~
/cvmfs/cms.cern.ch/slc7_amd64_gcc820/external/gcc/8.2.0-pafccj/include/c++/8.3.1/bits/shared_ptr_base.h:1442:5: note:   template argument deduction/substitution failed:
src/JHAnalyzerBase.C:1001:37: note:   'const value_type' {aka 'const Muon'} is not derived from 'const std::__shared_ptr<_Tp1, _Lp>'
   if(MuonCollection[v_muonidx[0]] < ptmin1) return {};
                                     ^~~~~~
In file included from /cvmfs/cms.cern.ch/slc7_amd64_gcc820/external/gcc/8.2.0-pafccj/include/c++/8.3.1/bits/shared_ptr.h:52,
                 from /cvmfs/cms.cern.ch/slc7_amd64_gcc820/external/gcc/8.2.0-pafccj/include/c++/8.3.1/memory:81,
                 from /cvmfs/cms.cern.ch/slc7_amd64_gcc820/cms/cmssw/CMSSW_10_6_4/external/slc7_amd64_gcc820/bin/../../../../../../../slc7_amd64_gcc820/lcg/root/6.14.09/include/ROOT/TypeTraits.hxx:15,
                 from /cvmfs/cms.cern.ch/slc7_amd64_gcc820/cms/cmssw/CMSSW_10_6_4/external/slc7_amd64_gcc820/bin/../../../../../../../slc7_amd64_gcc820/lcg/root/6.14.09/include/TString.h:29,
                 from /cvmfs/cms.cern.ch/slc7_amd64_gcc820/cms/cmssw/CMSSW_10_6_4/external/slc7_amd64_gcc820/bin/../../../../../../../slc7_amd64_gcc820/lcg/root/6.14.09/include/TNamed.h:26,
                 from /cvmfs/cms.cern.ch/slc7_amd64_gcc820/cms/cmssw/CMSSW_10_6_4/external/slc7_amd64_gcc820/bin/../../../../../../../slc7_amd64_gcc820/lcg/root/6.14.09/include/TMatrixTBase.h:70,
                 from /cvmfs/cms.cern.ch/slc7_amd64_gcc820/cms/cmssw/CMSSW_10_6_4/external/slc7_amd64_gcc820/bin/../../../../../../../slc7_amd64_gcc820/lcg/root/6.14.09/include/TMatrixT.h:23,
                 from /cvmfs/cms.cern.ch/slc7_amd64_gcc820/cms/cmssw/CMSSW_10_6_4/external/slc7_amd64_gcc820/bin/../../../../../../../slc7_amd64_gcc820/lcg/root/6.14.09/include/TMatrixF.h:20,
                 from /cvmfs/cms.cern.ch/slc7_amd64_gcc820/cms/cmssw/CMSSW_10_6_4/external/slc7_amd64_gcc820/bin/../../../../../../../slc7_amd64_gcc820/lcg/root/6.14.09/include/TMatrix.h:23,
                 from /cvmfs/cms.cern.ch/slc7_amd64_gcc820/cms/cmssw/CMSSW_10_6_4/external/slc7_amd64_gcc820/bin/../../../../../../../slc7_amd64_gcc820/lcg/root/6.14.09/include/TVector3.h:16,
                 from /cvmfs/cms.cern.ch/slc7_amd64_gcc820/cms/cmssw/CMSSW_10_6_4/external/slc7_amd64_gcc820/bin/../../../../../../../slc7_amd64_gcc820/lcg/root/6.14.09/include/TLorentzVector.h:25,
                 from include/AnalyzerCore.h:4,
                 from include/JHAnalyzerBase.h:4,
                 from src/JHAnalyzerBase.C:1:
/cvmfs/cms.cern.ch/slc7_amd64_gcc820/external/gcc/8.2.0-pafccj/include/c++/8.3.1/bits/shared_ptr_base.h:1453:5: note: candidate: 'template<class _Tp, __gnu_cxx::_Lock_policy _Lp> bool std::operator<(const std::__shared_ptr<_Tp, _Lp>&, std::nullptr_t)'
     operator<(const __shared_ptr<_Tp, _Lp>& __a, nullptr_t) noexcept
     ^~~~~~~~
/cvmfs/cms.cern.ch/slc7_amd64_gcc820/external/gcc/8.2.0-pafccj/include/c++/8.3.1/bits/shared_ptr_base.h:1453:5: note:   template argument deduction/substitution failed:
src/JHAnalyzerBase.C:1001:37: note:   'const value_type' {aka 'const Muon'} is not derived from 'const std::__shared_ptr<_Tp, _Lp>'
   if(MuonCollection[v_muonidx[0]] < ptmin1) return {};
                                     ^~~~~~
In file included from /cvmfs/cms.cern.ch/slc7_amd64_gcc820/external/gcc/8.2.0-pafccj/include/c++/8.3.1/bits/shared_ptr.h:52,
                 from /cvmfs/cms.cern.ch/slc7_amd64_gcc820/external/gcc/8.2.0-pafccj/include/c++/8.3.1/memory:81,
                 from /cvmfs/cms.cern.ch/slc7_amd64_gcc820/cms/cmssw/CMSSW_10_6_4/external/slc7_amd64_gcc820/bin/../../../../../../../slc7_amd64_gcc820/lcg/root/6.14.09/include/ROOT/TypeTraits.hxx:15,
                 from /cvmfs/cms.cern.ch/slc7_amd64_gcc820/cms/cmssw/CMSSW_10_6_4/external/slc7_amd64_gcc820/bin/../../../../../../../slc7_amd64_gcc820/lcg/root/6.14.09/include/TString.h:29,
                 from /cvmfs/cms.cern.ch/slc7_amd64_gcc820/cms/cmssw/CMSSW_10_6_4/external/slc7_amd64_gcc820/bin/../../../../../../../slc7_amd64_gcc820/lcg/root/6.14.09/include/TNamed.h:26,
                 from /cvmfs/cms.cern.ch/slc7_amd64_gcc820/cms/cmssw/CMSSW_10_6_4/external/slc7_amd64_gcc820/bin/../../../../../../../slc7_amd64_gcc820/lcg/root/6.14.09/include/TMatrixTBase.h:70,
                 from /cvmfs/cms.cern.ch/slc7_amd64_gcc820/cms/cmssw/CMSSW_10_6_4/external/slc7_amd64_gcc820/bin/../../../../../../../slc7_amd64_gcc820/lcg/root/6.14.09/include/TMatrixT.h:23,
                 from /cvmfs/cms.cern.ch/slc7_amd64_gcc820/cms/cmssw/CMSSW_10_6_4/external/slc7_amd64_gcc820/bin/../../../../../../../slc7_amd64_gcc820/lcg/root/6.14.09/include/TMatrixF.h:20,
                 from /cvmfs/cms.cern.ch/slc7_amd64_gcc820/cms/cmssw/CMSSW_10_6_4/external/slc7_amd64_gcc820/bin/../../../../../../../slc7_amd64_gcc820/lcg/root/6.14.09/include/TMatrix.h:23,
                 from /cvmfs/cms.cern.ch/slc7_amd64_gcc820/cms/cmssw/CMSSW_10_6_4/external/slc7_amd64_gcc820/bin/../../../../../../../slc7_amd64_gcc820/lcg/root/6.14.09/include/TVector3.h:16,
                 from /cvmfs/cms.cern.ch/slc7_amd64_gcc820/cms/cmssw/CMSSW_10_6_4/external/slc7_amd64_gcc820/bin/../../../../../../../slc7_amd64_gcc820/lcg/root/6.14.09/include/TLorentzVector.h:25,
                 from include/AnalyzerCore.h:4,
                 from include/JHAnalyzerBase.h:4,
                 from src/JHAnalyzerBase.C:1:
/cvmfs/cms.cern.ch/slc7_amd64_gcc820/external/gcc/8.2.0-pafccj/include/c++/8.3.1/bits/shared_ptr_base.h:1461:5: note: candidate: 'template<class _Tp, __gnu_cxx::_Lock_policy _Lp> bool std::operator<(std::nullptr_t, const std::__shared_ptr<_Tp, _Lp>&)'
     operator<(nullptr_t, const __shared_ptr<_Tp, _Lp>& __a) noexcept
     ^~~~~~~~
/cvmfs/cms.cern.ch/slc7_amd64_gcc820/external/gcc/8.2.0-pafccj/include/c++/8.3.1/bits/shared_ptr_base.h:1461:5: note:   template argument deduction/substitution failed:
src/JHAnalyzerBase.C:1001:37: note:   mismatched types 'const std::__shared_ptr<_Tp, _Lp>' and 'double'
   if(MuonCollection[v_muonidx[0]] < ptmin1) return {};
                                     ^~~~~~
In file included from /cvmfs/cms.cern.ch/slc7_amd64_gcc820/external/gcc/8.2.0-pafccj/include/c++/8.3.1/memory:81,
                 from /cvmfs/cms.cern.ch/slc7_amd64_gcc820/cms/cmssw/CMSSW_10_6_4/external/slc7_amd64_gcc820/bin/../../../../../../../slc7_amd64_gcc820/lcg/root/6.14.09/include/ROOT/TypeTraits.hxx:15,
                 from /cvmfs/cms.cern.ch/slc7_amd64_gcc820/cms/cmssw/CMSSW_10_6_4/external/slc7_amd64_gcc820/bin/../../../../../../../slc7_amd64_gcc820/lcg/root/6.14.09/include/TString.h:29,
                 from /cvmfs/cms.cern.ch/slc7_amd64_gcc820/cms/cmssw/CMSSW_10_6_4/external/slc7_amd64_gcc820/bin/../../../../../../../slc7_amd64_gcc820/lcg/root/6.14.09/include/TNamed.h:26,
                 from /cvmfs/cms.cern.ch/slc7_amd64_gcc820/cms/cmssw/CMSSW_10_6_4/external/slc7_amd64_gcc820/bin/../../../../../../../slc7_amd64_gcc820/lcg/root/6.14.09/include/TMatrixTBase.h:70,
                 from /cvmfs/cms.cern.ch/slc7_amd64_gcc820/cms/cmssw/CMSSW_10_6_4/external/slc7_amd64_gcc820/bin/../../../../../../../slc7_amd64_gcc820/lcg/root/6.14.09/include/TMatrixT.h:23,
                 from /cvmfs/cms.cern.ch/slc7_amd64_gcc820/cms/cmssw/CMSSW_10_6_4/external/slc7_amd64_gcc820/bin/../../../../../../../slc7_amd64_gcc820/lcg/root/6.14.09/include/TMatrixF.h:20,
                 from /cvmfs/cms.cern.ch/slc7_amd64_gcc820/cms/cmssw/CMSSW_10_6_4/external/slc7_amd64_gcc820/bin/../../../../../../../slc7_amd64_gcc820/lcg/root/6.14.09/include/TMatrix.h:23,
                 from /cvmfs/cms.cern.ch/slc7_amd64_gcc820/cms/cmssw/CMSSW_10_6_4/external/slc7_amd64_gcc820/bin/../../../../../../../slc7_amd64_gcc820/lcg/root/6.14.09/include/TVector3.h:16,
                 from /cvmfs/cms.cern.ch/slc7_amd64_gcc820/cms/cmssw/CMSSW_10_6_4/external/slc7_amd64_gcc820/bin/../../../../../../../slc7_amd64_gcc820/lcg/root/6.14.09/include/TLorentzVector.h:25,
                 from include/AnalyzerCore.h:4,
                 from include/JHAnalyzerBase.h:4,
                 from src/JHAnalyzerBase.C:1:
/cvmfs/cms.cern.ch/slc7_amd64_gcc820/external/gcc/8.2.0-pafccj/include/c++/8.3.1/bits/shared_ptr.h:413:5: note: candidate: 'template<class _Tp, class _Up> bool std::operator<(const std::shared_ptr<_Tp>&, const std::shared_ptr<_Tp>&)'
     operator<(const shared_ptr<_Tp>& __a, const shared_ptr<_Up>& __b) noexcept
     ^~~~~~~~
/cvmfs/cms.cern.ch/slc7_amd64_gcc820/external/gcc/8.2.0-pafccj/include/c++/8.3.1/bits/shared_ptr.h:413:5: note:   template argument deduction/substitution failed:
src/JHAnalyzerBase.C:1001:37: note:   'const value_type' {aka 'const Muon'} is not derived from 'const std::shared_ptr<_Tp>'
   if(MuonCollection[v_muonidx[0]] < ptmin1) return {};
                                     ^~~~~~
In file included from /cvmfs/cms.cern.ch/slc7_amd64_gcc820/external/gcc/8.2.0-pafccj/include/c++/8.3.1/memory:81,
                 from /cvmfs/cms.cern.ch/slc7_amd64_gcc820/cms/cmssw/CMSSW_10_6_4/external/slc7_amd64_gcc820/bin/../../../../../../../slc7_amd64_gcc820/lcg/root/6.14.09/include/ROOT/TypeTraits.hxx:15,
                 from /cvmfs/cms.cern.ch/slc7_amd64_gcc820/cms/cmssw/CMSSW_10_6_4/external/slc7_amd64_gcc820/bin/../../../../../../../slc7_amd64_gcc820/lcg/root/6.14.09/include/TString.h:29,
                 from /cvmfs/cms.cern.ch/slc7_amd64_gcc820/cms/cmssw/CMSSW_10_6_4/external/slc7_amd64_gcc820/bin/../../../../../../../slc7_amd64_gcc820/lcg/root/6.14.09/include/TNamed.h:26,
                 from /cvmfs/cms.cern.ch/slc7_amd64_gcc820/cms/cmssw/CMSSW_10_6_4/external/slc7_amd64_gcc820/bin/../../../../../../../slc7_amd64_gcc820/lcg/root/6.14.09/include/TMatrixTBase.h:70,
                 from /cvmfs/cms.cern.ch/slc7_amd64_gcc820/cms/cmssw/CMSSW_10_6_4/external/slc7_amd64_gcc820/bin/../../../../../../../slc7_amd64_gcc820/lcg/root/6.14.09/include/TMatrixT.h:23,
                 from /cvmfs/cms.cern.ch/slc7_amd64_gcc820/cms/cmssw/CMSSW_10_6_4/external/slc7_amd64_gcc820/bin/../../../../../../../slc7_amd64_gcc820/lcg/root/6.14.09/include/TMatrixF.h:20,
                 from /cvmfs/cms.cern.ch/slc7_amd64_gcc820/cms/cmssw/CMSSW_10_6_4/external/slc7_amd64_gcc820/bin/../../../../../../../slc7_amd64_gcc820/lcg/root/6.14.09/include/TMatrix.h:23,
                 from /cvmfs/cms.cern.ch/slc7_amd64_gcc820/cms/cmssw/CMSSW_10_6_4/external/slc7_amd64_gcc820/bin/../../../../../../../slc7_amd64_gcc820/lcg/root/6.14.09/include/TVector3.h:16,
                 from /cvmfs/cms.cern.ch/slc7_amd64_gcc820/cms/cmssw/CMSSW_10_6_4/external/slc7_amd64_gcc820/bin/../../../../../../../slc7_amd64_gcc820/lcg/root/6.14.09/include/TLorentzVector.h:25,
                 from include/AnalyzerCore.h:4,
                 from include/JHAnalyzerBase.h:4,
                 from src/JHAnalyzerBase.C:1:
/cvmfs/cms.cern.ch/slc7_amd64_gcc820/external/gcc/8.2.0-pafccj/include/c++/8.3.1/bits/shared_ptr.h:423:5: note: candidate: 'template<class _Tp> bool std::operator<(const std::shared_ptr<_Tp>&, std::nullptr_t)'
     operator<(const shared_ptr<_Tp>& __a, nullptr_t) noexcept
     ^~~~~~~~
/cvmfs/cms.cern.ch/slc7_amd64_gcc820/external/gcc/8.2.0-pafccj/include/c++/8.3.1/bits/shared_ptr.h:423:5: note:   template argument deduction/substitution failed:
src/JHAnalyzerBase.C:1001:37: note:   'const value_type' {aka 'const Muon'} is not derived from 'const std::shared_ptr<_Tp>'
   if(MuonCollection[v_muonidx[0]] < ptmin1) return {};
                                     ^~~~~~
In file included from /cvmfs/cms.cern.ch/slc7_amd64_gcc820/external/gcc/8.2.0-pafccj/include/c++/8.3.1/memory:81,
                 from /cvmfs/cms.cern.ch/slc7_amd64_gcc820/cms/cmssw/CMSSW_10_6_4/external/slc7_amd64_gcc820/bin/../../../../../../../slc7_amd64_gcc820/lcg/root/6.14.09/include/ROOT/TypeTraits.hxx:15,
                 from /cvmfs/cms.cern.ch/slc7_amd64_gcc820/cms/cmssw/CMSSW_10_6_4/external/slc7_amd64_gcc820/bin/../../../../../../../slc7_amd64_gcc820/lcg/root/6.14.09/include/TString.h:29,
                 from /cvmfs/cms.cern.ch/slc7_amd64_gcc820/cms/cmssw/CMSSW_10_6_4/external/slc7_amd64_gcc820/bin/../../../../../../../slc7_amd64_gcc820/lcg/root/6.14.09/include/TNamed.h:26,
                 from /cvmfs/cms.cern.ch/slc7_amd64_gcc820/cms/cmssw/CMSSW_10_6_4/external/slc7_amd64_gcc820/bin/../../../../../../../slc7_amd64_gcc820/lcg/root/6.14.09/include/TMatrixTBase.h:70,
                 from /cvmfs/cms.cern.ch/slc7_amd64_gcc820/cms/cmssw/CMSSW_10_6_4/external/slc7_amd64_gcc820/bin/../../../../../../../slc7_amd64_gcc820/lcg/root/6.14.09/include/TMatrixT.h:23,
                 from /cvmfs/cms.cern.ch/slc7_amd64_gcc820/cms/cmssw/CMSSW_10_6_4/external/slc7_amd64_gcc820/bin/../../../../../../../slc7_amd64_gcc820/lcg/root/6.14.09/include/TMatrixF.h:20,
                 from /cvmfs/cms.cern.ch/slc7_amd64_gcc820/cms/cmssw/CMSSW_10_6_4/external/slc7_amd64_gcc820/bin/../../../../../../../slc7_amd64_gcc820/lcg/root/6.14.09/include/TMatrix.h:23,
                 from /cvmfs/cms.cern.ch/slc7_amd64_gcc820/cms/cmssw/CMSSW_10_6_4/external/slc7_amd64_gcc820/bin/../../../../../../../slc7_amd64_gcc820/lcg/root/6.14.09/include/TVector3.h:16,
                 from /cvmfs/cms.cern.ch/slc7_amd64_gcc820/cms/cmssw/CMSSW_10_6_4/external/slc7_amd64_gcc820/bin/../../../../../../../slc7_amd64_gcc820/lcg/root/6.14.09/include/TLorentzVector.h:25,
                 from include/AnalyzerCore.h:4,
                 from include/JHAnalyzerBase.h:4,
                 from src/JHAnalyzerBase.C:1:
/cvmfs/cms.cern.ch/slc7_amd64_gcc820/external/gcc/8.2.0-pafccj/include/c++/8.3.1/bits/shared_ptr.h:431:5: note: candidate: 'template<class _Tp> bool std::operator<(std::nullptr_t, const std::shared_ptr<_Tp>&)'
     operator<(nullptr_t, const shared_ptr<_Tp>& __a) noexcept
     ^~~~~~~~
/cvmfs/cms.cern.ch/slc7_amd64_gcc820/external/gcc/8.2.0-pafccj/include/c++/8.3.1/bits/shared_ptr.h:431:5: note:   template argument deduction/substitution failed:
src/JHAnalyzerBase.C:1001:37: note:   mismatched types 'const std::shared_ptr<_Tp>' and 'double'
   if(MuonCollection[v_muonidx[0]] < ptmin1) return {};
                                     ^~~~~~
In file included from /cvmfs/cms.cern.ch/slc7_amd64_gcc820/external/gcc/8.2.0-pafccj/include/c++/8.3.1/bits/ios_base.h:46,
                 from /cvmfs/cms.cern.ch/slc7_amd64_gcc820/external/gcc/8.2.0-pafccj/include/c++/8.3.1/ios:42,
                 from /cvmfs/cms.cern.ch/slc7_amd64_gcc820/external/gcc/8.2.0-pafccj/include/c++/8.3.1/ostream:38,
                 from /cvmfs/cms.cern.ch/slc7_amd64_gcc820/external/gcc/8.2.0-pafccj/include/c++/8.3.1/iterator:64,
                 from /cvmfs/cms.cern.ch/slc7_amd64_gcc820/cms/cmssw/CMSSW_10_6_4/external/slc7_amd64_gcc820/bin/../../../../../../../slc7_amd64_gcc820/lcg/root/6.14.09/include/ROOT/span.hxx:27,
                 from /cvmfs/cms.cern.ch/slc7_amd64_gcc820/cms/cmssw/CMSSW_10_6_4/external/slc7_amd64_gcc820/bin/../../../../../../../slc7_amd64_gcc820/lcg/root/6.14.09/include/ROOT/RSpan.hxx:33,
                 from /cvmfs/cms.cern.ch/slc7_amd64_gcc820/cms/cmssw/CMSSW_10_6_4/external/slc7_amd64_gcc820/bin/../../../../../../../slc7_amd64_gcc820/lcg/root/6.14.09/include/ROOT/TypeTraits.hxx:18,
                 from /cvmfs/cms.cern.ch/slc7_amd64_gcc820/cms/cmssw/CMSSW_10_6_4/external/slc7_amd64_gcc820/bin/../../../../../../../slc7_amd64_gcc820/lcg/root/6.14.09/include/TString.h:29,
                 from /cvmfs/cms.cern.ch/slc7_amd64_gcc820/cms/cmssw/CMSSW_10_6_4/external/slc7_amd64_gcc820/bin/../../../../../../../slc7_amd64_gcc820/lcg/root/6.14.09/include/TNamed.h:26,
                 from /cvmfs/cms.cern.ch/slc7_amd64_gcc820/cms/cmssw/CMSSW_10_6_4/external/slc7_amd64_gcc820/bin/../../../../../../../slc7_amd64_gcc820/lcg/root/6.14.09/include/TMatrixTBase.h:70,
                 from /cvmfs/cms.cern.ch/slc7_amd64_gcc820/cms/cmssw/CMSSW_10_6_4/external/slc7_amd64_gcc820/bin/../../../../../../../slc7_amd64_gcc820/lcg/root/6.14.09/include/TMatrixT.h:23,
                 from /cvmfs/cms.cern.ch/slc7_amd64_gcc820/cms/cmssw/CMSSW_10_6_4/external/slc7_amd64_gcc820/bin/../../../../../../../slc7_amd64_gcc820/lcg/root/6.14.09/include/TMatrixF.h:20,
                 from /cvmfs/cms.cern.ch/slc7_amd64_gcc820/cms/cmssw/CMSSW_10_6_4/external/slc7_amd64_gcc820/bin/../../../../../../../slc7_amd64_gcc820/lcg/root/6.14.09/include/TMatrix.h:23,
                 from /cvmfs/cms.cern.ch/slc7_amd64_gcc820/cms/cmssw/CMSSW_10_6_4/external/slc7_amd64_gcc820/bin/../../../../../../../slc7_amd64_gcc820/lcg/root/6.14.09/include/TVector3.h:16,
                 from /cvmfs/cms.cern.ch/slc7_amd64_gcc820/cms/cmssw/CMSSW_10_6_4/external/slc7_amd64_gcc820/bin/../../../../../../../slc7_amd64_gcc820/lcg/root/6.14.09/include/TLorentzVector.h:25,
                 from include/AnalyzerCore.h:4,
                 from include/JHAnalyzerBase.h:4,
                 from src/JHAnalyzerBase.C:1:
/cvmfs/cms.cern.ch/slc7_amd64_gcc820/external/gcc/8.2.0-pafccj/include/c++/8.3.1/system_error:208:3: note: candidate: 'bool std::operator<(const std::error_code&, const std::error_code&)'
   operator<(const error_code& __lhs, const error_code& __rhs) noexcept
   ^~~~~~~~
/cvmfs/cms.cern.ch/slc7_amd64_gcc820/external/gcc/8.2.0-pafccj/include/c++/8.3.1/system_error:208:3: note:   no known conversion for argument 1 from 'const value_type' {aka 'const Muon'} to 'const std::error_code&'
/cvmfs/cms.cern.ch/slc7_amd64_gcc820/external/gcc/8.2.0-pafccj/include/c++/8.3.1/system_error:282:3: note: candidate: 'bool std::operator<(const std::error_condition&, const std::error_condition&)'
   operator<(const error_condition& __lhs,
   ^~~~~~~~
/cvmfs/cms.cern.ch/slc7_amd64_gcc820/external/gcc/8.2.0-pafccj/include/c++/8.3.1/system_error:282:3: note:   no known conversion for argument 1 from 'const value_type' {aka 'const Muon'} to 'const std::error_condition&'
In file included from /cvmfs/cms.cern.ch/slc7_amd64_gcc820/external/gcc/8.2.0-pafccj/include/c++/8.3.1/bits/node_handle.h:39,
                 from /cvmfs/cms.cern.ch/slc7_amd64_gcc820/external/gcc/8.2.0-pafccj/include/c++/8.3.1/bits/stl_tree.h:72,
                 from /cvmfs/cms.cern.ch/slc7_amd64_gcc820/external/gcc/8.2.0-pafccj/include/c++/8.3.1/map:60,
                 from /cvmfs/cms.cern.ch/slc7_amd64_gcc820/cms/cmssw/CMSSW_10_6_4/external/slc7_amd64_gcc820/bin/../../../../../../../slc7_amd64_gcc820/lcg/root/6.14.09/include/TClass.h:28,
                 from /cvmfs/cms.cern.ch/slc7_amd64_gcc820/cms/cmssw/CMSSW_10_6_4/external/slc7_amd64_gcc820/bin/../../../../../../../slc7_amd64_gcc820/lcg/root/6.14.09/include/TKey.h:18,
                 from /cvmfs/cms.cern.ch/slc7_amd64_gcc820/cms/cmssw/CMSSW_10_6_4/external/slc7_amd64_gcc820/bin/../../../../../../../slc7_amd64_gcc820/lcg/root/6.14.09/include/TBasket.h:28,
                 from /cvmfs/cms.cern.ch/slc7_amd64_gcc820/cms/cmssw/CMSSW_10_6_4/external/slc7_amd64_gcc820/bin/../../../../../../../slc7_amd64_gcc820/lcg/root/6.14.09/include/ROOT/TIOFeatures.hxx:14,
                 from /cvmfs/cms.cern.ch/slc7_amd64_gcc820/cms/cmssw/CMSSW_10_6_4/external/slc7_amd64_gcc820/bin/../../../../../../../slc7_amd64_gcc820/lcg/root/6.14.09/include/TTree.h:29,
                 from /cvmfs/cms.cern.ch/slc7_amd64_gcc820/cms/cmssw/CMSSW_10_6_4/external/slc7_amd64_gcc820/bin/../../../../../../../slc7_amd64_gcc820/lcg/root/6.14.09/include/TChain.h:24,
                 from include/SKFlatNtuple.h:5,
                 from include/AnalyzerCore.h:10,
                 from include/JHAnalyzerBase.h:4,
                 from src/JHAnalyzerBase.C:1:
/cvmfs/cms.cern.ch/slc7_amd64_gcc820/external/gcc/8.2.0-pafccj/include/c++/8.3.1/optional:1297:5: note: candidate: 'template<class _Tp, class _Up> constexpr std::__optional_relop_t<decltype ((declval<_Tp>() < declval<_Up>()))> std::operator<(const std::optional<_Tp>&, const std::optional<_Up>&)'
     operator<(const optional<_Tp>& __lhs, const optional<_Up>& __rhs)
     ^~~~~~~~
/cvmfs/cms.cern.ch/slc7_amd64_gcc820/external/gcc/8.2.0-pafccj/include/c++/8.3.1/optional:1297:5: note:   template argument deduction/substitution failed:
src/JHAnalyzerBase.C:1001:37: note:   'const value_type' {aka 'const Muon'} is not derived from 'const std::optional<_Tp>'
   if(MuonCollection[v_muonidx[0]] < ptmin1) return {};
                                     ^~~~~~
In file included from /cvmfs/cms.cern.ch/slc7_amd64_gcc820/external/gcc/8.2.0-pafccj/include/c++/8.3.1/bits/node_handle.h:39,
                 from /cvmfs/cms.cern.ch/slc7_amd64_gcc820/external/gcc/8.2.0-pafccj/include/c++/8.3.1/bits/stl_tree.h:72,
                 from /cvmfs/cms.cern.ch/slc7_amd64_gcc820/external/gcc/8.2.0-pafccj/include/c++/8.3.1/map:60,
                 from /cvmfs/cms.cern.ch/slc7_amd64_gcc820/cms/cmssw/CMSSW_10_6_4/external/slc7_amd64_gcc820/bin/../../../../../../../slc7_amd64_gcc820/lcg/root/6.14.09/include/TClass.h:28,
                 from /cvmfs/cms.cern.ch/slc7_amd64_gcc820/cms/cmssw/CMSSW_10_6_4/external/slc7_amd64_gcc820/bin/../../../../../../../slc7_amd64_gcc820/lcg/root/6.14.09/include/TKey.h:18,
                 from /cvmfs/cms.cern.ch/slc7_amd64_gcc820/cms/cmssw/CMSSW_10_6_4/external/slc7_amd64_gcc820/bin/../../../../../../../slc7_amd64_gcc820/lcg/root/6.14.09/include/TBasket.h:28,
                 from /cvmfs/cms.cern.ch/slc7_amd64_gcc820/cms/cmssw/CMSSW_10_6_4/external/slc7_amd64_gcc820/bin/../../../../../../../slc7_amd64_gcc820/lcg/root/6.14.09/include/ROOT/TIOFeatures.hxx:14,
                 from /cvmfs/cms.cern.ch/slc7_amd64_gcc820/cms/cmssw/CMSSW_10_6_4/external/slc7_amd64_gcc820/bin/../../../../../../../slc7_amd64_gcc820/lcg/root/6.14.09/include/TTree.h:29,
                 from /cvmfs/cms.cern.ch/slc7_amd64_gcc820/cms/cmssw/CMSSW_10_6_4/external/slc7_amd64_gcc820/bin/../../../../../../../slc7_amd64_gcc820/lcg/root/6.14.09/include/TChain.h:24,
                 from include/SKFlatNtuple.h:5,
                 from include/AnalyzerCore.h:10,
                 from include/JHAnalyzerBase.h:4,
                 from src/JHAnalyzerBase.C:1:
/cvmfs/cms.cern.ch/slc7_amd64_gcc820/external/gcc/8.2.0-pafccj/include/c++/8.3.1/optional:1350:5: note: candidate: 'template<class _Tp> constexpr bool std::operator<(const std::optional<_Tp>&, std::nullopt_t)'
     operator<(const optional<_Tp>& /* __lhs */, nullopt_t) noexcept
     ^~~~~~~~
/cvmfs/cms.cern.ch/slc7_amd64_gcc820/external/gcc/8.2.0-pafccj/include/c++/8.3.1/optional:1350:5: note:   template argument deduction/substitution failed:
src/JHAnalyzerBase.C:1001:37: note:   'const value_type' {aka 'const Muon'} is not derived from 'const std::optional<_Tp>'
   if(MuonCollection[v_muonidx[0]] < ptmin1) return {};
                                     ^~~~~~
In file included from /cvmfs/cms.cern.ch/slc7_amd64_gcc820/external/gcc/8.2.0-pafccj/include/c++/8.3.1/bits/node_handle.h:39,
                 from /cvmfs/cms.cern.ch/slc7_amd64_gcc820/external/gcc/8.2.0-pafccj/include/c++/8.3.1/bits/stl_tree.h:72,
                 from /cvmfs/cms.cern.ch/slc7_amd64_gcc820/external/gcc/8.2.0-pafccj/include/c++/8.3.1/map:60,
                 from /cvmfs/cms.cern.ch/slc7_amd64_gcc820/cms/cmssw/CMSSW_10_6_4/external/slc7_amd64_gcc820/bin/../../../../../../../slc7_amd64_gcc820/lcg/root/6.14.09/include/TClass.h:28,
                 from /cvmfs/cms.cern.ch/slc7_amd64_gcc820/cms/cmssw/CMSSW_10_6_4/external/slc7_amd64_gcc820/bin/../../../../../../../slc7_amd64_gcc820/lcg/root/6.14.09/include/TKey.h:18,
                 from /cvmfs/cms.cern.ch/slc7_amd64_gcc820/cms/cmssw/CMSSW_10_6_4/external/slc7_amd64_gcc820/bin/../../../../../../../slc7_amd64_gcc820/lcg/root/6.14.09/include/TBasket.h:28,
                 from /cvmfs/cms.cern.ch/slc7_amd64_gcc820/cms/cmssw/CMSSW_10_6_4/external/slc7_amd64_gcc820/bin/../../../../../../../slc7_amd64_gcc820/lcg/root/6.14.09/include/ROOT/TIOFeatures.hxx:14,
                 from /cvmfs/cms.cern.ch/slc7_amd64_gcc820/cms/cmssw/CMSSW_10_6_4/external/slc7_amd64_gcc820/bin/../../../../../../../slc7_amd64_gcc820/lcg/root/6.14.09/include/TTree.h:29,
                 from /cvmfs/cms.cern.ch/slc7_amd64_gcc820/cms/cmssw/CMSSW_10_6_4/external/slc7_amd64_gcc820/bin/../../../../../../../slc7_amd64_gcc820/lcg/root/6.14.09/include/TChain.h:24,
                 from include/SKFlatNtuple.h:5,
                 from include/AnalyzerCore.h:10,
                 from include/JHAnalyzerBase.h:4,
                 from src/JHAnalyzerBase.C:1:
/cvmfs/cms.cern.ch/slc7_amd64_gcc820/external/gcc/8.2.0-pafccj/include/c++/8.3.1/optional:1355:5: note: candidate: 'template<class _Tp> constexpr bool std::operator<(std::nullopt_t, const std::optional<_Tp>&)'
     operator<(nullopt_t, const optional<_Tp>& __rhs) noexcept
     ^~~~~~~~
/cvmfs/cms.cern.ch/slc7_amd64_gcc820/external/gcc/8.2.0-pafccj/include/c++/8.3.1/optional:1355:5: note:   template argument deduction/substitution failed:
src/JHAnalyzerBase.C:1001:37: note:   mismatched types 'const std::optional<_Tp>' and 'double'
   if(MuonCollection[v_muonidx[0]] < ptmin1) return {};
                                     ^~~~~~
In file included from /cvmfs/cms.cern.ch/slc7_amd64_gcc820/external/gcc/8.2.0-pafccj/include/c++/8.3.1/bits/node_handle.h:39,
                 from /cvmfs/cms.cern.ch/slc7_amd64_gcc820/external/gcc/8.2.0-pafccj/include/c++/8.3.1/bits/stl_tree.h:72,
                 from /cvmfs/cms.cern.ch/slc7_amd64_gcc820/external/gcc/8.2.0-pafccj/include/c++/8.3.1/map:60,
                 from /cvmfs/cms.cern.ch/slc7_amd64_gcc820/cms/cmssw/CMSSW_10_6_4/external/slc7_amd64_gcc820/bin/../../../../../../../slc7_amd64_gcc820/lcg/root/6.14.09/include/TClass.h:28,
                 from /cvmfs/cms.cern.ch/slc7_amd64_gcc820/cms/cmssw/CMSSW_10_6_4/external/slc7_amd64_gcc820/bin/../../../../../../../slc7_amd64_gcc820/lcg/root/6.14.09/include/TKey.h:18,
                 from /cvmfs/cms.cern.ch/slc7_amd64_gcc820/cms/cmssw/CMSSW_10_6_4/external/slc7_amd64_gcc820/bin/../../../../../../../slc7_amd64_gcc820/lcg/root/6.14.09/include/TBasket.h:28,
                 from /cvmfs/cms.cern.ch/slc7_amd64_gcc820/cms/cmssw/CMSSW_10_6_4/external/slc7_amd64_gcc820/bin/../../../../../../../slc7_amd64_gcc820/lcg/root/6.14.09/include/ROOT/TIOFeatures.hxx:14,
                 from /cvmfs/cms.cern.ch/slc7_amd64_gcc820/cms/cmssw/CMSSW_10_6_4/external/slc7_amd64_gcc820/bin/../../../../../../../slc7_amd64_gcc820/lcg/root/6.14.09/include/TTree.h:29,
                 from /cvmfs/cms.cern.ch/slc7_amd64_gcc820/cms/cmssw/CMSSW_10_6_4/external/slc7_amd64_gcc820/bin/../../../../../../../slc7_amd64_gcc820/lcg/root/6.14.09/include/TChain.h:24,
                 from include/SKFlatNtuple.h:5,
                 from include/AnalyzerCore.h:10,
                 from include/JHAnalyzerBase.h:4,
                 from src/JHAnalyzerBase.C:1:
/cvmfs/cms.cern.ch/slc7_amd64_gcc820/external/gcc/8.2.0-pafccj/include/c++/8.3.1/optional:1415:5: note: candidate: 'template<class _Tp, class _Up> constexpr std::__optional_relop_t<decltype ((declval<_Tp>() < declval<_Up>()))> std::operator<(const std::optional<_Tp>&, const _Up&)'
     operator<(const optional<_Tp>& __lhs, const _Up& __rhs)
     ^~~~~~~~
/cvmfs/cms.cern.ch/slc7_amd64_gcc820/external/gcc/8.2.0-pafccj/include/c++/8.3.1/optional:1415:5: note:   template argument deduction/substitution failed:
src/JHAnalyzerBase.C:1001:37: note:   'const value_type' {aka 'const Muon'} is not derived from 'const std::optional<_Tp>'
   if(MuonCollection[v_muonidx[0]] < ptmin1) return {};
                                     ^~~~~~
In file included from /cvmfs/cms.cern.ch/slc7_amd64_gcc820/external/gcc/8.2.0-pafccj/include/c++/8.3.1/bits/node_handle.h:39,
                 from /cvmfs/cms.cern.ch/slc7_amd64_gcc820/external/gcc/8.2.0-pafccj/include/c++/8.3.1/bits/stl_tree.h:72,
                 from /cvmfs/cms.cern.ch/slc7_amd64_gcc820/external/gcc/8.2.0-pafccj/include/c++/8.3.1/map:60,
                 from /cvmfs/cms.cern.ch/slc7_amd64_gcc820/cms/cmssw/CMSSW_10_6_4/external/slc7_amd64_gcc820/bin/../../../../../../../slc7_amd64_gcc820/lcg/root/6.14.09/include/TClass.h:28,
                 from /cvmfs/cms.cern.ch/slc7_amd64_gcc820/cms/cmssw/CMSSW_10_6_4/external/slc7_amd64_gcc820/bin/../../../../../../../slc7_amd64_gcc820/lcg/root/6.14.09/include/TKey.h:18,
                 from /cvmfs/cms.cern.ch/slc7_amd64_gcc820/cms/cmssw/CMSSW_10_6_4/external/slc7_amd64_gcc820/bin/../../../../../../../slc7_amd64_gcc820/lcg/root/6.14.09/include/TBasket.h:28,
                 from /cvmfs/cms.cern.ch/slc7_amd64_gcc820/cms/cmssw/CMSSW_10_6_4/external/slc7_amd64_gcc820/bin/../../../../../../../slc7_amd64_gcc820/lcg/root/6.14.09/include/ROOT/TIOFeatures.hxx:14,
                 from /cvmfs/cms.cern.ch/slc7_amd64_gcc820/cms/cmssw/CMSSW_10_6_4/external/slc7_amd64_gcc820/bin/../../../../../../../slc7_amd64_gcc820/lcg/root/6.14.09/include/TTree.h:29,
                 from /cvmfs/cms.cern.ch/slc7_amd64_gcc820/cms/cmssw/CMSSW_10_6_4/external/slc7_amd64_gcc820/bin/../../../../../../../slc7_amd64_gcc820/lcg/root/6.14.09/include/TChain.h:24,
                 from include/SKFlatNtuple.h:5,
                 from include/AnalyzerCore.h:10,
                 from include/JHAnalyzerBase.h:4,
                 from src/JHAnalyzerBase.C:1:
/cvmfs/cms.cern.ch/slc7_amd64_gcc820/external/gcc/8.2.0-pafccj/include/c++/8.3.1/optional:1421:5: note: candidate: 'template<class _Tp, class _Up> constexpr std::__optional_relop_t<decltype ((declval<_Up>() < declval<_Tp>()))> std::operator<(const _Up&, const std::optional<_Tp>&)'
     operator<(const _Up& __lhs, const optional<_Tp>& __rhs)
     ^~~~~~~~
/cvmfs/cms.cern.ch/slc7_amd64_gcc820/external/gcc/8.2.0-pafccj/include/c++/8.3.1/optional:1421:5: note:   template argument deduction/substitution failed:
src/JHAnalyzerBase.C:1001:37: note:   mismatched types 'const std::optional<_Tp>' and 'double'
   if(MuonCollection[v_muonidx[0]] < ptmin1) return {};
                                     ^~~~~~
In file included from /cvmfs/cms.cern.ch/slc7_amd64_gcc820/external/gcc/8.2.0-pafccj/include/c++/8.3.1/map:60,
                 from /cvmfs/cms.cern.ch/slc7_amd64_gcc820/cms/cmssw/CMSSW_10_6_4/external/slc7_amd64_gcc820/bin/../../../../../../../slc7_amd64_gcc820/lcg/root/6.14.09/include/TClass.h:28,
                 from /cvmfs/cms.cern.ch/slc7_amd64_gcc820/cms/cmssw/CMSSW_10_6_4/external/slc7_amd64_gcc820/bin/../../../../../../../slc7_amd64_gcc820/lcg/root/6.14.09/include/TKey.h:18,
                 from /cvmfs/cms.cern.ch/slc7_amd64_gcc820/cms/cmssw/CMSSW_10_6_4/external/slc7_amd64_gcc820/bin/../../../../../../../slc7_amd64_gcc820/lcg/root/6.14.09/include/TBasket.h:28,
                 from /cvmfs/cms.cern.ch/slc7_amd64_gcc820/cms/cmssw/CMSSW_10_6_4/external/slc7_amd64_gcc820/bin/../../../../../../../slc7_amd64_gcc820/lcg/root/6.14.09/include/ROOT/TIOFeatures.hxx:14,
                 from /cvmfs/cms.cern.ch/slc7_amd64_gcc820/cms/cmssw/CMSSW_10_6_4/external/slc7_amd64_gcc820/bin/../../../../../../../slc7_amd64_gcc820/lcg/root/6.14.09/include/TTree.h:29,
                 from /cvmfs/cms.cern.ch/slc7_amd64_gcc820/cms/cmssw/CMSSW_10_6_4/external/slc7_amd64_gcc820/bin/../../../../../../../slc7_amd64_gcc820/lcg/root/6.14.09/include/TChain.h:24,
                 from include/SKFlatNtuple.h:5,
                 from include/AnalyzerCore.h:10,
                 from include/JHAnalyzerBase.h:4,
                 from src/JHAnalyzerBase.C:1:
/cvmfs/cms.cern.ch/slc7_amd64_gcc820/external/gcc/8.2.0-pafccj/include/c++/8.3.1/bits/stl_tree.h:1559:5: note: candidate: 'template<class _Key, class _Val, class _KeyOfValue, class _Compare, class _Alloc> bool std::operator<(const std::_Rb_tree<_Key, _Val, _KeyOfValue, _Compare, _Alloc>&, const std::_Rb_tree<_Key, _Val, _KeyOfValue, _Compare, _Alloc>&)'
     operator<(const _Rb_tree<_Key, _Val, _KeyOfValue, _Compare, _Alloc>& __x,
     ^~~~~~~~
/cvmfs/cms.cern.ch/slc7_amd64_gcc820/external/gcc/8.2.0-pafccj/include/c++/8.3.1/bits/stl_tree.h:1559:5: note:   template argument deduction/substitution failed:
src/JHAnalyzerBase.C:1001:37: note:   'const value_type' {aka 'const Muon'} is not derived from 'const std::_Rb_tree<_Key, _Val, _KeyOfValue, _Compare, _Alloc>'
   if(MuonCollection[v_muonidx[0]] < ptmin1) return {};
                                     ^~~~~~
In file included from /cvmfs/cms.cern.ch/slc7_amd64_gcc820/external/gcc/8.2.0-pafccj/include/c++/8.3.1/map:61,
                 from /cvmfs/cms.cern.ch/slc7_amd64_gcc820/cms/cmssw/CMSSW_10_6_4/external/slc7_amd64_gcc820/bin/../../../../../../../slc7_amd64_gcc820/lcg/root/6.14.09/include/TClass.h:28,
                 from /cvmfs/cms.cern.ch/slc7_amd64_gcc820/cms/cmssw/CMSSW_10_6_4/external/slc7_amd64_gcc820/bin/../../../../../../../slc7_amd64_gcc820/lcg/root/6.14.09/include/TKey.h:18,
                 from /cvmfs/cms.cern.ch/slc7_amd64_gcc820/cms/cmssw/CMSSW_10_6_4/external/slc7_amd64_gcc820/bin/../../../../../../../slc7_amd64_gcc820/lcg/root/6.14.09/include/TBasket.h:28,
                 from /cvmfs/cms.cern.ch/slc7_amd64_gcc820/cms/cmssw/CMSSW_10_6_4/external/slc7_amd64_gcc820/bin/../../../../../../../slc7_amd64_gcc820/lcg/root/6.14.09/include/ROOT/TIOFeatures.hxx:14,
                 from /cvmfs/cms.cern.ch/slc7_amd64_gcc820/cms/cmssw/CMSSW_10_6_4/external/slc7_amd64_gcc820/bin/../../../../../../../slc7_amd64_gcc820/lcg/root/6.14.09/include/TTree.h:29,
                 from /cvmfs/cms.cern.ch/slc7_amd64_gcc820/cms/cmssw/CMSSW_10_6_4/external/slc7_amd64_gcc820/bin/../../../../../../../slc7_amd64_gcc820/lcg/root/6.14.09/include/TChain.h:24,
                 from include/SKFlatNtuple.h:5,
                 from include/AnalyzerCore.h:10,
                 from include/JHAnalyzerBase.h:4,
                 from src/JHAnalyzerBase.C:1:
/cvmfs/cms.cern.ch/slc7_amd64_gcc820/external/gcc/8.2.0-pafccj/include/c++/8.3.1/bits/stl_map.h:1451:5: note: candidate: 'template<class _Key, class _Tp, class _Compare, class _Alloc> bool std::operator<(const std::map<_Key, _Tp, _Compare, _Allocator>&, const std::map<_Key, _Tp, _Compare, _Allocator>&)'
     operator<(const map<_Key, _Tp, _Compare, _Alloc>& __x,
     ^~~~~~~~
/cvmfs/cms.cern.ch/slc7_amd64_gcc820/external/gcc/8.2.0-pafccj/include/c++/8.3.1/bits/stl_map.h:1451:5: note:   template argument deduction/substitution failed:
src/JHAnalyzerBase.C:1001:37: note:   'const value_type' {aka 'const Muon'} is not derived from 'const std::map<_Key, _Tp, _Compare, _Allocator>'
   if(MuonCollection[v_muonidx[0]] < ptmin1) return {};
                                     ^~~~~~
In file included from /cvmfs/cms.cern.ch/slc7_amd64_gcc820/external/gcc/8.2.0-pafccj/include/c++/8.3.1/map:62,
                 from /cvmfs/cms.cern.ch/slc7_amd64_gcc820/cms/cmssw/CMSSW_10_6_4/external/slc7_amd64_gcc820/bin/../../../../../../../slc7_amd64_gcc820/lcg/root/6.14.09/include/TClass.h:28,
                 from /cvmfs/cms.cern.ch/slc7_amd64_gcc820/cms/cmssw/CMSSW_10_6_4/external/slc7_amd64_gcc820/bin/../../../../../../../slc7_amd64_gcc820/lcg/root/6.14.09/include/TKey.h:18,
                 from /cvmfs/cms.cern.ch/slc7_amd64_gcc820/cms/cmssw/CMSSW_10_6_4/external/slc7_amd64_gcc820/bin/../../../../../../../slc7_amd64_gcc820/lcg/root/6.14.09/include/TBasket.h:28,
                 from /cvmfs/cms.cern.ch/slc7_amd64_gcc820/cms/cmssw/CMSSW_10_6_4/external/slc7_amd64_gcc820/bin/../../../../../../../slc7_amd64_gcc820/lcg/root/6.14.09/include/ROOT/TIOFeatures.hxx:14,
                 from /cvmfs/cms.cern.ch/slc7_amd64_gcc820/cms/cmssw/CMSSW_10_6_4/external/slc7_amd64_gcc820/bin/../../../../../../../slc7_amd64_gcc820/lcg/root/6.14.09/include/TTree.h:29,
                 from /cvmfs/cms.cern.ch/slc7_amd64_gcc820/cms/cmssw/CMSSW_10_6_4/external/slc7_amd64_gcc820/bin/../../../../../../../slc7_amd64_gcc820/lcg/root/6.14.09/include/TChain.h:24,
                 from include/SKFlatNtuple.h:5,
                 from include/AnalyzerCore.h:10,
                 from include/JHAnalyzerBase.h:4,
                 from src/JHAnalyzerBase.C:1:
/cvmfs/cms.cern.ch/slc7_amd64_gcc820/external/gcc/8.2.0-pafccj/include/c++/8.3.1/bits/stl_multimap.h:1115:5: note: candidate: 'template<class _Key, class _Tp, class _Compare, class _Alloc> bool std::operator<(const std::multimap<_Key, _Tp, _Compare, _Allocator>&, const std::multimap<_Key, _Tp, _Compare, _Allocator>&)'
     operator<(const multimap<_Key, _Tp, _Compare, _Alloc>& __x,
     ^~~~~~~~
/cvmfs/cms.cern.ch/slc7_amd64_gcc820/external/gcc/8.2.0-pafccj/include/c++/8.3.1/bits/stl_multimap.h:1115:5: note:   template argument deduction/substitution failed:
src/JHAnalyzerBase.C:1001:37: note:   'const value_type' {aka 'const Muon'} is not derived from 'const std::multimap<_Key, _Tp, _Compare, _Allocator>'
   if(MuonCollection[v_muonidx[0]] < ptmin1) return {};
                                     ^~~~~~
In file included from /cvmfs/cms.cern.ch/slc7_amd64_gcc820/external/gcc/8.2.0-pafccj/include/c++/8.3.1/set:61,
                 from /cvmfs/cms.cern.ch/slc7_amd64_gcc820/cms/cmssw/CMSSW_10_6_4/external/slc7_amd64_gcc820/bin/../../../../../../../slc7_amd64_gcc820/lcg/root/6.14.09/include/TClass.h:30,
                 from /cvmfs/cms.cern.ch/slc7_amd64_gcc820/cms/cmssw/CMSSW_10_6_4/external/slc7_amd64_gcc820/bin/../../../../../../../slc7_amd64_gcc820/lcg/root/6.14.09/include/TKey.h:18,
                 from /cvmfs/cms.cern.ch/slc7_amd64_gcc820/cms/cmssw/CMSSW_10_6_4/external/slc7_amd64_gcc820/bin/../../../../../../../slc7_amd64_gcc820/lcg/root/6.14.09/include/TBasket.h:28,
                 from /cvmfs/cms.cern.ch/slc7_amd64_gcc820/cms/cmssw/CMSSW_10_6_4/external/slc7_amd64_gcc820/bin/../../../../../../../slc7_amd64_gcc820/lcg/root/6.14.09/include/ROOT/TIOFeatures.hxx:14,
                 from /cvmfs/cms.cern.ch/slc7_amd64_gcc820/cms/cmssw/CMSSW_10_6_4/external/slc7_amd64_gcc820/bin/../../../../../../../slc7_amd64_gcc820/lcg/root/6.14.09/include/TTree.h:29,
                 from /cvmfs/cms.cern.ch/slc7_amd64_gcc820/cms/cmssw/CMSSW_10_6_4/external/slc7_amd64_gcc820/bin/../../../../../../../slc7_amd64_gcc820/lcg/root/6.14.09/include/TChain.h:24,
                 from include/SKFlatNtuple.h:5,
                 from include/AnalyzerCore.h:10,
                 from include/JHAnalyzerBase.h:4,
                 from src/JHAnalyzerBase.C:1:
/cvmfs/cms.cern.ch/slc7_amd64_gcc820/external/gcc/8.2.0-pafccj/include/c++/8.3.1/bits/stl_set.h:975:5: note: candidate: 'template<class _Key, class _Compare, class _Alloc> bool std::operator<(const std::set<_Key, _Compare, _Allocator>&, const std::set<_Key, _Compare, _Allocator>&)'
     operator<(const set<_Key, _Compare, _Alloc>& __x,
     ^~~~~~~~
/cvmfs/cms.cern.ch/slc7_amd64_gcc820/external/gcc/8.2.0-pafccj/include/c++/8.3.1/bits/stl_set.h:975:5: note:   template argument deduction/substitution failed:
src/JHAnalyzerBase.C:1001:37: note:   'const value_type' {aka 'const Muon'} is not derived from 'const std::set<_Key, _Compare, _Allocator>'
   if(MuonCollection[v_muonidx[0]] < ptmin1) return {};
                                     ^~~~~~
In file included from /cvmfs/cms.cern.ch/slc7_amd64_gcc820/external/gcc/8.2.0-pafccj/include/c++/8.3.1/set:62,
                 from /cvmfs/cms.cern.ch/slc7_amd64_gcc820/cms/cmssw/CMSSW_10_6_4/external/slc7_amd64_gcc820/bin/../../../../../../../slc7_amd64_gcc820/lcg/root/6.14.09/include/TClass.h:30,
                 from /cvmfs/cms.cern.ch/slc7_amd64_gcc820/cms/cmssw/CMSSW_10_6_4/external/slc7_amd64_gcc820/bin/../../../../../../../slc7_amd64_gcc820/lcg/root/6.14.09/include/TKey.h:18,
                 from /cvmfs/cms.cern.ch/slc7_amd64_gcc820/cms/cmssw/CMSSW_10_6_4/external/slc7_amd64_gcc820/bin/../../../../../../../slc7_amd64_gcc820/lcg/root/6.14.09/include/TBasket.h:28,
                 from /cvmfs/cms.cern.ch/slc7_amd64_gcc820/cms/cmssw/CMSSW_10_6_4/external/slc7_amd64_gcc820/bin/../../../../../../../slc7_amd64_gcc820/lcg/root/6.14.09/include/ROOT/TIOFeatures.hxx:14,
                 from /cvmfs/cms.cern.ch/slc7_amd64_gcc820/cms/cmssw/CMSSW_10_6_4/external/slc7_amd64_gcc820/bin/../../../../../../../slc7_amd64_gcc820/lcg/root/6.14.09/include/TTree.h:29,
                 from /cvmfs/cms.cern.ch/slc7_amd64_gcc820/cms/cmssw/CMSSW_10_6_4/external/slc7_amd64_gcc820/bin/../../../../../../../slc7_amd64_gcc820/lcg/root/6.14.09/include/TChain.h:24,
                 from include/SKFlatNtuple.h:5,
                 from include/AnalyzerCore.h:10,
                 from include/JHAnalyzerBase.h:4,
                 from src/JHAnalyzerBase.C:1:
/cvmfs/cms.cern.ch/slc7_amd64_gcc820/external/gcc/8.2.0-pafccj/include/c++/8.3.1/bits/stl_multiset.h:960:5: note: candidate: 'template<class _Key, class _Compare, class _Alloc> bool std::operator<(const std::multiset<_Key, _Compare, _Allocator>&, const std::multiset<_Key, _Compare, _Allocator>&)'
     operator<(const multiset<_Key, _Compare, _Alloc>& __x,
     ^~~~~~~~
/cvmfs/cms.cern.ch/slc7_amd64_gcc820/external/gcc/8.2.0-pafccj/include/c++/8.3.1/bits/stl_multiset.h:960:5: note:   template argument deduction/substitution failed:
src/JHAnalyzerBase.C:1001:37: note:   'const value_type' {aka 'const Muon'} is not derived from 'const std::multiset<_Key, _Compare, _Allocator>'
   if(MuonCollection[v_muonidx[0]] < ptmin1) return {};
                                     ^~~~~~
In file included from /cvmfs/cms.cern.ch/slc7_amd64_gcc820/external/gcc/8.2.0-pafccj/include/c++/8.3.1/list:63,
                 from /cvmfs/cms.cern.ch/slc7_amd64_gcc820/cms/cmssw/CMSSW_10_6_4/external/slc7_amd64_gcc820/bin/../../../../../../../slc7_amd64_gcc820/lcg/root/6.14.09/include/TFormula.h:22,
                 from /cvmfs/cms.cern.ch/slc7_amd64_gcc820/cms/cmssw/CMSSW_10_6_4/external/slc7_amd64_gcc820/bin/../../../../../../../slc7_amd64_gcc820/lcg/root/6.14.09/include/TF1.h:27,
                 from /data6/Users/jhchoi/SKFlatAnalyzers/test/ForTMVA/SKFlatAnalyzer/AnalyzerTools/include/BTagCalibrationStandalone.h:19,
                 from /data6/Users/jhchoi/SKFlatAnalyzers/test/ForTMVA/SKFlatAnalyzer/AnalyzerTools/include/MCCorrection.h:29,
                 from include/AnalyzerCore.h:25,
                 from include/JHAnalyzerBase.h:4,
                 from src/JHAnalyzerBase.C:1:
/cvmfs/cms.cern.ch/slc7_amd64_gcc820/external/gcc/8.2.0-pafccj/include/c++/8.3.1/bits/stl_list.h:2021:5: note: candidate: 'template<class _Tp, class _Alloc> bool std::operator<(const std::__cxx11::list<_Tp, _Alloc>&, const std::__cxx11::list<_Tp, _Alloc>&)'
     operator<(const list<_Tp, _Alloc>& __x, const list<_Tp, _Alloc>& __y)
     ^~~~~~~~
/cvmfs/cms.cern.ch/slc7_amd64_gcc820/external/gcc/8.2.0-pafccj/include/c++/8.3.1/bits/stl_list.h:2021:5: note:   template argument deduction/substitution failed:
src/JHAnalyzerBase.C:1001:37: note:   'const value_type' {aka 'const Muon'} is not derived from 'const std::__cxx11::list<_Tp, _Alloc>'
   if(MuonCollection[v_muonidx[0]] < ptmin1) return {};
                                     ^~~~~~
src/JHAnalyzerBase.C:1002:35: error: no match for 'operator<' (operand types are 'const value_type' {aka 'const Muon'} and 'double')
   if(MuonCollection[v_muonidx[1]] < ptmin2) return {};
In file included from /cvmfs/cms.cern.ch/slc7_amd64_gcc820/cms/cmssw/CMSSW_10_6_4/external/slc7_amd64_gcc820/bin/../../../../../../../slc7_amd64_gcc820/lcg/root/6.14.09/include/TNamed.h:26,
                 from /cvmfs/cms.cern.ch/slc7_amd64_gcc820/cms/cmssw/CMSSW_10_6_4/external/slc7_amd64_gcc820/bin/../../../../../../../slc7_amd64_gcc820/lcg/root/6.14.09/include/TMatrixTBase.h:70,
                 from /cvmfs/cms.cern.ch/slc7_amd64_gcc820/cms/cmssw/CMSSW_10_6_4/external/slc7_amd64_gcc820/bin/../../../../../../../slc7_amd64_gcc820/lcg/root/6.14.09/include/TMatrixT.h:23,
                 from /cvmfs/cms.cern.ch/slc7_amd64_gcc820/cms/cmssw/CMSSW_10_6_4/external/slc7_amd64_gcc820/bin/../../../../../../../slc7_amd64_gcc820/lcg/root/6.14.09/include/TMatrixF.h:20,
                 from /cvmfs/cms.cern.ch/slc7_amd64_gcc820/cms/cmssw/CMSSW_10_6_4/external/slc7_amd64_gcc820/bin/../../../../../../../slc7_amd64_gcc820/lcg/root/6.14.09/include/TMatrix.h:23,
                 from /cvmfs/cms.cern.ch/slc7_amd64_gcc820/cms/cmssw/CMSSW_10_6_4/external/slc7_amd64_gcc820/bin/../../../../../../../slc7_amd64_gcc820/lcg/root/6.14.09/include/TVector3.h:16,
                 from /cvmfs/cms.cern.ch/slc7_amd64_gcc820/cms/cmssw/CMSSW_10_6_4/external/slc7_amd64_gcc820/bin/../../../../../../../slc7_amd64_gcc820/lcg/root/6.14.09/include/TLorentzVector.h:25,
                 from include/AnalyzerCore.h:4,
                 from include/JHAnalyzerBase.h:4,
                 from src/JHAnalyzerBase.C:1:
/cvmfs/cms.cern.ch/slc7_amd64_gcc820/cms/cmssw/CMSSW_10_6_4/external/slc7_amd64_gcc820/bin/../../../../../../../slc7_amd64_gcc820/lcg/root/6.14.09/include/TString.h:761:15: note: candidate: 'Bool_t operator<(const TString&, const TString&)'
 inline Bool_t operator<(const TString &s1, const TString &s2)
               ^~~~~~~~
/cvmfs/cms.cern.ch/slc7_amd64_gcc820/cms/cmssw/CMSSW_10_6_4/external/slc7_amd64_gcc820/bin/../../../../../../../slc7_amd64_gcc820/lcg/root/6.14.09/include/TString.h:761:15: note:   no known conversion for argument 1 from 'const value_type' {aka 'const Muon'} to 'const TString&'
/cvmfs/cms.cern.ch/slc7_amd64_gcc820/cms/cmssw/CMSSW_10_6_4/external/slc7_amd64_gcc820/bin/../../../../../../../slc7_amd64_gcc820/lcg/root/6.14.09/include/TString.h:777:15: note: candidate: 'Bool_t operator<(const TString&, const char*)'
 inline Bool_t operator<(const TString &s1, const char *s2)
               ^~~~~~~~
/cvmfs/cms.cern.ch/slc7_amd64_gcc820/cms/cmssw/CMSSW_10_6_4/external/slc7_amd64_gcc820/bin/../../../../../../../slc7_amd64_gcc820/lcg/root/6.14.09/include/TString.h:777:15: note:   no known conversion for argument 1 from 'const value_type' {aka 'const Muon'} to 'const TString&'
/cvmfs/cms.cern.ch/slc7_amd64_gcc820/cms/cmssw/CMSSW_10_6_4/external/slc7_amd64_gcc820/bin/../../../../../../../slc7_amd64_gcc820/lcg/root/6.14.09/include/TString.h:795:15: note: candidate: 'Bool_t operator<(const char*, const TString&)'
 inline Bool_t operator<(const char *s1, const TString &s2)
               ^~~~~~~~
/cvmfs/cms.cern.ch/slc7_amd64_gcc820/cms/cmssw/CMSSW_10_6_4/external/slc7_amd64_gcc820/bin/../../../../../../../slc7_amd64_gcc820/lcg/root/6.14.09/include/TString.h:795:15: note:   no known conversion for argument 1 from 'const value_type' {aka 'const Muon'} to 'const char*'
In file included from /cvmfs/cms.cern.ch/slc7_amd64_gcc820/cms/cmssw/CMSSW_10_6_4/external/slc7_amd64_gcc820/bin/../../../../../../../slc7_amd64_gcc820/lcg/root/6.14.09/include/TMatrixF.h:20,
                 from /cvmfs/cms.cern.ch/slc7_amd64_gcc820/cms/cmssw/CMSSW_10_6_4/external/slc7_amd64_gcc820/bin/../../../../../../../slc7_amd64_gcc820/lcg/root/6.14.09/include/TMatrix.h:23,
                 from /cvmfs/cms.cern.ch/slc7_amd64_gcc820/cms/cmssw/CMSSW_10_6_4/external/slc7_amd64_gcc820/bin/../../../../../../../slc7_amd64_gcc820/lcg/root/6.14.09/include/TVector3.h:16,
                 from /cvmfs/cms.cern.ch/slc7_amd64_gcc820/cms/cmssw/CMSSW_10_6_4/external/slc7_amd64_gcc820/bin/../../../../../../../slc7_amd64_gcc820/lcg/root/6.14.09/include/TLorentzVector.h:25,
                 from include/AnalyzerCore.h:4,
                 from include/JHAnalyzerBase.h:4,
                 from src/JHAnalyzerBase.C:1:
/cvmfs/cms.cern.ch/slc7_amd64_gcc820/cms/cmssw/CMSSW_10_6_4/external/slc7_amd64_gcc820/bin/../../../../../../../slc7_amd64_gcc820/lcg/root/6.14.09/include/TMatrixT.h:322:45: note: candidate: 'template<class Element> TMatrixT<Element> operator<(const TMatrixT<Element>&, const TMatrixT<Element>&)'
 template <class Element> TMatrixT<Element>  operator<  (const TMatrixT   <Element> &source1,const TMatrixT   <Element> &source2);
                                             ^~~~~~~~
/cvmfs/cms.cern.ch/slc7_amd64_gcc820/cms/cmssw/CMSSW_10_6_4/external/slc7_amd64_gcc820/bin/../../../../../../../slc7_amd64_gcc820/lcg/root/6.14.09/include/TMatrixT.h:322:45: note:   template argument deduction/substitution failed:
src/JHAnalyzerBase.C:1002:37: note:   'const value_type' {aka 'const Muon'} is not derived from 'const TMatrixT<Element>'
   if(MuonCollection[v_muonidx[1]] < ptmin2) return {};
                                     ^~~~~~
In file included from /cvmfs/cms.cern.ch/slc7_amd64_gcc820/cms/cmssw/CMSSW_10_6_4/external/slc7_amd64_gcc820/bin/../../../../../../../slc7_amd64_gcc820/lcg/root/6.14.09/include/TMatrixF.h:20,
                 from /cvmfs/cms.cern.ch/slc7_amd64_gcc820/cms/cmssw/CMSSW_10_6_4/external/slc7_amd64_gcc820/bin/../../../../../../../slc7_amd64_gcc820/lcg/root/6.14.09/include/TMatrix.h:23,
                 from /cvmfs/cms.cern.ch/slc7_amd64_gcc820/cms/cmssw/CMSSW_10_6_4/external/slc7_amd64_gcc820/bin/../../../../../../../slc7_amd64_gcc820/lcg/root/6.14.09/include/TVector3.h:16,
                 from /cvmfs/cms.cern.ch/slc7_amd64_gcc820/cms/cmssw/CMSSW_10_6_4/external/slc7_amd64_gcc820/bin/../../../../../../../slc7_amd64_gcc820/lcg/root/6.14.09/include/TLorentzVector.h:25,
                 from include/AnalyzerCore.h:4,
                 from include/JHAnalyzerBase.h:4,
                 from src/JHAnalyzerBase.C:1:
/cvmfs/cms.cern.ch/slc7_amd64_gcc820/cms/cmssw/CMSSW_10_6_4/external/slc7_amd64_gcc820/bin/../../../../../../../slc7_amd64_gcc820/lcg/root/6.14.09/include/TMatrixT.h:323:45: note: candidate: 'template<class Element> TMatrixT<Element> operator<(const TMatrixT<Element>&, const TMatrixTSym<Element>&)'
 template <class Element> TMatrixT<Element>  operator<  (const TMatrixT   <Element> &source1,const TMatrixTSym<Element> &source2);
                                             ^~~~~~~~
/cvmfs/cms.cern.ch/slc7_amd64_gcc820/cms/cmssw/CMSSW_10_6_4/external/slc7_amd64_gcc820/bin/../../../../../../../slc7_amd64_gcc820/lcg/root/6.14.09/include/TMatrixT.h:323:45: note:   template argument deduction/substitution failed:
src/JHAnalyzerBase.C:1002:37: note:   'const value_type' {aka 'const Muon'} is not derived from 'const TMatrixT<Element>'
   if(MuonCollection[v_muonidx[1]] < ptmin2) return {};
                                     ^~~~~~
In file included from /cvmfs/cms.cern.ch/slc7_amd64_gcc820/cms/cmssw/CMSSW_10_6_4/external/slc7_amd64_gcc820/bin/../../../../../../../slc7_amd64_gcc820/lcg/root/6.14.09/include/TMatrixF.h:20,
                 from /cvmfs/cms.cern.ch/slc7_amd64_gcc820/cms/cmssw/CMSSW_10_6_4/external/slc7_amd64_gcc820/bin/../../../../../../../slc7_amd64_gcc820/lcg/root/6.14.09/include/TMatrix.h:23,
                 from /cvmfs/cms.cern.ch/slc7_amd64_gcc820/cms/cmssw/CMSSW_10_6_4/external/slc7_amd64_gcc820/bin/../../../../../../../slc7_amd64_gcc820/lcg/root/6.14.09/include/TVector3.h:16,
                 from /cvmfs/cms.cern.ch/slc7_amd64_gcc820/cms/cmssw/CMSSW_10_6_4/external/slc7_amd64_gcc820/bin/../../../../../../../slc7_amd64_gcc820/lcg/root/6.14.09/include/TLorentzVector.h:25,
                 from include/AnalyzerCore.h:4,
                 from include/JHAnalyzerBase.h:4,
                 from src/JHAnalyzerBase.C:1:
/cvmfs/cms.cern.ch/slc7_amd64_gcc820/cms/cmssw/CMSSW_10_6_4/external/slc7_amd64_gcc820/bin/../../../../../../../slc7_amd64_gcc820/lcg/root/6.14.09/include/TMatrixT.h:324:45: note: candidate: 'template<class Element> TMatrixT<Element> operator<(const TMatrixTSym<Element>&, const TMatrixT<Element>&)'
 template <class Element> TMatrixT<Element>  operator<  (const TMatrixTSym<Element> &source1,const TMatrixT   <Element> &source2);
                                             ^~~~~~~~
/cvmfs/cms.cern.ch/slc7_amd64_gcc820/cms/cmssw/CMSSW_10_6_4/external/slc7_amd64_gcc820/bin/../../../../../../../slc7_amd64_gcc820/lcg/root/6.14.09/include/TMatrixT.h:324:45: note:   template argument deduction/substitution failed:
src/JHAnalyzerBase.C:1002:37: note:   'const value_type' {aka 'const Muon'} is not derived from 'const TMatrixTSym<Element>'
   if(MuonCollection[v_muonidx[1]] < ptmin2) return {};
                                     ^~~~~~
In file included from /cvmfs/cms.cern.ch/slc7_amd64_gcc820/cms/cmssw/CMSSW_10_6_4/external/slc7_amd64_gcc820/bin/../../../../../../../slc7_amd64_gcc820/lcg/root/6.14.09/include/TDirectory.h:27,
                 from /cvmfs/cms.cern.ch/slc7_amd64_gcc820/cms/cmssw/CMSSW_10_6_4/external/slc7_amd64_gcc820/bin/../../../../../../../slc7_amd64_gcc820/lcg/root/6.14.09/include/TROOT.h:28,
                 from include/SKFlatNtuple.h:4,
                 from include/AnalyzerCore.h:10,
                 from include/JHAnalyzerBase.h:4,
                 from src/JHAnalyzerBase.C:1:
/cvmfs/cms.cern.ch/slc7_amd64_gcc820/cms/cmssw/CMSSW_10_6_4/external/slc7_amd64_gcc820/bin/../../../../../../../slc7_amd64_gcc820/lcg/root/6.14.09/include/TDatime.h:106:15: note: candidate: 'Bool_t operator<(const TDatime&, const TDatime&)'
 inline Bool_t operator< (const TDatime &d1, const TDatime &d2)
               ^~~~~~~~
/cvmfs/cms.cern.ch/slc7_amd64_gcc820/cms/cmssw/CMSSW_10_6_4/external/slc7_amd64_gcc820/bin/../../../../../../../slc7_amd64_gcc820/lcg/root/6.14.09/include/TDatime.h:106:15: note:   no known conversion for argument 1 from 'const value_type' {aka 'const Muon'} to 'const TDatime&'
In file included from /cvmfs/cms.cern.ch/slc7_amd64_gcc820/cms/cmssw/CMSSW_10_6_4/external/slc7_amd64_gcc820/bin/../../../../../../../slc7_amd64_gcc820/lcg/root/6.14.09/include/TTimer.h:46,
                 from /cvmfs/cms.cern.ch/slc7_amd64_gcc820/cms/cmssw/CMSSW_10_6_4/external/slc7_amd64_gcc820/bin/../../../../../../../slc7_amd64_gcc820/lcg/root/6.14.09/include/TSystem.h:37,
                 from /data6/Users/jhchoi/SKFlatAnalyzers/test/ForTMVA/SKFlatAnalyzer/AnalyzerTools/include/MCCorrection.h:18,
                 from include/AnalyzerCore.h:25,
                 from include/JHAnalyzerBase.h:4,
                 from src/JHAnalyzerBase.C:1:
/cvmfs/cms.cern.ch/slc7_amd64_gcc820/cms/cmssw/CMSSW_10_6_4/external/slc7_amd64_gcc820/bin/../../../../../../../slc7_amd64_gcc820/lcg/root/6.14.09/include/TTime.h:94:15: note: candidate: 'Bool_t operator<(const TTime&, const TTime&)'
 inline Bool_t operator< (const TTime &t1, const TTime &t2)
               ^~~~~~~~
/cvmfs/cms.cern.ch/slc7_amd64_gcc820/cms/cmssw/CMSSW_10_6_4/external/slc7_amd64_gcc820/bin/../../../../../../../slc7_amd64_gcc820/lcg/root/6.14.09/include/TTime.h:94:15: note:   no known conversion for argument 1 from 'const value_type' {aka 'const Muon'} to 'const TTime&'
In file included from /cvmfs/cms.cern.ch/slc7_amd64_gcc820/external/gcc/8.2.0-pafccj/include/c++/8.3.1/bits/stl_algobase.h:64,
                 from /cvmfs/cms.cern.ch/slc7_amd64_gcc820/external/gcc/8.2.0-pafccj/include/c++/8.3.1/vector:60,
                 from /cvmfs/cms.cern.ch/slc7_amd64_gcc820/cms/cmssw/CMSSW_10_6_4/external/slc7_amd64_gcc820/bin/../../../../../../../slc7_amd64_gcc820/lcg/root/6.14.09/include/TGenericClassInfo.h:15,
                 from /cvmfs/cms.cern.ch/slc7_amd64_gcc820/cms/cmssw/CMSSW_10_6_4/external/slc7_amd64_gcc820/bin/../../../../../../../slc7_amd64_gcc820/lcg/root/6.14.09/include/Rtypes.h:188,
                 from /cvmfs/cms.cern.ch/slc7_amd64_gcc820/cms/cmssw/CMSSW_10_6_4/external/slc7_amd64_gcc820/bin/../../../../../../../slc7_amd64_gcc820/lcg/root/6.14.09/include/TMath.h:15,
                 from /cvmfs/cms.cern.ch/slc7_amd64_gcc820/cms/cmssw/CMSSW_10_6_4/external/slc7_amd64_gcc820/bin/../../../../../../../slc7_amd64_gcc820/lcg/root/6.14.09/include/TLorentzVector.h:24,
                 from include/AnalyzerCore.h:4,
                 from include/JHAnalyzerBase.h:4,
                 from src/JHAnalyzerBase.C:1:
/cvmfs/cms.cern.ch/slc7_amd64_gcc820/external/gcc/8.2.0-pafccj/include/c++/8.3.1/bits/stl_pair.h:454:5: note: candidate: 'template<class _T1, class _T2> constexpr bool std::operator<(const std::pair<_T1, _T2>&, const std::pair<_T1, _T2>&)'
     operator<(const pair<_T1, _T2>& __x, const pair<_T1, _T2>& __y)
     ^~~~~~~~
/cvmfs/cms.cern.ch/slc7_amd64_gcc820/external/gcc/8.2.0-pafccj/include/c++/8.3.1/bits/stl_pair.h:454:5: note:   template argument deduction/substitution failed:
src/JHAnalyzerBase.C:1002:37: note:   'const value_type' {aka 'const Muon'} is not derived from 'const std::pair<_T1, _T2>'
   if(MuonCollection[v_muonidx[1]] < ptmin2) return {};
                                     ^~~~~~
In file included from /cvmfs/cms.cern.ch/slc7_amd64_gcc820/external/gcc/8.2.0-pafccj/include/c++/8.3.1/bits/stl_algobase.h:67,
                 from /cvmfs/cms.cern.ch/slc7_amd64_gcc820/external/gcc/8.2.0-pafccj/include/c++/8.3.1/vector:60,
                 from /cvmfs/cms.cern.ch/slc7_amd64_gcc820/cms/cmssw/CMSSW_10_6_4/external/slc7_amd64_gcc820/bin/../../../../../../../slc7_amd64_gcc820/lcg/root/6.14.09/include/TGenericClassInfo.h:15,
                 from /cvmfs/cms.cern.ch/slc7_amd64_gcc820/cms/cmssw/CMSSW_10_6_4/external/slc7_amd64_gcc820/bin/../../../../../../../slc7_amd64_gcc820/lcg/root/6.14.09/include/Rtypes.h:188,
                 from /cvmfs/cms.cern.ch/slc7_amd64_gcc820/cms/cmssw/CMSSW_10_6_4/external/slc7_amd64_gcc820/bin/../../../../../../../slc7_amd64_gcc820/lcg/root/6.14.09/include/TMath.h:15,
                 from /cvmfs/cms.cern.ch/slc7_amd64_gcc820/cms/cmssw/CMSSW_10_6_4/external/slc7_amd64_gcc820/bin/../../../../../../../slc7_amd64_gcc820/lcg/root/6.14.09/include/TLorentzVector.h:24,
                 from include/AnalyzerCore.h:4,
                 from include/JHAnalyzerBase.h:4,
                 from src/JHAnalyzerBase.C:1:
/cvmfs/cms.cern.ch/slc7_amd64_gcc820/external/gcc/8.2.0-pafccj/include/c++/8.3.1/bits/stl_iterator.h:308:5: note: candidate: 'template<class _Iterator> constexpr bool std::operator<(const std::reverse_iterator<_Iterator>&, const std::reverse_iterator<_Iterator>&)'
     operator<(const reverse_iterator<_Iterator>& __x,
     ^~~~~~~~
/cvmfs/cms.cern.ch/slc7_amd64_gcc820/external/gcc/8.2.0-pafccj/include/c++/8.3.1/bits/stl_iterator.h:308:5: note:   template argument deduction/substitution failed:
src/JHAnalyzerBase.C:1002:37: note:   'const value_type' {aka 'const Muon'} is not derived from 'const std::reverse_iterator<_Iterator>'
   if(MuonCollection[v_muonidx[1]] < ptmin2) return {};
                                     ^~~~~~
In file included from /cvmfs/cms.cern.ch/slc7_amd64_gcc820/external/gcc/8.2.0-pafccj/include/c++/8.3.1/bits/stl_algobase.h:67,
                 from /cvmfs/cms.cern.ch/slc7_amd64_gcc820/external/gcc/8.2.0-pafccj/include/c++/8.3.1/vector:60,
                 from /cvmfs/cms.cern.ch/slc7_amd64_gcc820/cms/cmssw/CMSSW_10_6_4/external/slc7_amd64_gcc820/bin/../../../../../../../slc7_amd64_gcc820/lcg/root/6.14.09/include/TGenericClassInfo.h:15,
                 from /cvmfs/cms.cern.ch/slc7_amd64_gcc820/cms/cmssw/CMSSW_10_6_4/external/slc7_amd64_gcc820/bin/../../../../../../../slc7_amd64_gcc820/lcg/root/6.14.09/include/Rtypes.h:188,
                 from /cvmfs/cms.cern.ch/slc7_amd64_gcc820/cms/cmssw/CMSSW_10_6_4/external/slc7_amd64_gcc820/bin/../../../../../../../slc7_amd64_gcc820/lcg/root/6.14.09/include/TMath.h:15,
                 from /cvmfs/cms.cern.ch/slc7_amd64_gcc820/cms/cmssw/CMSSW_10_6_4/external/slc7_amd64_gcc820/bin/../../../../../../../slc7_amd64_gcc820/lcg/root/6.14.09/include/TLorentzVector.h:24,
                 from include/AnalyzerCore.h:4,
                 from include/JHAnalyzerBase.h:4,
                 from src/JHAnalyzerBase.C:1:
/cvmfs/cms.cern.ch/slc7_amd64_gcc820/external/gcc/8.2.0-pafccj/include/c++/8.3.1/bits/stl_iterator.h:346:5: note: candidate: 'template<class _IteratorL, class _IteratorR> constexpr bool std::operator<(const std::reverse_iterator<_Iterator>&, const std::reverse_iterator<_IteratorR>&)'
     operator<(const reverse_iterator<_IteratorL>& __x,
     ^~~~~~~~
/cvmfs/cms.cern.ch/slc7_amd64_gcc820/external/gcc/8.2.0-pafccj/include/c++/8.3.1/bits/stl_iterator.h:346:5: note:   template argument deduction/substitution failed:
src/JHAnalyzerBase.C:1002:37: note:   'const value_type' {aka 'const Muon'} is not derived from 'const std::reverse_iterator<_Iterator>'
   if(MuonCollection[v_muonidx[1]] < ptmin2) return {};
                                     ^~~~~~
In file included from /cvmfs/cms.cern.ch/slc7_amd64_gcc820/external/gcc/8.2.0-pafccj/include/c++/8.3.1/bits/stl_algobase.h:67,
                 from /cvmfs/cms.cern.ch/slc7_amd64_gcc820/external/gcc/8.2.0-pafccj/include/c++/8.3.1/vector:60,
                 from /cvmfs/cms.cern.ch/slc7_amd64_gcc820/cms/cmssw/CMSSW_10_6_4/external/slc7_amd64_gcc820/bin/../../../../../../../slc7_amd64_gcc820/lcg/root/6.14.09/include/TGenericClassInfo.h:15,
                 from /cvmfs/cms.cern.ch/slc7_amd64_gcc820/cms/cmssw/CMSSW_10_6_4/external/slc7_amd64_gcc820/bin/../../../../../../../slc7_amd64_gcc820/lcg/root/6.14.09/include/Rtypes.h:188,
                 from /cvmfs/cms.cern.ch/slc7_amd64_gcc820/cms/cmssw/CMSSW_10_6_4/external/slc7_amd64_gcc820/bin/../../../../../../../slc7_amd64_gcc820/lcg/root/6.14.09/include/TMath.h:15,
                 from /cvmfs/cms.cern.ch/slc7_amd64_gcc820/cms/cmssw/CMSSW_10_6_4/external/slc7_amd64_gcc820/bin/../../../../../../../slc7_amd64_gcc820/lcg/root/6.14.09/include/TLorentzVector.h:24,
                 from include/AnalyzerCore.h:4,
                 from include/JHAnalyzerBase.h:4,
                 from src/JHAnalyzerBase.C:1:
/cvmfs/cms.cern.ch/slc7_amd64_gcc820/external/gcc/8.2.0-pafccj/include/c++/8.3.1/bits/stl_iterator.h:1139:5: note: candidate: 'template<class _IteratorL, class _IteratorR> constexpr bool std::operator<(const std::move_iterator<_IteratorL>&, const std::move_iterator<_IteratorR>&)'
     operator<(const move_iterator<_IteratorL>& __x,
     ^~~~~~~~
/cvmfs/cms.cern.ch/slc7_amd64_gcc820/external/gcc/8.2.0-pafccj/include/c++/8.3.1/bits/stl_iterator.h:1139:5: note:   template argument deduction/substitution failed:
src/JHAnalyzerBase.C:1002:37: note:   'const value_type' {aka 'const Muon'} is not derived from 'const std::move_iterator<_IteratorL>'
   if(MuonCollection[v_muonidx[1]] < ptmin2) return {};
                                     ^~~~~~
In file included from /cvmfs/cms.cern.ch/slc7_amd64_gcc820/external/gcc/8.2.0-pafccj/include/c++/8.3.1/bits/stl_algobase.h:67,
                 from /cvmfs/cms.cern.ch/slc7_amd64_gcc820/external/gcc/8.2.0-pafccj/include/c++/8.3.1/vector:60,
                 from /cvmfs/cms.cern.ch/slc7_amd64_gcc820/cms/cmssw/CMSSW_10_6_4/external/slc7_amd64_gcc820/bin/../../../../../../../slc7_amd64_gcc820/lcg/root/6.14.09/include/TGenericClassInfo.h:15,
                 from /cvmfs/cms.cern.ch/slc7_amd64_gcc820/cms/cmssw/CMSSW_10_6_4/external/slc7_amd64_gcc820/bin/../../../../../../../slc7_amd64_gcc820/lcg/root/6.14.09/include/Rtypes.h:188,
                 from /cvmfs/cms.cern.ch/slc7_amd64_gcc820/cms/cmssw/CMSSW_10_6_4/external/slc7_amd64_gcc820/bin/../../../../../../../slc7_amd64_gcc820/lcg/root/6.14.09/include/TMath.h:15,
                 from /cvmfs/cms.cern.ch/slc7_amd64_gcc820/cms/cmssw/CMSSW_10_6_4/external/slc7_amd64_gcc820/bin/../../../../../../../slc7_amd64_gcc820/lcg/root/6.14.09/include/TLorentzVector.h:24,
                 from include/AnalyzerCore.h:4,
                 from include/JHAnalyzerBase.h:4,
                 from src/JHAnalyzerBase.C:1:
/cvmfs/cms.cern.ch/slc7_amd64_gcc820/external/gcc/8.2.0-pafccj/include/c++/8.3.1/bits/stl_iterator.h:1145:5: note: candidate: 'template<class _Iterator> constexpr bool std::operator<(const std::move_iterator<_IteratorL>&, const std::move_iterator<_IteratorL>&)'
     operator<(const move_iterator<_Iterator>& __x,
     ^~~~~~~~
/cvmfs/cms.cern.ch/slc7_amd64_gcc820/external/gcc/8.2.0-pafccj/include/c++/8.3.1/bits/stl_iterator.h:1145:5: note:   template argument deduction/substitution failed:
src/JHAnalyzerBase.C:1002:37: note:   'const value_type' {aka 'const Muon'} is not derived from 'const std::move_iterator<_IteratorL>'
   if(MuonCollection[v_muonidx[1]] < ptmin2) return {};
                                     ^~~~~~
In file included from /cvmfs/cms.cern.ch/slc7_amd64_gcc820/external/gcc/8.2.0-pafccj/include/c++/8.3.1/vector:64,
                 from /cvmfs/cms.cern.ch/slc7_amd64_gcc820/cms/cmssw/CMSSW_10_6_4/external/slc7_amd64_gcc820/bin/../../../../../../../slc7_amd64_gcc820/lcg/root/6.14.09/include/TGenericClassInfo.h:15,
                 from /cvmfs/cms.cern.ch/slc7_amd64_gcc820/cms/cmssw/CMSSW_10_6_4/external/slc7_amd64_gcc820/bin/../../../../../../../slc7_amd64_gcc820/lcg/root/6.14.09/include/Rtypes.h:188,
                 from /cvmfs/cms.cern.ch/slc7_amd64_gcc820/cms/cmssw/CMSSW_10_6_4/external/slc7_amd64_gcc820/bin/../../../../../../../slc7_amd64_gcc820/lcg/root/6.14.09/include/TMath.h:15,
                 from /cvmfs/cms.cern.ch/slc7_amd64_gcc820/cms/cmssw/CMSSW_10_6_4/external/slc7_amd64_gcc820/bin/../../../../../../../slc7_amd64_gcc820/lcg/root/6.14.09/include/TLorentzVector.h:24,
                 from include/AnalyzerCore.h:4,
                 from include/JHAnalyzerBase.h:4,
                 from src/JHAnalyzerBase.C:1:
/cvmfs/cms.cern.ch/slc7_amd64_gcc820/external/gcc/8.2.0-pafccj/include/c++/8.3.1/bits/stl_vector.h:1770:5: note: candidate: 'template<class _Tp, class _Alloc> bool std::operator<(const std::vector<_Tp, _Alloc>&, const std::vector<_Tp, _Alloc>&)'
     operator<(const vector<_Tp, _Alloc>& __x, const vector<_Tp, _Alloc>& __y)
     ^~~~~~~~
/cvmfs/cms.cern.ch/slc7_amd64_gcc820/external/gcc/8.2.0-pafccj/include/c++/8.3.1/bits/stl_vector.h:1770:5: note:   template argument deduction/substitution failed:
src/JHAnalyzerBase.C:1002:37: note:   'const value_type' {aka 'const Muon'} is not derived from 'const std::vector<_Tp, _Alloc>'
   if(MuonCollection[v_muonidx[1]] < ptmin2) return {};
                                     ^~~~~~
In file included from /cvmfs/cms.cern.ch/slc7_amd64_gcc820/external/gcc/8.2.0-pafccj/include/c++/8.3.1/bits/basic_string.h:48,
                 from /cvmfs/cms.cern.ch/slc7_amd64_gcc820/external/gcc/8.2.0-pafccj/include/c++/8.3.1/string:52,
                 from /cvmfs/cms.cern.ch/slc7_amd64_gcc820/cms/cmssw/CMSSW_10_6_4/external/slc7_amd64_gcc820/bin/../../../../../../../slc7_amd64_gcc820/lcg/root/6.14.09/include/TSchemaHelper.h:17,
                 from /cvmfs/cms.cern.ch/slc7_amd64_gcc820/cms/cmssw/CMSSW_10_6_4/external/slc7_amd64_gcc820/bin/../../../../../../../slc7_amd64_gcc820/lcg/root/6.14.09/include/TGenericClassInfo.h:16,
                 from /cvmfs/cms.cern.ch/slc7_amd64_gcc820/cms/cmssw/CMSSW_10_6_4/external/slc7_amd64_gcc820/bin/../../../../../../../slc7_amd64_gcc820/lcg/root/6.14.09/include/Rtypes.h:188,
                 from /cvmfs/cms.cern.ch/slc7_amd64_gcc820/cms/cmssw/CMSSW_10_6_4/external/slc7_amd64_gcc820/bin/../../../../../../../slc7_amd64_gcc820/lcg/root/6.14.09/include/TMath.h:15,
                 from /cvmfs/cms.cern.ch/slc7_amd64_gcc820/cms/cmssw/CMSSW_10_6_4/external/slc7_amd64_gcc820/bin/../../../../../../../slc7_amd64_gcc820/lcg/root/6.14.09/include/TLorentzVector.h:24,
                 from include/AnalyzerCore.h:4,
                 from include/JHAnalyzerBase.h:4,
                 from src/JHAnalyzerBase.C:1:
/cvmfs/cms.cern.ch/slc7_amd64_gcc820/external/gcc/8.2.0-pafccj/include/c++/8.3.1/string_view:472:5: note: candidate: 'template<class _CharT, class _Traits> constexpr bool std::operator<(std::basic_string_view<_CharT, _Traits>, std::basic_string_view<_CharT, _Traits>)'
     operator< (basic_string_view<_CharT, _Traits> __x,
     ^~~~~~~~
/cvmfs/cms.cern.ch/slc7_amd64_gcc820/external/gcc/8.2.0-pafccj/include/c++/8.3.1/string_view:472:5: note:   template argument deduction/substitution failed:
src/JHAnalyzerBase.C:1002:37: note:   'Muon' is not derived from 'std::basic_string_view<_CharT, _Traits>'
   if(MuonCollection[v_muonidx[1]] < ptmin2) return {};
                                     ^~~~~~
In file included from /cvmfs/cms.cern.ch/slc7_amd64_gcc820/external/gcc/8.2.0-pafccj/include/c++/8.3.1/bits/basic_string.h:48,
                 from /cvmfs/cms.cern.ch/slc7_amd64_gcc820/external/gcc/8.2.0-pafccj/include/c++/8.3.1/string:52,
                 from /cvmfs/cms.cern.ch/slc7_amd64_gcc820/cms/cmssw/CMSSW_10_6_4/external/slc7_amd64_gcc820/bin/../../../../../../../slc7_amd64_gcc820/lcg/root/6.14.09/include/TSchemaHelper.h:17,
                 from /cvmfs/cms.cern.ch/slc7_amd64_gcc820/cms/cmssw/CMSSW_10_6_4/external/slc7_amd64_gcc820/bin/../../../../../../../slc7_amd64_gcc820/lcg/root/6.14.09/include/TGenericClassInfo.h:16,
                 from /cvmfs/cms.cern.ch/slc7_amd64_gcc820/cms/cmssw/CMSSW_10_6_4/external/slc7_amd64_gcc820/bin/../../../../../../../slc7_amd64_gcc820/lcg/root/6.14.09/include/Rtypes.h:188,
                 from /cvmfs/cms.cern.ch/slc7_amd64_gcc820/cms/cmssw/CMSSW_10_6_4/external/slc7_amd64_gcc820/bin/../../../../../../../slc7_amd64_gcc820/lcg/root/6.14.09/include/TMath.h:15,
                 from /cvmfs/cms.cern.ch/slc7_amd64_gcc820/cms/cmssw/CMSSW_10_6_4/external/slc7_amd64_gcc820/bin/../../../../../../../slc7_amd64_gcc820/lcg/root/6.14.09/include/TLorentzVector.h:24,
                 from include/AnalyzerCore.h:4,
                 from include/JHAnalyzerBase.h:4,
                 from src/JHAnalyzerBase.C:1:
/cvmfs/cms.cern.ch/slc7_amd64_gcc820/external/gcc/8.2.0-pafccj/include/c++/8.3.1/string_view:478:5: note: candidate: 'template<class _CharT, class _Traits> constexpr bool std::operator<(std::basic_string_view<_CharT, _Traits>, std::__detail::__idt<std::basic_string_view<_CharT, _Traits> >)'
     operator< (basic_string_view<_CharT, _Traits> __x,
     ^~~~~~~~
/cvmfs/cms.cern.ch/slc7_amd64_gcc820/external/gcc/8.2.0-pafccj/include/c++/8.3.1/string_view:478:5: note:   template argument deduction/substitution failed:
src/JHAnalyzerBase.C:1002:37: note:   'Muon' is not derived from 'std::basic_string_view<_CharT, _Traits>'
   if(MuonCollection[v_muonidx[1]] < ptmin2) return {};
                                     ^~~~~~
In file included from /cvmfs/cms.cern.ch/slc7_amd64_gcc820/external/gcc/8.2.0-pafccj/include/c++/8.3.1/bits/basic_string.h:48,
                 from /cvmfs/cms.cern.ch/slc7_amd64_gcc820/external/gcc/8.2.0-pafccj/include/c++/8.3.1/string:52,
                 from /cvmfs/cms.cern.ch/slc7_amd64_gcc820/cms/cmssw/CMSSW_10_6_4/external/slc7_amd64_gcc820/bin/../../../../../../../slc7_amd64_gcc820/lcg/root/6.14.09/include/TSchemaHelper.h:17,
                 from /cvmfs/cms.cern.ch/slc7_amd64_gcc820/cms/cmssw/CMSSW_10_6_4/external/slc7_amd64_gcc820/bin/../../../../../../../slc7_amd64_gcc820/lcg/root/6.14.09/include/TGenericClassInfo.h:16,
                 from /cvmfs/cms.cern.ch/slc7_amd64_gcc820/cms/cmssw/CMSSW_10_6_4/external/slc7_amd64_gcc820/bin/../../../../../../../slc7_amd64_gcc820/lcg/root/6.14.09/include/Rtypes.h:188,
                 from /cvmfs/cms.cern.ch/slc7_amd64_gcc820/cms/cmssw/CMSSW_10_6_4/external/slc7_amd64_gcc820/bin/../../../../../../../slc7_amd64_gcc820/lcg/root/6.14.09/include/TMath.h:15,
                 from /cvmfs/cms.cern.ch/slc7_amd64_gcc820/cms/cmssw/CMSSW_10_6_4/external/slc7_amd64_gcc820/bin/../../../../../../../slc7_amd64_gcc820/lcg/root/6.14.09/include/TLorentzVector.h:24,
                 from include/AnalyzerCore.h:4,
                 from include/JHAnalyzerBase.h:4,
                 from src/JHAnalyzerBase.C:1:
/cvmfs/cms.cern.ch/slc7_amd64_gcc820/external/gcc/8.2.0-pafccj/include/c++/8.3.1/string_view:484:5: note: candidate: 'template<class _CharT, class _Traits> constexpr bool std::operator<(std::__detail::__idt<std::basic_string_view<_CharT, _Traits> >, std::basic_string_view<_CharT, _Traits>)'
     operator< (__detail::__idt<basic_string_view<_CharT, _Traits>> __x,
     ^~~~~~~~
/cvmfs/cms.cern.ch/slc7_amd64_gcc820/external/gcc/8.2.0-pafccj/include/c++/8.3.1/string_view:484:5: note:   template argument deduction/substitution failed:
src/JHAnalyzerBase.C:1002:37: note:   mismatched types 'std::basic_string_view<_CharT, _Traits>' and 'double'
   if(MuonCollection[v_muonidx[1]] < ptmin2) return {};
                                     ^~~~~~
In file included from /cvmfs/cms.cern.ch/slc7_amd64_gcc820/external/gcc/8.2.0-pafccj/include/c++/8.3.1/string:52,
                 from /cvmfs/cms.cern.ch/slc7_amd64_gcc820/cms/cmssw/CMSSW_10_6_4/external/slc7_amd64_gcc820/bin/../../../../../../../slc7_amd64_gcc820/lcg/root/6.14.09/include/TSchemaHelper.h:17,
                 from /cvmfs/cms.cern.ch/slc7_amd64_gcc820/cms/cmssw/CMSSW_10_6_4/external/slc7_amd64_gcc820/bin/../../../../../../../slc7_amd64_gcc820/lcg/root/6.14.09/include/TGenericClassInfo.h:16,
                 from /cvmfs/cms.cern.ch/slc7_amd64_gcc820/cms/cmssw/CMSSW_10_6_4/external/slc7_amd64_gcc820/bin/../../../../../../../slc7_amd64_gcc820/lcg/root/6.14.09/include/Rtypes.h:188,
                 from /cvmfs/cms.cern.ch/slc7_amd64_gcc820/cms/cmssw/CMSSW_10_6_4/external/slc7_amd64_gcc820/bin/../../../../../../../slc7_amd64_gcc820/lcg/root/6.14.09/include/TMath.h:15,
                 from /cvmfs/cms.cern.ch/slc7_amd64_gcc820/cms/cmssw/CMSSW_10_6_4/external/slc7_amd64_gcc820/bin/../../../../../../../slc7_amd64_gcc820/lcg/root/6.14.09/include/TLorentzVector.h:24,
                 from include/AnalyzerCore.h:4,
                 from include/JHAnalyzerBase.h:4,
                 from src/JHAnalyzerBase.C:1:
/cvmfs/cms.cern.ch/slc7_amd64_gcc820/external/gcc/8.2.0-pafccj/include/c++/8.3.1/bits/basic_string.h:6133:5: note: candidate: 'template<class _CharT, class _Traits, class _Alloc> bool std::operator<(const std::__cxx11::basic_string<_CharT, _Traits, _Allocator>&, const std::__cxx11::basic_string<_CharT, _Traits, _Allocator>&)'
     operator<(const basic_string<_CharT, _Traits, _Alloc>& __lhs,
     ^~~~~~~~
/cvmfs/cms.cern.ch/slc7_amd64_gcc820/external/gcc/8.2.0-pafccj/include/c++/8.3.1/bits/basic_string.h:6133:5: note:   template argument deduction/substitution failed:
src/JHAnalyzerBase.C:1002:37: note:   'const value_type' {aka 'const Muon'} is not derived from 'const std::__cxx11::basic_string<_CharT, _Traits, _Allocator>'
   if(MuonCollection[v_muonidx[1]] < ptmin2) return {};
                                     ^~~~~~
In file included from /cvmfs/cms.cern.ch/slc7_amd64_gcc820/external/gcc/8.2.0-pafccj/include/c++/8.3.1/string:52,
                 from /cvmfs/cms.cern.ch/slc7_amd64_gcc820/cms/cmssw/CMSSW_10_6_4/external/slc7_amd64_gcc820/bin/../../../../../../../slc7_amd64_gcc820/lcg/root/6.14.09/include/TSchemaHelper.h:17,
                 from /cvmfs/cms.cern.ch/slc7_amd64_gcc820/cms/cmssw/CMSSW_10_6_4/external/slc7_amd64_gcc820/bin/../../../../../../../slc7_amd64_gcc820/lcg/root/6.14.09/include/TGenericClassInfo.h:16,
                 from /cvmfs/cms.cern.ch/slc7_amd64_gcc820/cms/cmssw/CMSSW_10_6_4/external/slc7_amd64_gcc820/bin/../../../../../../../slc7_amd64_gcc820/lcg/root/6.14.09/include/Rtypes.h:188,
                 from /cvmfs/cms.cern.ch/slc7_amd64_gcc820/cms/cmssw/CMSSW_10_6_4/external/slc7_amd64_gcc820/bin/../../../../../../../slc7_amd64_gcc820/lcg/root/6.14.09/include/TMath.h:15,
                 from /cvmfs/cms.cern.ch/slc7_amd64_gcc820/cms/cmssw/CMSSW_10_6_4/external/slc7_amd64_gcc820/bin/../../../../../../../slc7_amd64_gcc820/lcg/root/6.14.09/include/TLorentzVector.h:24,
                 from include/AnalyzerCore.h:4,
                 from include/JHAnalyzerBase.h:4,
                 from src/JHAnalyzerBase.C:1:
/cvmfs/cms.cern.ch/slc7_amd64_gcc820/external/gcc/8.2.0-pafccj/include/c++/8.3.1/bits/basic_string.h:6146:5: note: candidate: 'template<class _CharT, class _Traits, class _Alloc> bool std::operator<(const std::__cxx11::basic_string<_CharT, _Traits, _Allocator>&, const _CharT*)'
     operator<(const basic_string<_CharT, _Traits, _Alloc>& __lhs,
     ^~~~~~~~
/cvmfs/cms.cern.ch/slc7_amd64_gcc820/external/gcc/8.2.0-pafccj/include/c++/8.3.1/bits/basic_string.h:6146:5: note:   template argument deduction/substitution failed:
src/JHAnalyzerBase.C:1002:37: note:   'const value_type' {aka 'const Muon'} is not derived from 'const std::__cxx11::basic_string<_CharT, _Traits, _Allocator>'
   if(MuonCollection[v_muonidx[1]] < ptmin2) return {};
                                     ^~~~~~
In file included from /cvmfs/cms.cern.ch/slc7_amd64_gcc820/external/gcc/8.2.0-pafccj/include/c++/8.3.1/string:52,
                 from /cvmfs/cms.cern.ch/slc7_amd64_gcc820/cms/cmssw/CMSSW_10_6_4/external/slc7_amd64_gcc820/bin/../../../../../../../slc7_amd64_gcc820/lcg/root/6.14.09/include/TSchemaHelper.h:17,
                 from /cvmfs/cms.cern.ch/slc7_amd64_gcc820/cms/cmssw/CMSSW_10_6_4/external/slc7_amd64_gcc820/bin/../../../../../../../slc7_amd64_gcc820/lcg/root/6.14.09/include/TGenericClassInfo.h:16,
                 from /cvmfs/cms.cern.ch/slc7_amd64_gcc820/cms/cmssw/CMSSW_10_6_4/external/slc7_amd64_gcc820/bin/../../../../../../../slc7_amd64_gcc820/lcg/root/6.14.09/include/Rtypes.h:188,
                 from /cvmfs/cms.cern.ch/slc7_amd64_gcc820/cms/cmssw/CMSSW_10_6_4/external/slc7_amd64_gcc820/bin/../../../../../../../slc7_amd64_gcc820/lcg/root/6.14.09/include/TMath.h:15,
                 from /cvmfs/cms.cern.ch/slc7_amd64_gcc820/cms/cmssw/CMSSW_10_6_4/external/slc7_amd64_gcc820/bin/../../../../../../../slc7_amd64_gcc820/lcg/root/6.14.09/include/TLorentzVector.h:24,
                 from include/AnalyzerCore.h:4,
                 from include/JHAnalyzerBase.h:4,
                 from src/JHAnalyzerBase.C:1:
/cvmfs/cms.cern.ch/slc7_amd64_gcc820/external/gcc/8.2.0-pafccj/include/c++/8.3.1/bits/basic_string.h:6158:5: note: candidate: 'template<class _CharT, class _Traits, class _Alloc> bool std::operator<(const _CharT*, const std::__cxx11::basic_string<_CharT, _Traits, _Allocator>&)'
     operator<(const _CharT* __lhs,
     ^~~~~~~~
/cvmfs/cms.cern.ch/slc7_amd64_gcc820/external/gcc/8.2.0-pafccj/include/c++/8.3.1/bits/basic_string.h:6158:5: note:   template argument deduction/substitution failed:
src/JHAnalyzerBase.C:1002:37: note:   mismatched types 'const _CharT*' and 'Muon'
   if(MuonCollection[v_muonidx[1]] < ptmin2) return {};
                                     ^~~~~~
In file included from /cvmfs/cms.cern.ch/slc7_amd64_gcc820/external/gcc/8.2.0-pafccj/include/c++/8.3.1/tuple:39,
                 from /cvmfs/cms.cern.ch/slc7_amd64_gcc820/external/gcc/8.2.0-pafccj/include/c++/8.3.1/bits/unique_ptr.h:37,
                 from /cvmfs/cms.cern.ch/slc7_amd64_gcc820/external/gcc/8.2.0-pafccj/include/c++/8.3.1/memory:80,
                 from /cvmfs/cms.cern.ch/slc7_amd64_gcc820/cms/cmssw/CMSSW_10_6_4/external/slc7_amd64_gcc820/bin/../../../../../../../slc7_amd64_gcc820/lcg/root/6.14.09/include/ROOT/TypeTraits.hxx:15,
                 from /cvmfs/cms.cern.ch/slc7_amd64_gcc820/cms/cmssw/CMSSW_10_6_4/external/slc7_amd64_gcc820/bin/../../../../../../../slc7_amd64_gcc820/lcg/root/6.14.09/include/TString.h:29,
                 from /cvmfs/cms.cern.ch/slc7_amd64_gcc820/cms/cmssw/CMSSW_10_6_4/external/slc7_amd64_gcc820/bin/../../../../../../../slc7_amd64_gcc820/lcg/root/6.14.09/include/TNamed.h:26,
                 from /cvmfs/cms.cern.ch/slc7_amd64_gcc820/cms/cmssw/CMSSW_10_6_4/external/slc7_amd64_gcc820/bin/../../../../../../../slc7_amd64_gcc820/lcg/root/6.14.09/include/TMatrixTBase.h:70,
                 from /cvmfs/cms.cern.ch/slc7_amd64_gcc820/cms/cmssw/CMSSW_10_6_4/external/slc7_amd64_gcc820/bin/../../../../../../../slc7_amd64_gcc820/lcg/root/6.14.09/include/TMatrixT.h:23,
                 from /cvmfs/cms.cern.ch/slc7_amd64_gcc820/cms/cmssw/CMSSW_10_6_4/external/slc7_amd64_gcc820/bin/../../../../../../../slc7_amd64_gcc820/lcg/root/6.14.09/include/TMatrixF.h:20,
                 from /cvmfs/cms.cern.ch/slc7_amd64_gcc820/cms/cmssw/CMSSW_10_6_4/external/slc7_amd64_gcc820/bin/../../../../../../../slc7_amd64_gcc820/lcg/root/6.14.09/include/TMatrix.h:23,
                 from /cvmfs/cms.cern.ch/slc7_amd64_gcc820/cms/cmssw/CMSSW_10_6_4/external/slc7_amd64_gcc820/bin/../../../../../../../slc7_amd64_gcc820/lcg/root/6.14.09/include/TVector3.h:16,
                 from /cvmfs/cms.cern.ch/slc7_amd64_gcc820/cms/cmssw/CMSSW_10_6_4/external/slc7_amd64_gcc820/bin/../../../../../../../slc7_amd64_gcc820/lcg/root/6.14.09/include/TLorentzVector.h:25,
                 from include/AnalyzerCore.h:4,
                 from include/JHAnalyzerBase.h:4,
                 from src/JHAnalyzerBase.C:1:
/cvmfs/cms.cern.ch/slc7_amd64_gcc820/external/gcc/8.2.0-pafccj/include/c++/8.3.1/array:262:5: note: candidate: 'template<class _Tp, long unsigned int _Nm> bool std::operator<(const std::array<_Tp, _Nm>&, const std::array<_Tp, _Nm>&)'
     operator<(const array<_Tp, _Nm>& __a, const array<_Tp, _Nm>& __b)
     ^~~~~~~~
/cvmfs/cms.cern.ch/slc7_amd64_gcc820/external/gcc/8.2.0-pafccj/include/c++/8.3.1/array:262:5: note:   template argument deduction/substitution failed:
src/JHAnalyzerBase.C:1002:37: note:   'const value_type' {aka 'const Muon'} is not derived from 'const std::array<_Tp, _Nm>'
   if(MuonCollection[v_muonidx[1]] < ptmin2) return {};
                                     ^~~~~~
In file included from /cvmfs/cms.cern.ch/slc7_amd64_gcc820/external/gcc/8.2.0-pafccj/include/c++/8.3.1/bits/unique_ptr.h:37,
                 from /cvmfs/cms.cern.ch/slc7_amd64_gcc820/external/gcc/8.2.0-pafccj/include/c++/8.3.1/memory:80,
                 from /cvmfs/cms.cern.ch/slc7_amd64_gcc820/cms/cmssw/CMSSW_10_6_4/external/slc7_amd64_gcc820/bin/../../../../../../../slc7_amd64_gcc820/lcg/root/6.14.09/include/ROOT/TypeTraits.hxx:15,
                 from /cvmfs/cms.cern.ch/slc7_amd64_gcc820/cms/cmssw/CMSSW_10_6_4/external/slc7_amd64_gcc820/bin/../../../../../../../slc7_amd64_gcc820/lcg/root/6.14.09/include/TString.h:29,
                 from /cvmfs/cms.cern.ch/slc7_amd64_gcc820/cms/cmssw/CMSSW_10_6_4/external/slc7_amd64_gcc820/bin/../../../../../../../slc7_amd64_gcc820/lcg/root/6.14.09/include/TNamed.h:26,
                 from /cvmfs/cms.cern.ch/slc7_amd64_gcc820/cms/cmssw/CMSSW_10_6_4/external/slc7_amd64_gcc820/bin/../../../../../../../slc7_amd64_gcc820/lcg/root/6.14.09/include/TMatrixTBase.h:70,
                 from /cvmfs/cms.cern.ch/slc7_amd64_gcc820/cms/cmssw/CMSSW_10_6_4/external/slc7_amd64_gcc820/bin/../../../../../../../slc7_amd64_gcc820/lcg/root/6.14.09/include/TMatrixT.h:23,
                 from /cvmfs/cms.cern.ch/slc7_amd64_gcc820/cms/cmssw/CMSSW_10_6_4/external/slc7_amd64_gcc820/bin/../../../../../../../slc7_amd64_gcc820/lcg/root/6.14.09/include/TMatrixF.h:20,
                 from /cvmfs/cms.cern.ch/slc7_amd64_gcc820/cms/cmssw/CMSSW_10_6_4/external/slc7_amd64_gcc820/bin/../../../../../../../slc7_amd64_gcc820/lcg/root/6.14.09/include/TMatrix.h:23,
                 from /cvmfs/cms.cern.ch/slc7_amd64_gcc820/cms/cmssw/CMSSW_10_6_4/external/slc7_amd64_gcc820/bin/../../../../../../../slc7_amd64_gcc820/lcg/root/6.14.09/include/TVector3.h:16,
                 from /cvmfs/cms.cern.ch/slc7_amd64_gcc820/cms/cmssw/CMSSW_10_6_4/external/slc7_amd64_gcc820/bin/../../../../../../../slc7_amd64_gcc820/lcg/root/6.14.09/include/TLorentzVector.h:25,
                 from include/AnalyzerCore.h:4,
                 from include/JHAnalyzerBase.h:4,
                 from src/JHAnalyzerBase.C:1:
/cvmfs/cms.cern.ch/slc7_amd64_gcc820/external/gcc/8.2.0-pafccj/include/c++/8.3.1/tuple:1426:5: note: candidate: 'template<class ... _TElements, class ... _UElements> constexpr bool std::operator<(const std::tuple<_Tps ...>&, const std::tuple<_Elements ...>&)'
     operator<(const tuple<_TElements...>& __t,
     ^~~~~~~~
/cvmfs/cms.cern.ch/slc7_amd64_gcc820/external/gcc/8.2.0-pafccj/include/c++/8.3.1/tuple:1426:5: note:   template argument deduction/substitution failed:
src/JHAnalyzerBase.C:1002:37: note:   'const value_type' {aka 'const Muon'} is not derived from 'const std::tuple<_Tps ...>'
   if(MuonCollection[v_muonidx[1]] < ptmin2) return {};
                                     ^~~~~~
In file included from /cvmfs/cms.cern.ch/slc7_amd64_gcc820/external/gcc/8.2.0-pafccj/include/c++/8.3.1/memory:80,
                 from /cvmfs/cms.cern.ch/slc7_amd64_gcc820/cms/cmssw/CMSSW_10_6_4/external/slc7_amd64_gcc820/bin/../../../../../../../slc7_amd64_gcc820/lcg/root/6.14.09/include/ROOT/TypeTraits.hxx:15,
                 from /cvmfs/cms.cern.ch/slc7_amd64_gcc820/cms/cmssw/CMSSW_10_6_4/external/slc7_amd64_gcc820/bin/../../../../../../../slc7_amd64_gcc820/lcg/root/6.14.09/include/TString.h:29,
                 from /cvmfs/cms.cern.ch/slc7_amd64_gcc820/cms/cmssw/CMSSW_10_6_4/external/slc7_amd64_gcc820/bin/../../../../../../../slc7_amd64_gcc820/lcg/root/6.14.09/include/TNamed.h:26,
                 from /cvmfs/cms.cern.ch/slc7_amd64_gcc820/cms/cmssw/CMSSW_10_6_4/external/slc7_amd64_gcc820/bin/../../../../../../../slc7_amd64_gcc820/lcg/root/6.14.09/include/TMatrixTBase.h:70,
                 from /cvmfs/cms.cern.ch/slc7_amd64_gcc820/cms/cmssw/CMSSW_10_6_4/external/slc7_amd64_gcc820/bin/../../../../../../../slc7_amd64_gcc820/lcg/root/6.14.09/include/TMatrixT.h:23,
                 from /cvmfs/cms.cern.ch/slc7_amd64_gcc820/cms/cmssw/CMSSW_10_6_4/external/slc7_amd64_gcc820/bin/../../../../../../../slc7_amd64_gcc820/lcg/root/6.14.09/include/TMatrixF.h:20,
                 from /cvmfs/cms.cern.ch/slc7_amd64_gcc820/cms/cmssw/CMSSW_10_6_4/external/slc7_amd64_gcc820/bin/../../../../../../../slc7_amd64_gcc820/lcg/root/6.14.09/include/TMatrix.h:23,
                 from /cvmfs/cms.cern.ch/slc7_amd64_gcc820/cms/cmssw/CMSSW_10_6_4/external/slc7_amd64_gcc820/bin/../../../../../../../slc7_amd64_gcc820/lcg/root/6.14.09/include/TVector3.h:16,
                 from /cvmfs/cms.cern.ch/slc7_amd64_gcc820/cms/cmssw/CMSSW_10_6_4/external/slc7_amd64_gcc820/bin/../../../../../../../slc7_amd64_gcc820/lcg/root/6.14.09/include/TLorentzVector.h:25,
                 from include/AnalyzerCore.h:4,
                 from include/JHAnalyzerBase.h:4,
                 from src/JHAnalyzerBase.C:1:
/cvmfs/cms.cern.ch/slc7_amd64_gcc820/external/gcc/8.2.0-pafccj/include/c++/8.3.1/bits/unique_ptr.h:723:5: note: candidate: 'template<class _Tp, class _Dp, class _Up, class _Ep> bool std::operator<(const std::unique_ptr<_Tp, _Dp>&, const std::unique_ptr<_Up, _Ep>&)'
     operator<(const unique_ptr<_Tp, _Dp>& __x,
     ^~~~~~~~
/cvmfs/cms.cern.ch/slc7_amd64_gcc820/external/gcc/8.2.0-pafccj/include/c++/8.3.1/bits/unique_ptr.h:723:5: note:   template argument deduction/substitution failed:
src/JHAnalyzerBase.C:1002:37: note:   'const value_type' {aka 'const Muon'} is not derived from 'const std::unique_ptr<_Tp, _Dp>'
   if(MuonCollection[v_muonidx[1]] < ptmin2) return {};
                                     ^~~~~~
In file included from /cvmfs/cms.cern.ch/slc7_amd64_gcc820/external/gcc/8.2.0-pafccj/include/c++/8.3.1/memory:80,
                 from /cvmfs/cms.cern.ch/slc7_amd64_gcc820/cms/cmssw/CMSSW_10_6_4/external/slc7_amd64_gcc820/bin/../../../../../../../slc7_amd64_gcc820/lcg/root/6.14.09/include/ROOT/TypeTraits.hxx:15,
                 from /cvmfs/cms.cern.ch/slc7_amd64_gcc820/cms/cmssw/CMSSW_10_6_4/external/slc7_amd64_gcc820/bin/../../../../../../../slc7_amd64_gcc820/lcg/root/6.14.09/include/TString.h:29,
                 from /cvmfs/cms.cern.ch/slc7_amd64_gcc820/cms/cmssw/CMSSW_10_6_4/external/slc7_amd64_gcc820/bin/../../../../../../../slc7_amd64_gcc820/lcg/root/6.14.09/include/TNamed.h:26,
                 from /cvmfs/cms.cern.ch/slc7_amd64_gcc820/cms/cmssw/CMSSW_10_6_4/external/slc7_amd64_gcc820/bin/../../../../../../../slc7_amd64_gcc820/lcg/root/6.14.09/include/TMatrixTBase.h:70,
                 from /cvmfs/cms.cern.ch/slc7_amd64_gcc820/cms/cmssw/CMSSW_10_6_4/external/slc7_amd64_gcc820/bin/../../../../../../../slc7_amd64_gcc820/lcg/root/6.14.09/include/TMatrixT.h:23,
                 from /cvmfs/cms.cern.ch/slc7_amd64_gcc820/cms/cmssw/CMSSW_10_6_4/external/slc7_amd64_gcc820/bin/../../../../../../../slc7_amd64_gcc820/lcg/root/6.14.09/include/TMatrixF.h:20,
                 from /cvmfs/cms.cern.ch/slc7_amd64_gcc820/cms/cmssw/CMSSW_10_6_4/external/slc7_amd64_gcc820/bin/../../../../../../../slc7_amd64_gcc820/lcg/root/6.14.09/include/TMatrix.h:23,
                 from /cvmfs/cms.cern.ch/slc7_amd64_gcc820/cms/cmssw/CMSSW_10_6_4/external/slc7_amd64_gcc820/bin/../../../../../../../slc7_amd64_gcc820/lcg/root/6.14.09/include/TVector3.h:16,
                 from /cvmfs/cms.cern.ch/slc7_amd64_gcc820/cms/cmssw/CMSSW_10_6_4/external/slc7_amd64_gcc820/bin/../../../../../../../slc7_amd64_gcc820/lcg/root/6.14.09/include/TLorentzVector.h:25,
                 from include/AnalyzerCore.h:4,
                 from include/JHAnalyzerBase.h:4,
                 from src/JHAnalyzerBase.C:1:
/cvmfs/cms.cern.ch/slc7_amd64_gcc820/external/gcc/8.2.0-pafccj/include/c++/8.3.1/bits/unique_ptr.h:734:5: note: candidate: 'template<class _Tp, class _Dp> bool std::operator<(const std::unique_ptr<_Tp, _Dp>&, std::nullptr_t)'
     operator<(const unique_ptr<_Tp, _Dp>& __x, nullptr_t)
     ^~~~~~~~
/cvmfs/cms.cern.ch/slc7_amd64_gcc820/external/gcc/8.2.0-pafccj/include/c++/8.3.1/bits/unique_ptr.h:734:5: note:   template argument deduction/substitution failed:
src/JHAnalyzerBase.C:1002:37: note:   'const value_type' {aka 'const Muon'} is not derived from 'const std::unique_ptr<_Tp, _Dp>'
   if(MuonCollection[v_muonidx[1]] < ptmin2) return {};
                                     ^~~~~~
In file included from /cvmfs/cms.cern.ch/slc7_amd64_gcc820/external/gcc/8.2.0-pafccj/include/c++/8.3.1/memory:80,
                 from /cvmfs/cms.cern.ch/slc7_amd64_gcc820/cms/cmssw/CMSSW_10_6_4/external/slc7_amd64_gcc820/bin/../../../../../../../slc7_amd64_gcc820/lcg/root/6.14.09/include/ROOT/TypeTraits.hxx:15,
                 from /cvmfs/cms.cern.ch/slc7_amd64_gcc820/cms/cmssw/CMSSW_10_6_4/external/slc7_amd64_gcc820/bin/../../../../../../../slc7_amd64_gcc820/lcg/root/6.14.09/include/TString.h:29,
                 from /cvmfs/cms.cern.ch/slc7_amd64_gcc820/cms/cmssw/CMSSW_10_6_4/external/slc7_amd64_gcc820/bin/../../../../../../../slc7_amd64_gcc820/lcg/root/6.14.09/include/TNamed.h:26,
                 from /cvmfs/cms.cern.ch/slc7_amd64_gcc820/cms/cmssw/CMSSW_10_6_4/external/slc7_amd64_gcc820/bin/../../../../../../../slc7_amd64_gcc820/lcg/root/6.14.09/include/TMatrixTBase.h:70,
                 from /cvmfs/cms.cern.ch/slc7_amd64_gcc820/cms/cmssw/CMSSW_10_6_4/external/slc7_amd64_gcc820/bin/../../../../../../../slc7_amd64_gcc820/lcg/root/6.14.09/include/TMatrixT.h:23,
                 from /cvmfs/cms.cern.ch/slc7_amd64_gcc820/cms/cmssw/CMSSW_10_6_4/external/slc7_amd64_gcc820/bin/../../../../../../../slc7_amd64_gcc820/lcg/root/6.14.09/include/TMatrixF.h:20,
                 from /cvmfs/cms.cern.ch/slc7_amd64_gcc820/cms/cmssw/CMSSW_10_6_4/external/slc7_amd64_gcc820/bin/../../../../../../../slc7_amd64_gcc820/lcg/root/6.14.09/include/TMatrix.h:23,
                 from /cvmfs/cms.cern.ch/slc7_amd64_gcc820/cms/cmssw/CMSSW_10_6_4/external/slc7_amd64_gcc820/bin/../../../../../../../slc7_amd64_gcc820/lcg/root/6.14.09/include/TVector3.h:16,
                 from /cvmfs/cms.cern.ch/slc7_amd64_gcc820/cms/cmssw/CMSSW_10_6_4/external/slc7_amd64_gcc820/bin/../../../../../../../slc7_amd64_gcc820/lcg/root/6.14.09/include/TLorentzVector.h:25,
                 from include/AnalyzerCore.h:4,
                 from include/JHAnalyzerBase.h:4,
                 from src/JHAnalyzerBase.C:1:
/cvmfs/cms.cern.ch/slc7_amd64_gcc820/external/gcc/8.2.0-pafccj/include/c++/8.3.1/bits/unique_ptr.h:740:5: note: candidate: 'template<class _Tp, class _Dp> bool std::operator<(std::nullptr_t, const std::unique_ptr<_Tp, _Dp>&)'
     operator<(nullptr_t, const unique_ptr<_Tp, _Dp>& __x)
     ^~~~~~~~
/cvmfs/cms.cern.ch/slc7_amd64_gcc820/external/gcc/8.2.0-pafccj/include/c++/8.3.1/bits/unique_ptr.h:740:5: note:   template argument deduction/substitution failed:
src/JHAnalyzerBase.C:1002:37: note:   mismatched types 'const std::unique_ptr<_Tp, _Dp>' and 'double'
   if(MuonCollection[v_muonidx[1]] < ptmin2) return {};
                                     ^~~~~~
In file included from /cvmfs/cms.cern.ch/slc7_amd64_gcc820/external/gcc/8.2.0-pafccj/include/c++/8.3.1/bits/shared_ptr.h:52,
                 from /cvmfs/cms.cern.ch/slc7_amd64_gcc820/external/gcc/8.2.0-pafccj/include/c++/8.3.1/memory:81,
                 from /cvmfs/cms.cern.ch/slc7_amd64_gcc820/cms/cmssw/CMSSW_10_6_4/external/slc7_amd64_gcc820/bin/../../../../../../../slc7_amd64_gcc820/lcg/root/6.14.09/include/ROOT/TypeTraits.hxx:15,
                 from /cvmfs/cms.cern.ch/slc7_amd64_gcc820/cms/cmssw/CMSSW_10_6_4/external/slc7_amd64_gcc820/bin/../../../../../../../slc7_amd64_gcc820/lcg/root/6.14.09/include/TString.h:29,
                 from /cvmfs/cms.cern.ch/slc7_amd64_gcc820/cms/cmssw/CMSSW_10_6_4/external/slc7_amd64_gcc820/bin/../../../../../../../slc7_amd64_gcc820/lcg/root/6.14.09/include/TNamed.h:26,
                 from /cvmfs/cms.cern.ch/slc7_amd64_gcc820/cms/cmssw/CMSSW_10_6_4/external/slc7_amd64_gcc820/bin/../../../../../../../slc7_amd64_gcc820/lcg/root/6.14.09/include/TMatrixTBase.h:70,
                 from /cvmfs/cms.cern.ch/slc7_amd64_gcc820/cms/cmssw/CMSSW_10_6_4/external/slc7_amd64_gcc820/bin/../../../../../../../slc7_amd64_gcc820/lcg/root/6.14.09/include/TMatrixT.h:23,
                 from /cvmfs/cms.cern.ch/slc7_amd64_gcc820/cms/cmssw/CMSSW_10_6_4/external/slc7_amd64_gcc820/bin/../../../../../../../slc7_amd64_gcc820/lcg/root/6.14.09/include/TMatrixF.h:20,
                 from /cvmfs/cms.cern.ch/slc7_amd64_gcc820/cms/cmssw/CMSSW_10_6_4/external/slc7_amd64_gcc820/bin/../../../../../../../slc7_amd64_gcc820/lcg/root/6.14.09/include/TMatrix.h:23,
                 from /cvmfs/cms.cern.ch/slc7_amd64_gcc820/cms/cmssw/CMSSW_10_6_4/external/slc7_amd64_gcc820/bin/../../../../../../../slc7_amd64_gcc820/lcg/root/6.14.09/include/TVector3.h:16,
                 from /cvmfs/cms.cern.ch/slc7_amd64_gcc820/cms/cmssw/CMSSW_10_6_4/external/slc7_amd64_gcc820/bin/../../../../../../../slc7_amd64_gcc820/lcg/root/6.14.09/include/TLorentzVector.h:25,
                 from include/AnalyzerCore.h:4,
                 from include/JHAnalyzerBase.h:4,
                 from src/JHAnalyzerBase.C:1:
/cvmfs/cms.cern.ch/slc7_amd64_gcc820/external/gcc/8.2.0-pafccj/include/c++/8.3.1/bits/shared_ptr_base.h:1442:5: note: candidate: 'template<class _Tp, class _Up, __gnu_cxx::_Lock_policy _Lp> bool std::operator<(const std::__shared_ptr<_Tp1, _Lp>&, const std::__shared_ptr<_Tp2, _Lp>&)'
     operator<(const __shared_ptr<_Tp, _Lp>& __a,
     ^~~~~~~~
/cvmfs/cms.cern.ch/slc7_amd64_gcc820/external/gcc/8.2.0-pafccj/include/c++/8.3.1/bits/shared_ptr_base.h:1442:5: note:   template argument deduction/substitution failed:
src/JHAnalyzerBase.C:1002:37: note:   'const value_type' {aka 'const Muon'} is not derived from 'const std::__shared_ptr<_Tp1, _Lp>'
   if(MuonCollection[v_muonidx[1]] < ptmin2) return {};
                                     ^~~~~~
In file included from /cvmfs/cms.cern.ch/slc7_amd64_gcc820/external/gcc/8.2.0-pafccj/include/c++/8.3.1/bits/shared_ptr.h:52,
                 from /cvmfs/cms.cern.ch/slc7_amd64_gcc820/external/gcc/8.2.0-pafccj/include/c++/8.3.1/memory:81,
                 from /cvmfs/cms.cern.ch/slc7_amd64_gcc820/cms/cmssw/CMSSW_10_6_4/external/slc7_amd64_gcc820/bin/../../../../../../../slc7_amd64_gcc820/lcg/root/6.14.09/include/ROOT/TypeTraits.hxx:15,
                 from /cvmfs/cms.cern.ch/slc7_amd64_gcc820/cms/cmssw/CMSSW_10_6_4/external/slc7_amd64_gcc820/bin/../../../../../../../slc7_amd64_gcc820/lcg/root/6.14.09/include/TString.h:29,
                 from /cvmfs/cms.cern.ch/slc7_amd64_gcc820/cms/cmssw/CMSSW_10_6_4/external/slc7_amd64_gcc820/bin/../../../../../../../slc7_amd64_gcc820/lcg/root/6.14.09/include/TNamed.h:26,
                 from /cvmfs/cms.cern.ch/slc7_amd64_gcc820/cms/cmssw/CMSSW_10_6_4/external/slc7_amd64_gcc820/bin/../../../../../../../slc7_amd64_gcc820/lcg/root/6.14.09/include/TMatrixTBase.h:70,
                 from /cvmfs/cms.cern.ch/slc7_amd64_gcc820/cms/cmssw/CMSSW_10_6_4/external/slc7_amd64_gcc820/bin/../../../../../../../slc7_amd64_gcc820/lcg/root/6.14.09/include/TMatrixT.h:23,
                 from /cvmfs/cms.cern.ch/slc7_amd64_gcc820/cms/cmssw/CMSSW_10_6_4/external/slc7_amd64_gcc820/bin/../../../../../../../slc7_amd64_gcc820/lcg/root/6.14.09/include/TMatrixF.h:20,
                 from /cvmfs/cms.cern.ch/slc7_amd64_gcc820/cms/cmssw/CMSSW_10_6_4/external/slc7_amd64_gcc820/bin/../../../../../../../slc7_amd64_gcc820/lcg/root/6.14.09/include/TMatrix.h:23,
                 from /cvmfs/cms.cern.ch/slc7_amd64_gcc820/cms/cmssw/CMSSW_10_6_4/external/slc7_amd64_gcc820/bin/../../../../../../../slc7_amd64_gcc820/lcg/root/6.14.09/include/TVector3.h:16,
                 from /cvmfs/cms.cern.ch/slc7_amd64_gcc820/cms/cmssw/CMSSW_10_6_4/external/slc7_amd64_gcc820/bin/../../../../../../../slc7_amd64_gcc820/lcg/root/6.14.09/include/TLorentzVector.h:25,
                 from include/AnalyzerCore.h:4,
                 from include/JHAnalyzerBase.h:4,
                 from src/JHAnalyzerBase.C:1:
/cvmfs/cms.cern.ch/slc7_amd64_gcc820/external/gcc/8.2.0-pafccj/include/c++/8.3.1/bits/shared_ptr_base.h:1453:5: note: candidate: 'template<class _Tp, __gnu_cxx::_Lock_policy _Lp> bool std::operator<(const std::__shared_ptr<_Tp, _Lp>&, std::nullptr_t)'
     operator<(const __shared_ptr<_Tp, _Lp>& __a, nullptr_t) noexcept
     ^~~~~~~~
/cvmfs/cms.cern.ch/slc7_amd64_gcc820/external/gcc/8.2.0-pafccj/include/c++/8.3.1/bits/shared_ptr_base.h:1453:5: note:   template argument deduction/substitution failed:
src/JHAnalyzerBase.C:1002:37: note:   'const value_type' {aka 'const Muon'} is not derived from 'const std::__shared_ptr<_Tp, _Lp>'
   if(MuonCollection[v_muonidx[1]] < ptmin2) return {};
                                     ^~~~~~
In file included from /cvmfs/cms.cern.ch/slc7_amd64_gcc820/external/gcc/8.2.0-pafccj/include/c++/8.3.1/bits/shared_ptr.h:52,
                 from /cvmfs/cms.cern.ch/slc7_amd64_gcc820/external/gcc/8.2.0-pafccj/include/c++/8.3.1/memory:81,
                 from /cvmfs/cms.cern.ch/slc7_amd64_gcc820/cms/cmssw/CMSSW_10_6_4/external/slc7_amd64_gcc820/bin/../../../../../../../slc7_amd64_gcc820/lcg/root/6.14.09/include/ROOT/TypeTraits.hxx:15,
                 from /cvmfs/cms.cern.ch/slc7_amd64_gcc820/cms/cmssw/CMSSW_10_6_4/external/slc7_amd64_gcc820/bin/../../../../../../../slc7_amd64_gcc820/lcg/root/6.14.09/include/TString.h:29,
                 from /cvmfs/cms.cern.ch/slc7_amd64_gcc820/cms/cmssw/CMSSW_10_6_4/external/slc7_amd64_gcc820/bin/../../../../../../../slc7_amd64_gcc820/lcg/root/6.14.09/include/TNamed.h:26,
                 from /cvmfs/cms.cern.ch/slc7_amd64_gcc820/cms/cmssw/CMSSW_10_6_4/external/slc7_amd64_gcc820/bin/../../../../../../../slc7_amd64_gcc820/lcg/root/6.14.09/include/TMatrixTBase.h:70,
                 from /cvmfs/cms.cern.ch/slc7_amd64_gcc820/cms/cmssw/CMSSW_10_6_4/external/slc7_amd64_gcc820/bin/../../../../../../../slc7_amd64_gcc820/lcg/root/6.14.09/include/TMatrixT.h:23,
                 from /cvmfs/cms.cern.ch/slc7_amd64_gcc820/cms/cmssw/CMSSW_10_6_4/external/slc7_amd64_gcc820/bin/../../../../../../../slc7_amd64_gcc820/lcg/root/6.14.09/include/TMatrixF.h:20,
                 from /cvmfs/cms.cern.ch/slc7_amd64_gcc820/cms/cmssw/CMSSW_10_6_4/external/slc7_amd64_gcc820/bin/../../../../../../../slc7_amd64_gcc820/lcg/root/6.14.09/include/TMatrix.h:23,
                 from /cvmfs/cms.cern.ch/slc7_amd64_gcc820/cms/cmssw/CMSSW_10_6_4/external/slc7_amd64_gcc820/bin/../../../../../../../slc7_amd64_gcc820/lcg/root/6.14.09/include/TVector3.h:16,
                 from /cvmfs/cms.cern.ch/slc7_amd64_gcc820/cms/cmssw/CMSSW_10_6_4/external/slc7_amd64_gcc820/bin/../../../../../../../slc7_amd64_gcc820/lcg/root/6.14.09/include/TLorentzVector.h:25,
                 from include/AnalyzerCore.h:4,
                 from include/JHAnalyzerBase.h:4,
                 from src/JHAnalyzerBase.C:1:
/cvmfs/cms.cern.ch/slc7_amd64_gcc820/external/gcc/8.2.0-pafccj/include/c++/8.3.1/bits/shared_ptr_base.h:1461:5: note: candidate: 'template<class _Tp, __gnu_cxx::_Lock_policy _Lp> bool std::operator<(std::nullptr_t, const std::__shared_ptr<_Tp, _Lp>&)'
     operator<(nullptr_t, const __shared_ptr<_Tp, _Lp>& __a) noexcept
     ^~~~~~~~
/cvmfs/cms.cern.ch/slc7_amd64_gcc820/external/gcc/8.2.0-pafccj/include/c++/8.3.1/bits/shared_ptr_base.h:1461:5: note:   template argument deduction/substitution failed:
src/JHAnalyzerBase.C:1002:37: note:   mismatched types 'const std::__shared_ptr<_Tp, _Lp>' and 'double'
   if(MuonCollection[v_muonidx[1]] < ptmin2) return {};
                                     ^~~~~~
In file included from /cvmfs/cms.cern.ch/slc7_amd64_gcc820/external/gcc/8.2.0-pafccj/include/c++/8.3.1/memory:81,
                 from /cvmfs/cms.cern.ch/slc7_amd64_gcc820/cms/cmssw/CMSSW_10_6_4/external/slc7_amd64_gcc820/bin/../../../../../../../slc7_amd64_gcc820/lcg/root/6.14.09/include/ROOT/TypeTraits.hxx:15,
                 from /cvmfs/cms.cern.ch/slc7_amd64_gcc820/cms/cmssw/CMSSW_10_6_4/external/slc7_amd64_gcc820/bin/../../../../../../../slc7_amd64_gcc820/lcg/root/6.14.09/include/TString.h:29,
                 from /cvmfs/cms.cern.ch/slc7_amd64_gcc820/cms/cmssw/CMSSW_10_6_4/external/slc7_amd64_gcc820/bin/../../../../../../../slc7_amd64_gcc820/lcg/root/6.14.09/include/TNamed.h:26,
                 from /cvmfs/cms.cern.ch/slc7_amd64_gcc820/cms/cmssw/CMSSW_10_6_4/external/slc7_amd64_gcc820/bin/../../../../../../../slc7_amd64_gcc820/lcg/root/6.14.09/include/TMatrixTBase.h:70,
                 from /cvmfs/cms.cern.ch/slc7_amd64_gcc820/cms/cmssw/CMSSW_10_6_4/external/slc7_amd64_gcc820/bin/../../../../../../../slc7_amd64_gcc820/lcg/root/6.14.09/include/TMatrixT.h:23,
                 from /cvmfs/cms.cern.ch/slc7_amd64_gcc820/cms/cmssw/CMSSW_10_6_4/external/slc7_amd64_gcc820/bin/../../../../../../../slc7_amd64_gcc820/lcg/root/6.14.09/include/TMatrixF.h:20,
                 from /cvmfs/cms.cern.ch/slc7_amd64_gcc820/cms/cmssw/CMSSW_10_6_4/external/slc7_amd64_gcc820/bin/../../../../../../../slc7_amd64_gcc820/lcg/root/6.14.09/include/TMatrix.h:23,
                 from /cvmfs/cms.cern.ch/slc7_amd64_gcc820/cms/cmssw/CMSSW_10_6_4/external/slc7_amd64_gcc820/bin/../../../../../../../slc7_amd64_gcc820/lcg/root/6.14.09/include/TVector3.h:16,
                 from /cvmfs/cms.cern.ch/slc7_amd64_gcc820/cms/cmssw/CMSSW_10_6_4/external/slc7_amd64_gcc820/bin/../../../../../../../slc7_amd64_gcc820/lcg/root/6.14.09/include/TLorentzVector.h:25,
                 from include/AnalyzerCore.h:4,
                 from include/JHAnalyzerBase.h:4,
                 from src/JHAnalyzerBase.C:1:
/cvmfs/cms.cern.ch/slc7_amd64_gcc820/external/gcc/8.2.0-pafccj/include/c++/8.3.1/bits/shared_ptr.h:413:5: note: candidate: 'template<class _Tp, class _Up> bool std::operator<(const std::shared_ptr<_Tp>&, const std::shared_ptr<_Tp>&)'
     operator<(const shared_ptr<_Tp>& __a, const shared_ptr<_Up>& __b) noexcept
     ^~~~~~~~
/cvmfs/cms.cern.ch/slc7_amd64_gcc820/external/gcc/8.2.0-pafccj/include/c++/8.3.1/bits/shared_ptr.h:413:5: note:   template argument deduction/substitution failed:
src/JHAnalyzerBase.C:1002:37: note:   'const value_type' {aka 'const Muon'} is not derived from 'const std::shared_ptr<_Tp>'
   if(MuonCollection[v_muonidx[1]] < ptmin2) return {};
                                     ^~~~~~
In file included from /cvmfs/cms.cern.ch/slc7_amd64_gcc820/external/gcc/8.2.0-pafccj/include/c++/8.3.1/memory:81,
                 from /cvmfs/cms.cern.ch/slc7_amd64_gcc820/cms/cmssw/CMSSW_10_6_4/external/slc7_amd64_gcc820/bin/../../../../../../../slc7_amd64_gcc820/lcg/root/6.14.09/include/ROOT/TypeTraits.hxx:15,
                 from /cvmfs/cms.cern.ch/slc7_amd64_gcc820/cms/cmssw/CMSSW_10_6_4/external/slc7_amd64_gcc820/bin/../../../../../../../slc7_amd64_gcc820/lcg/root/6.14.09/include/TString.h:29,
                 from /cvmfs/cms.cern.ch/slc7_amd64_gcc820/cms/cmssw/CMSSW_10_6_4/external/slc7_amd64_gcc820/bin/../../../../../../../slc7_amd64_gcc820/lcg/root/6.14.09/include/TNamed.h:26,
                 from /cvmfs/cms.cern.ch/slc7_amd64_gcc820/cms/cmssw/CMSSW_10_6_4/external/slc7_amd64_gcc820/bin/../../../../../../../slc7_amd64_gcc820/lcg/root/6.14.09/include/TMatrixTBase.h:70,
                 from /cvmfs/cms.cern.ch/slc7_amd64_gcc820/cms/cmssw/CMSSW_10_6_4/external/slc7_amd64_gcc820/bin/../../../../../../../slc7_amd64_gcc820/lcg/root/6.14.09/include/TMatrixT.h:23,
                 from /cvmfs/cms.cern.ch/slc7_amd64_gcc820/cms/cmssw/CMSSW_10_6_4/external/slc7_amd64_gcc820/bin/../../../../../../../slc7_amd64_gcc820/lcg/root/6.14.09/include/TMatrixF.h:20,
                 from /cvmfs/cms.cern.ch/slc7_amd64_gcc820/cms/cmssw/CMSSW_10_6_4/external/slc7_amd64_gcc820/bin/../../../../../../../slc7_amd64_gcc820/lcg/root/6.14.09/include/TMatrix.h:23,
                 from /cvmfs/cms.cern.ch/slc7_amd64_gcc820/cms/cmssw/CMSSW_10_6_4/external/slc7_amd64_gcc820/bin/../../../../../../../slc7_amd64_gcc820/lcg/root/6.14.09/include/TVector3.h:16,
                 from /cvmfs/cms.cern.ch/slc7_amd64_gcc820/cms/cmssw/CMSSW_10_6_4/external/slc7_amd64_gcc820/bin/../../../../../../../slc7_amd64_gcc820/lcg/root/6.14.09/include/TLorentzVector.h:25,
                 from include/AnalyzerCore.h:4,
                 from include/JHAnalyzerBase.h:4,
                 from src/JHAnalyzerBase.C:1:
/cvmfs/cms.cern.ch/slc7_amd64_gcc820/external/gcc/8.2.0-pafccj/include/c++/8.3.1/bits/shared_ptr.h:423:5: note: candidate: 'template<class _Tp> bool std::operator<(const std::shared_ptr<_Tp>&, std::nullptr_t)'
     operator<(const shared_ptr<_Tp>& __a, nullptr_t) noexcept
     ^~~~~~~~
/cvmfs/cms.cern.ch/slc7_amd64_gcc820/external/gcc/8.2.0-pafccj/include/c++/8.3.1/bits/shared_ptr.h:423:5: note:   template argument deduction/substitution failed:
src/JHAnalyzerBase.C:1002:37: note:   'const value_type' {aka 'const Muon'} is not derived from 'const std::shared_ptr<_Tp>'
   if(MuonCollection[v_muonidx[1]] < ptmin2) return {};
                                     ^~~~~~
In file included from /cvmfs/cms.cern.ch/slc7_amd64_gcc820/external/gcc/8.2.0-pafccj/include/c++/8.3.1/memory:81,
                 from /cvmfs/cms.cern.ch/slc7_amd64_gcc820/cms/cmssw/CMSSW_10_6_4/external/slc7_amd64_gcc820/bin/../../../../../../../slc7_amd64_gcc820/lcg/root/6.14.09/include/ROOT/TypeTraits.hxx:15,
                 from /cvmfs/cms.cern.ch/slc7_amd64_gcc820/cms/cmssw/CMSSW_10_6_4/external/slc7_amd64_gcc820/bin/../../../../../../../slc7_amd64_gcc820/lcg/root/6.14.09/include/TString.h:29,
                 from /cvmfs/cms.cern.ch/slc7_amd64_gcc820/cms/cmssw/CMSSW_10_6_4/external/slc7_amd64_gcc820/bin/../../../../../../../slc7_amd64_gcc820/lcg/root/6.14.09/include/TNamed.h:26,
                 from /cvmfs/cms.cern.ch/slc7_amd64_gcc820/cms/cmssw/CMSSW_10_6_4/external/slc7_amd64_gcc820/bin/../../../../../../../slc7_amd64_gcc820/lcg/root/6.14.09/include/TMatrixTBase.h:70,
                 from /cvmfs/cms.cern.ch/slc7_amd64_gcc820/cms/cmssw/CMSSW_10_6_4/external/slc7_amd64_gcc820/bin/../../../../../../../slc7_amd64_gcc820/lcg/root/6.14.09/include/TMatrixT.h:23,
                 from /cvmfs/cms.cern.ch/slc7_amd64_gcc820/cms/cmssw/CMSSW_10_6_4/external/slc7_amd64_gcc820/bin/../../../../../../../slc7_amd64_gcc820/lcg/root/6.14.09/include/TMatrixF.h:20,
                 from /cvmfs/cms.cern.ch/slc7_amd64_gcc820/cms/cmssw/CMSSW_10_6_4/external/slc7_amd64_gcc820/bin/../../../../../../../slc7_amd64_gcc820/lcg/root/6.14.09/include/TMatrix.h:23,
                 from /cvmfs/cms.cern.ch/slc7_amd64_gcc820/cms/cmssw/CMSSW_10_6_4/external/slc7_amd64_gcc820/bin/../../../../../../../slc7_amd64_gcc820/lcg/root/6.14.09/include/TVector3.h:16,
                 from /cvmfs/cms.cern.ch/slc7_amd64_gcc820/cms/cmssw/CMSSW_10_6_4/external/slc7_amd64_gcc820/bin/../../../../../../../slc7_amd64_gcc820/lcg/root/6.14.09/include/TLorentzVector.h:25,
                 from include/AnalyzerCore.h:4,
                 from include/JHAnalyzerBase.h:4,
                 from src/JHAnalyzerBase.C:1:
/cvmfs/cms.cern.ch/slc7_amd64_gcc820/external/gcc/8.2.0-pafccj/include/c++/8.3.1/bits/shared_ptr.h:431:5: note: candidate: 'template<class _Tp> bool std::operator<(std::nullptr_t, const std::shared_ptr<_Tp>&)'
     operator<(nullptr_t, const shared_ptr<_Tp>& __a) noexcept
     ^~~~~~~~
/cvmfs/cms.cern.ch/slc7_amd64_gcc820/external/gcc/8.2.0-pafccj/include/c++/8.3.1/bits/shared_ptr.h:431:5: note:   template argument deduction/substitution failed:
src/JHAnalyzerBase.C:1002:37: note:   mismatched types 'const std::shared_ptr<_Tp>' and 'double'
   if(MuonCollection[v_muonidx[1]] < ptmin2) return {};
                                     ^~~~~~
In file included from /cvmfs/cms.cern.ch/slc7_amd64_gcc820/external/gcc/8.2.0-pafccj/include/c++/8.3.1/bits/ios_base.h:46,
                 from /cvmfs/cms.cern.ch/slc7_amd64_gcc820/external/gcc/8.2.0-pafccj/include/c++/8.3.1/ios:42,
                 from /cvmfs/cms.cern.ch/slc7_amd64_gcc820/external/gcc/8.2.0-pafccj/include/c++/8.3.1/ostream:38,
                 from /cvmfs/cms.cern.ch/slc7_amd64_gcc820/external/gcc/8.2.0-pafccj/include/c++/8.3.1/iterator:64,
                 from /cvmfs/cms.cern.ch/slc7_amd64_gcc820/cms/cmssw/CMSSW_10_6_4/external/slc7_amd64_gcc820/bin/../../../../../../../slc7_amd64_gcc820/lcg/root/6.14.09/include/ROOT/span.hxx:27,
                 from /cvmfs/cms.cern.ch/slc7_amd64_gcc820/cms/cmssw/CMSSW_10_6_4/external/slc7_amd64_gcc820/bin/../../../../../../../slc7_amd64_gcc820/lcg/root/6.14.09/include/ROOT/RSpan.hxx:33,
                 from /cvmfs/cms.cern.ch/slc7_amd64_gcc820/cms/cmssw/CMSSW_10_6_4/external/slc7_amd64_gcc820/bin/../../../../../../../slc7_amd64_gcc820/lcg/root/6.14.09/include/ROOT/TypeTraits.hxx:18,
                 from /cvmfs/cms.cern.ch/slc7_amd64_gcc820/cms/cmssw/CMSSW_10_6_4/external/slc7_amd64_gcc820/bin/../../../../../../../slc7_amd64_gcc820/lcg/root/6.14.09/include/TString.h:29,
                 from /cvmfs/cms.cern.ch/slc7_amd64_gcc820/cms/cmssw/CMSSW_10_6_4/external/slc7_amd64_gcc820/bin/../../../../../../../slc7_amd64_gcc820/lcg/root/6.14.09/include/TNamed.h:26,
                 from /cvmfs/cms.cern.ch/slc7_amd64_gcc820/cms/cmssw/CMSSW_10_6_4/external/slc7_amd64_gcc820/bin/../../../../../../../slc7_amd64_gcc820/lcg/root/6.14.09/include/TMatrixTBase.h:70,
                 from /cvmfs/cms.cern.ch/slc7_amd64_gcc820/cms/cmssw/CMSSW_10_6_4/external/slc7_amd64_gcc820/bin/../../../../../../../slc7_amd64_gcc820/lcg/root/6.14.09/include/TMatrixT.h:23,
                 from /cvmfs/cms.cern.ch/slc7_amd64_gcc820/cms/cmssw/CMSSW_10_6_4/external/slc7_amd64_gcc820/bin/../../../../../../../slc7_amd64_gcc820/lcg/root/6.14.09/include/TMatrixF.h:20,
                 from /cvmfs/cms.cern.ch/slc7_amd64_gcc820/cms/cmssw/CMSSW_10_6_4/external/slc7_amd64_gcc820/bin/../../../../../../../slc7_amd64_gcc820/lcg/root/6.14.09/include/TMatrix.h:23,
                 from /cvmfs/cms.cern.ch/slc7_amd64_gcc820/cms/cmssw/CMSSW_10_6_4/external/slc7_amd64_gcc820/bin/../../../../../../../slc7_amd64_gcc820/lcg/root/6.14.09/include/TVector3.h:16,
                 from /cvmfs/cms.cern.ch/slc7_amd64_gcc820/cms/cmssw/CMSSW_10_6_4/external/slc7_amd64_gcc820/bin/../../../../../../../slc7_amd64_gcc820/lcg/root/6.14.09/include/TLorentzVector.h:25,
                 from include/AnalyzerCore.h:4,
                 from include/JHAnalyzerBase.h:4,
                 from src/JHAnalyzerBase.C:1:
/cvmfs/cms.cern.ch/slc7_amd64_gcc820/external/gcc/8.2.0-pafccj/include/c++/8.3.1/system_error:208:3: note: candidate: 'bool std::operator<(const std::error_code&, const std::error_code&)'
   operator<(const error_code& __lhs, const error_code& __rhs) noexcept
   ^~~~~~~~
/cvmfs/cms.cern.ch/slc7_amd64_gcc820/external/gcc/8.2.0-pafccj/include/c++/8.3.1/system_error:208:3: note:   no known conversion for argument 1 from 'const value_type' {aka 'const Muon'} to 'const std::error_code&'
/cvmfs/cms.cern.ch/slc7_amd64_gcc820/external/gcc/8.2.0-pafccj/include/c++/8.3.1/system_error:282:3: note: candidate: 'bool std::operator<(const std::error_condition&, const std::error_condition&)'
   operator<(const error_condition& __lhs,
   ^~~~~~~~
/cvmfs/cms.cern.ch/slc7_amd64_gcc820/external/gcc/8.2.0-pafccj/include/c++/8.3.1/system_error:282:3: note:   no known conversion for argument 1 from 'const value_type' {aka 'const Muon'} to 'const std::error_condition&'
In file included from /cvmfs/cms.cern.ch/slc7_amd64_gcc820/external/gcc/8.2.0-pafccj/include/c++/8.3.1/bits/node_handle.h:39,
                 from /cvmfs/cms.cern.ch/slc7_amd64_gcc820/external/gcc/8.2.0-pafccj/include/c++/8.3.1/bits/stl_tree.h:72,
                 from /cvmfs/cms.cern.ch/slc7_amd64_gcc820/external/gcc/8.2.0-pafccj/include/c++/8.3.1/map:60,
                 from /cvmfs/cms.cern.ch/slc7_amd64_gcc820/cms/cmssw/CMSSW_10_6_4/external/slc7_amd64_gcc820/bin/../../../../../../../slc7_amd64_gcc820/lcg/root/6.14.09/include/TClass.h:28,
                 from /cvmfs/cms.cern.ch/slc7_amd64_gcc820/cms/cmssw/CMSSW_10_6_4/external/slc7_amd64_gcc820/bin/../../../../../../../slc7_amd64_gcc820/lcg/root/6.14.09/include/TKey.h:18,
                 from /cvmfs/cms.cern.ch/slc7_amd64_gcc820/cms/cmssw/CMSSW_10_6_4/external/slc7_amd64_gcc820/bin/../../../../../../../slc7_amd64_gcc820/lcg/root/6.14.09/include/TBasket.h:28,
                 from /cvmfs/cms.cern.ch/slc7_amd64_gcc820/cms/cmssw/CMSSW_10_6_4/external/slc7_amd64_gcc820/bin/../../../../../../../slc7_amd64_gcc820/lcg/root/6.14.09/include/ROOT/TIOFeatures.hxx:14,
                 from /cvmfs/cms.cern.ch/slc7_amd64_gcc820/cms/cmssw/CMSSW_10_6_4/external/slc7_amd64_gcc820/bin/../../../../../../../slc7_amd64_gcc820/lcg/root/6.14.09/include/TTree.h:29,
                 from /cvmfs/cms.cern.ch/slc7_amd64_gcc820/cms/cmssw/CMSSW_10_6_4/external/slc7_amd64_gcc820/bin/../../../../../../../slc7_amd64_gcc820/lcg/root/6.14.09/include/TChain.h:24,
                 from include/SKFlatNtuple.h:5,
                 from include/AnalyzerCore.h:10,
                 from include/JHAnalyzerBase.h:4,
                 from src/JHAnalyzerBase.C:1:
/cvmfs/cms.cern.ch/slc7_amd64_gcc820/external/gcc/8.2.0-pafccj/include/c++/8.3.1/optional:1297:5: note: candidate: 'template<class _Tp, class _Up> constexpr std::__optional_relop_t<decltype ((declval<_Tp>() < declval<_Up>()))> std::operator<(const std::optional<_Tp>&, const std::optional<_Up>&)'
     operator<(const optional<_Tp>& __lhs, const optional<_Up>& __rhs)
     ^~~~~~~~
/cvmfs/cms.cern.ch/slc7_amd64_gcc820/external/gcc/8.2.0-pafccj/include/c++/8.3.1/optional:1297:5: note:   template argument deduction/substitution failed:
src/JHAnalyzerBase.C:1002:37: note:   'const value_type' {aka 'const Muon'} is not derived from 'const std::optional<_Tp>'
   if(MuonCollection[v_muonidx[1]] < ptmin2) return {};
                                     ^~~~~~
In file included from /cvmfs/cms.cern.ch/slc7_amd64_gcc820/external/gcc/8.2.0-pafccj/include/c++/8.3.1/bits/node_handle.h:39,
                 from /cvmfs/cms.cern.ch/slc7_amd64_gcc820/external/gcc/8.2.0-pafccj/include/c++/8.3.1/bits/stl_tree.h:72,
                 from /cvmfs/cms.cern.ch/slc7_amd64_gcc820/external/gcc/8.2.0-pafccj/include/c++/8.3.1/map:60,
                 from /cvmfs/cms.cern.ch/slc7_amd64_gcc820/cms/cmssw/CMSSW_10_6_4/external/slc7_amd64_gcc820/bin/../../../../../../../slc7_amd64_gcc820/lcg/root/6.14.09/include/TClass.h:28,
                 from /cvmfs/cms.cern.ch/slc7_amd64_gcc820/cms/cmssw/CMSSW_10_6_4/external/slc7_amd64_gcc820/bin/../../../../../../../slc7_amd64_gcc820/lcg/root/6.14.09/include/TKey.h:18,
                 from /cvmfs/cms.cern.ch/slc7_amd64_gcc820/cms/cmssw/CMSSW_10_6_4/external/slc7_amd64_gcc820/bin/../../../../../../../slc7_amd64_gcc820/lcg/root/6.14.09/include/TBasket.h:28,
                 from /cvmfs/cms.cern.ch/slc7_amd64_gcc820/cms/cmssw/CMSSW_10_6_4/external/slc7_amd64_gcc820/bin/../../../../../../../slc7_amd64_gcc820/lcg/root/6.14.09/include/ROOT/TIOFeatures.hxx:14,
                 from /cvmfs/cms.cern.ch/slc7_amd64_gcc820/cms/cmssw/CMSSW_10_6_4/external/slc7_amd64_gcc820/bin/../../../../../../../slc7_amd64_gcc820/lcg/root/6.14.09/include/TTree.h:29,
                 from /cvmfs/cms.cern.ch/slc7_amd64_gcc820/cms/cmssw/CMSSW_10_6_4/external/slc7_amd64_gcc820/bin/../../../../../../../slc7_amd64_gcc820/lcg/root/6.14.09/include/TChain.h:24,
                 from include/SKFlatNtuple.h:5,
                 from include/AnalyzerCore.h:10,
                 from include/JHAnalyzerBase.h:4,
                 from src/JHAnalyzerBase.C:1:
/cvmfs/cms.cern.ch/slc7_amd64_gcc820/external/gcc/8.2.0-pafccj/include/c++/8.3.1/optional:1350:5: note: candidate: 'template<class _Tp> constexpr bool std::operator<(const std::optional<_Tp>&, std::nullopt_t)'
     operator<(const optional<_Tp>& /* __lhs */, nullopt_t) noexcept
     ^~~~~~~~
/cvmfs/cms.cern.ch/slc7_amd64_gcc820/external/gcc/8.2.0-pafccj/include/c++/8.3.1/optional:1350:5: note:   template argument deduction/substitution failed:
src/JHAnalyzerBase.C:1002:37: note:   'const value_type' {aka 'const Muon'} is not derived from 'const std::optional<_Tp>'
   if(MuonCollection[v_muonidx[1]] < ptmin2) return {};
                                     ^~~~~~
In file included from /cvmfs/cms.cern.ch/slc7_amd64_gcc820/external/gcc/8.2.0-pafccj/include/c++/8.3.1/bits/node_handle.h:39,
                 from /cvmfs/cms.cern.ch/slc7_amd64_gcc820/external/gcc/8.2.0-pafccj/include/c++/8.3.1/bits/stl_tree.h:72,
                 from /cvmfs/cms.cern.ch/slc7_amd64_gcc820/external/gcc/8.2.0-pafccj/include/c++/8.3.1/map:60,
                 from /cvmfs/cms.cern.ch/slc7_amd64_gcc820/cms/cmssw/CMSSW_10_6_4/external/slc7_amd64_gcc820/bin/../../../../../../../slc7_amd64_gcc820/lcg/root/6.14.09/include/TClass.h:28,
                 from /cvmfs/cms.cern.ch/slc7_amd64_gcc820/cms/cmssw/CMSSW_10_6_4/external/slc7_amd64_gcc820/bin/../../../../../../../slc7_amd64_gcc820/lcg/root/6.14.09/include/TKey.h:18,
                 from /cvmfs/cms.cern.ch/slc7_amd64_gcc820/cms/cmssw/CMSSW_10_6_4/external/slc7_amd64_gcc820/bin/../../../../../../../slc7_amd64_gcc820/lcg/root/6.14.09/include/TBasket.h:28,
                 from /cvmfs/cms.cern.ch/slc7_amd64_gcc820/cms/cmssw/CMSSW_10_6_4/external/slc7_amd64_gcc820/bin/../../../../../../../slc7_amd64_gcc820/lcg/root/6.14.09/include/ROOT/TIOFeatures.hxx:14,
                 from /cvmfs/cms.cern.ch/slc7_amd64_gcc820/cms/cmssw/CMSSW_10_6_4/external/slc7_amd64_gcc820/bin/../../../../../../../slc7_amd64_gcc820/lcg/root/6.14.09/include/TTree.h:29,
                 from /cvmfs/cms.cern.ch/slc7_amd64_gcc820/cms/cmssw/CMSSW_10_6_4/external/slc7_amd64_gcc820/bin/../../../../../../../slc7_amd64_gcc820/lcg/root/6.14.09/include/TChain.h:24,
                 from include/SKFlatNtuple.h:5,
                 from include/AnalyzerCore.h:10,
                 from include/JHAnalyzerBase.h:4,
                 from src/JHAnalyzerBase.C:1:
/cvmfs/cms.cern.ch/slc7_amd64_gcc820/external/gcc/8.2.0-pafccj/include/c++/8.3.1/optional:1355:5: note: candidate: 'template<class _Tp> constexpr bool std::operator<(std::nullopt_t, const std::optional<_Tp>&)'
     operator<(nullopt_t, const optional<_Tp>& __rhs) noexcept
     ^~~~~~~~
/cvmfs/cms.cern.ch/slc7_amd64_gcc820/external/gcc/8.2.0-pafccj/include/c++/8.3.1/optional:1355:5: note:   template argument deduction/substitution failed:
src/JHAnalyzerBase.C:1002:37: note:   mismatched types 'const std::optional<_Tp>' and 'double'
   if(MuonCollection[v_muonidx[1]] < ptmin2) return {};
                                     ^~~~~~
In file included from /cvmfs/cms.cern.ch/slc7_amd64_gcc820/external/gcc/8.2.0-pafccj/include/c++/8.3.1/bits/node_handle.h:39,
                 from /cvmfs/cms.cern.ch/slc7_amd64_gcc820/external/gcc/8.2.0-pafccj/include/c++/8.3.1/bits/stl_tree.h:72,
                 from /cvmfs/cms.cern.ch/slc7_amd64_gcc820/external/gcc/8.2.0-pafccj/include/c++/8.3.1/map:60,
                 from /cvmfs/cms.cern.ch/slc7_amd64_gcc820/cms/cmssw/CMSSW_10_6_4/external/slc7_amd64_gcc820/bin/../../../../../../../slc7_amd64_gcc820/lcg/root/6.14.09/include/TClass.h:28,
                 from /cvmfs/cms.cern.ch/slc7_amd64_gcc820/cms/cmssw/CMSSW_10_6_4/external/slc7_amd64_gcc820/bin/../../../../../../../slc7_amd64_gcc820/lcg/root/6.14.09/include/TKey.h:18,
                 from /cvmfs/cms.cern.ch/slc7_amd64_gcc820/cms/cmssw/CMSSW_10_6_4/external/slc7_amd64_gcc820/bin/../../../../../../../slc7_amd64_gcc820/lcg/root/6.14.09/include/TBasket.h:28,
                 from /cvmfs/cms.cern.ch/slc7_amd64_gcc820/cms/cmssw/CMSSW_10_6_4/external/slc7_amd64_gcc820/bin/../../../../../../../slc7_amd64_gcc820/lcg/root/6.14.09/include/ROOT/TIOFeatures.hxx:14,
                 from /cvmfs/cms.cern.ch/slc7_amd64_gcc820/cms/cmssw/CMSSW_10_6_4/external/slc7_amd64_gcc820/bin/../../../../../../../slc7_amd64_gcc820/lcg/root/6.14.09/include/TTree.h:29,
                 from /cvmfs/cms.cern.ch/slc7_amd64_gcc820/cms/cmssw/CMSSW_10_6_4/external/slc7_amd64_gcc820/bin/../../../../../../../slc7_amd64_gcc820/lcg/root/6.14.09/include/TChain.h:24,
                 from include/SKFlatNtuple.h:5,
                 from include/AnalyzerCore.h:10,
                 from include/JHAnalyzerBase.h:4,
                 from src/JHAnalyzerBase.C:1:
/cvmfs/cms.cern.ch/slc7_amd64_gcc820/external/gcc/8.2.0-pafccj/include/c++/8.3.1/optional:1415:5: note: candidate: 'template<class _Tp, class _Up> constexpr std::__optional_relop_t<decltype ((declval<_Tp>() < declval<_Up>()))> std::operator<(const std::optional<_Tp>&, const _Up&)'
     operator<(const optional<_Tp>& __lhs, const _Up& __rhs)
     ^~~~~~~~
/cvmfs/cms.cern.ch/slc7_amd64_gcc820/external/gcc/8.2.0-pafccj/include/c++/8.3.1/optional:1415:5: note:   template argument deduction/substitution failed:
src/JHAnalyzerBase.C:1002:37: note:   'const value_type' {aka 'const Muon'} is not derived from 'const std::optional<_Tp>'
   if(MuonCollection[v_muonidx[1]] < ptmin2) return {};
                                     ^~~~~~
In file included from /cvmfs/cms.cern.ch/slc7_amd64_gcc820/external/gcc/8.2.0-pafccj/include/c++/8.3.1/bits/node_handle.h:39,
                 from /cvmfs/cms.cern.ch/slc7_amd64_gcc820/external/gcc/8.2.0-pafccj/include/c++/8.3.1/bits/stl_tree.h:72,
                 from /cvmfs/cms.cern.ch/slc7_amd64_gcc820/external/gcc/8.2.0-pafccj/include/c++/8.3.1/map:60,
                 from /cvmfs/cms.cern.ch/slc7_amd64_gcc820/cms/cmssw/CMSSW_10_6_4/external/slc7_amd64_gcc820/bin/../../../../../../../slc7_amd64_gcc820/lcg/root/6.14.09/include/TClass.h:28,
                 from /cvmfs/cms.cern.ch/slc7_amd64_gcc820/cms/cmssw/CMSSW_10_6_4/external/slc7_amd64_gcc820/bin/../../../../../../../slc7_amd64_gcc820/lcg/root/6.14.09/include/TKey.h:18,
                 from /cvmfs/cms.cern.ch/slc7_amd64_gcc820/cms/cmssw/CMSSW_10_6_4/external/slc7_amd64_gcc820/bin/../../../../../../../slc7_amd64_gcc820/lcg/root/6.14.09/include/TBasket.h:28,
                 from /cvmfs/cms.cern.ch/slc7_amd64_gcc820/cms/cmssw/CMSSW_10_6_4/external/slc7_amd64_gcc820/bin/../../../../../../../slc7_amd64_gcc820/lcg/root/6.14.09/include/ROOT/TIOFeatures.hxx:14,
                 from /cvmfs/cms.cern.ch/slc7_amd64_gcc820/cms/cmssw/CMSSW_10_6_4/external/slc7_amd64_gcc820/bin/../../../../../../../slc7_amd64_gcc820/lcg/root/6.14.09/include/TTree.h:29,
                 from /cvmfs/cms.cern.ch/slc7_amd64_gcc820/cms/cmssw/CMSSW_10_6_4/external/slc7_amd64_gcc820/bin/../../../../../../../slc7_amd64_gcc820/lcg/root/6.14.09/include/TChain.h:24,
                 from include/SKFlatNtuple.h:5,
                 from include/AnalyzerCore.h:10,
                 from include/JHAnalyzerBase.h:4,
                 from src/JHAnalyzerBase.C:1:
/cvmfs/cms.cern.ch/slc7_amd64_gcc820/external/gcc/8.2.0-pafccj/include/c++/8.3.1/optional:1421:5: note: candidate: 'template<class _Tp, class _Up> constexpr std::__optional_relop_t<decltype ((declval<_Up>() < declval<_Tp>()))> std::operator<(const _Up&, const std::optional<_Tp>&)'
     operator<(const _Up& __lhs, const optional<_Tp>& __rhs)
     ^~~~~~~~
/cvmfs/cms.cern.ch/slc7_amd64_gcc820/external/gcc/8.2.0-pafccj/include/c++/8.3.1/optional:1421:5: note:   template argument deduction/substitution failed:
src/JHAnalyzerBase.C:1002:37: note:   mismatched types 'const std::optional<_Tp>' and 'double'
   if(MuonCollection[v_muonidx[1]] < ptmin2) return {};
                                     ^~~~~~
In file included from /cvmfs/cms.cern.ch/slc7_amd64_gcc820/external/gcc/8.2.0-pafccj/include/c++/8.3.1/map:60,
                 from /cvmfs/cms.cern.ch/slc7_amd64_gcc820/cms/cmssw/CMSSW_10_6_4/external/slc7_amd64_gcc820/bin/../../../../../../../slc7_amd64_gcc820/lcg/root/6.14.09/include/TClass.h:28,
                 from /cvmfs/cms.cern.ch/slc7_amd64_gcc820/cms/cmssw/CMSSW_10_6_4/external/slc7_amd64_gcc820/bin/../../../../../../../slc7_amd64_gcc820/lcg/root/6.14.09/include/TKey.h:18,
                 from /cvmfs/cms.cern.ch/slc7_amd64_gcc820/cms/cmssw/CMSSW_10_6_4/external/slc7_amd64_gcc820/bin/../../../../../../../slc7_amd64_gcc820/lcg/root/6.14.09/include/TBasket.h:28,
                 from /cvmfs/cms.cern.ch/slc7_amd64_gcc820/cms/cmssw/CMSSW_10_6_4/external/slc7_amd64_gcc820/bin/../../../../../../../slc7_amd64_gcc820/lcg/root/6.14.09/include/ROOT/TIOFeatures.hxx:14,
                 from /cvmfs/cms.cern.ch/slc7_amd64_gcc820/cms/cmssw/CMSSW_10_6_4/external/slc7_amd64_gcc820/bin/../../../../../../../slc7_amd64_gcc820/lcg/root/6.14.09/include/TTree.h:29,
                 from /cvmfs/cms.cern.ch/slc7_amd64_gcc820/cms/cmssw/CMSSW_10_6_4/external/slc7_amd64_gcc820/bin/../../../../../../../slc7_amd64_gcc820/lcg/root/6.14.09/include/TChain.h:24,
                 from include/SKFlatNtuple.h:5,
                 from include/AnalyzerCore.h:10,
                 from include/JHAnalyzerBase.h:4,
                 from src/JHAnalyzerBase.C:1:
/cvmfs/cms.cern.ch/slc7_amd64_gcc820/external/gcc/8.2.0-pafccj/include/c++/8.3.1/bits/stl_tree.h:1559:5: note: candidate: 'template<class _Key, class _Val, class _KeyOfValue, class _Compare, class _Alloc> bool std::operator<(const std::_Rb_tree<_Key, _Val, _KeyOfValue, _Compare, _Alloc>&, const std::_Rb_tree<_Key, _Val, _KeyOfValue, _Compare, _Alloc>&)'
     operator<(const _Rb_tree<_Key, _Val, _KeyOfValue, _Compare, _Alloc>& __x,
     ^~~~~~~~
/cvmfs/cms.cern.ch/slc7_amd64_gcc820/external/gcc/8.2.0-pafccj/include/c++/8.3.1/bits/stl_tree.h:1559:5: note:   template argument deduction/substitution failed:
src/JHAnalyzerBase.C:1002:37: note:   'const value_type' {aka 'const Muon'} is not derived from 'const std::_Rb_tree<_Key, _Val, _KeyOfValue, _Compare, _Alloc>'
   if(MuonCollection[v_muonidx[1]] < ptmin2) return {};
                                     ^~~~~~
In file included from /cvmfs/cms.cern.ch/slc7_amd64_gcc820/external/gcc/8.2.0-pafccj/include/c++/8.3.1/map:61,
                 from /cvmfs/cms.cern.ch/slc7_amd64_gcc820/cms/cmssw/CMSSW_10_6_4/external/slc7_amd64_gcc820/bin/../../../../../../../slc7_amd64_gcc820/lcg/root/6.14.09/include/TClass.h:28,
                 from /cvmfs/cms.cern.ch/slc7_amd64_gcc820/cms/cmssw/CMSSW_10_6_4/external/slc7_amd64_gcc820/bin/../../../../../../../slc7_amd64_gcc820/lcg/root/6.14.09/include/TKey.h:18,
                 from /cvmfs/cms.cern.ch/slc7_amd64_gcc820/cms/cmssw/CMSSW_10_6_4/external/slc7_amd64_gcc820/bin/../../../../../../../slc7_amd64_gcc820/lcg/root/6.14.09/include/TBasket.h:28,
                 from /cvmfs/cms.cern.ch/slc7_amd64_gcc820/cms/cmssw/CMSSW_10_6_4/external/slc7_amd64_gcc820/bin/../../../../../../../slc7_amd64_gcc820/lcg/root/6.14.09/include/ROOT/TIOFeatures.hxx:14,
                 from /cvmfs/cms.cern.ch/slc7_amd64_gcc820/cms/cmssw/CMSSW_10_6_4/external/slc7_amd64_gcc820/bin/../../../../../../../slc7_amd64_gcc820/lcg/root/6.14.09/include/TTree.h:29,
                 from /cvmfs/cms.cern.ch/slc7_amd64_gcc820/cms/cmssw/CMSSW_10_6_4/external/slc7_amd64_gcc820/bin/../../../../../../../slc7_amd64_gcc820/lcg/root/6.14.09/include/TChain.h:24,
                 from include/SKFlatNtuple.h:5,
                 from include/AnalyzerCore.h:10,
                 from include/JHAnalyzerBase.h:4,
                 from src/JHAnalyzerBase.C:1:
/cvmfs/cms.cern.ch/slc7_amd64_gcc820/external/gcc/8.2.0-pafccj/include/c++/8.3.1/bits/stl_map.h:1451:5: note: candidate: 'template<class _Key, class _Tp, class _Compare, class _Alloc> bool std::operator<(const std::map<_Key, _Tp, _Compare, _Allocator>&, const std::map<_Key, _Tp, _Compare, _Allocator>&)'
     operator<(const map<_Key, _Tp, _Compare, _Alloc>& __x,
     ^~~~~~~~
/cvmfs/cms.cern.ch/slc7_amd64_gcc820/external/gcc/8.2.0-pafccj/include/c++/8.3.1/bits/stl_map.h:1451:5: note:   template argument deduction/substitution failed:
src/JHAnalyzerBase.C:1002:37: note:   'const value_type' {aka 'const Muon'} is not derived from 'const std::map<_Key, _Tp, _Compare, _Allocator>'
   if(MuonCollection[v_muonidx[1]] < ptmin2) return {};
                                     ^~~~~~
In file included from /cvmfs/cms.cern.ch/slc7_amd64_gcc820/external/gcc/8.2.0-pafccj/include/c++/8.3.1/map:62,
                 from /cvmfs/cms.cern.ch/slc7_amd64_gcc820/cms/cmssw/CMSSW_10_6_4/external/slc7_amd64_gcc820/bin/../../../../../../../slc7_amd64_gcc820/lcg/root/6.14.09/include/TClass.h:28,
                 from /cvmfs/cms.cern.ch/slc7_amd64_gcc820/cms/cmssw/CMSSW_10_6_4/external/slc7_amd64_gcc820/bin/../../../../../../../slc7_amd64_gcc820/lcg/root/6.14.09/include/TKey.h:18,
                 from /cvmfs/cms.cern.ch/slc7_amd64_gcc820/cms/cmssw/CMSSW_10_6_4/external/slc7_amd64_gcc820/bin/../../../../../../../slc7_amd64_gcc820/lcg/root/6.14.09/include/TBasket.h:28,
                 from /cvmfs/cms.cern.ch/slc7_amd64_gcc820/cms/cmssw/CMSSW_10_6_4/external/slc7_amd64_gcc820/bin/../../../../../../../slc7_amd64_gcc820/lcg/root/6.14.09/include/ROOT/TIOFeatures.hxx:14,
                 from /cvmfs/cms.cern.ch/slc7_amd64_gcc820/cms/cmssw/CMSSW_10_6_4/external/slc7_amd64_gcc820/bin/../../../../../../../slc7_amd64_gcc820/lcg/root/6.14.09/include/TTree.h:29,
                 from /cvmfs/cms.cern.ch/slc7_amd64_gcc820/cms/cmssw/CMSSW_10_6_4/external/slc7_amd64_gcc820/bin/../../../../../../../slc7_amd64_gcc820/lcg/root/6.14.09/include/TChain.h:24,
                 from include/SKFlatNtuple.h:5,
                 from include/AnalyzerCore.h:10,
                 from include/JHAnalyzerBase.h:4,
                 from src/JHAnalyzerBase.C:1:
/cvmfs/cms.cern.ch/slc7_amd64_gcc820/external/gcc/8.2.0-pafccj/include/c++/8.3.1/bits/stl_multimap.h:1115:5: note: candidate: 'template<class _Key, class _Tp, class _Compare, class _Alloc> bool std::operator<(const std::multimap<_Key, _Tp, _Compare, _Allocator>&, const std::multimap<_Key, _Tp, _Compare, _Allocator>&)'
     operator<(const multimap<_Key, _Tp, _Compare, _Alloc>& __x,
     ^~~~~~~~
/cvmfs/cms.cern.ch/slc7_amd64_gcc820/external/gcc/8.2.0-pafccj/include/c++/8.3.1/bits/stl_multimap.h:1115:5: note:   template argument deduction/substitution failed:
src/JHAnalyzerBase.C:1002:37: note:   'const value_type' {aka 'const Muon'} is not derived from 'const std::multimap<_Key, _Tp, _Compare, _Allocator>'
   if(MuonCollection[v_muonidx[1]] < ptmin2) return {};
                                     ^~~~~~
In file included from /cvmfs/cms.cern.ch/slc7_amd64_gcc820/external/gcc/8.2.0-pafccj/include/c++/8.3.1/set:61,
                 from /cvmfs/cms.cern.ch/slc7_amd64_gcc820/cms/cmssw/CMSSW_10_6_4/external/slc7_amd64_gcc820/bin/../../../../../../../slc7_amd64_gcc820/lcg/root/6.14.09/include/TClass.h:30,
                 from /cvmfs/cms.cern.ch/slc7_amd64_gcc820/cms/cmssw/CMSSW_10_6_4/external/slc7_amd64_gcc820/bin/../../../../../../../slc7_amd64_gcc820/lcg/root/6.14.09/include/TKey.h:18,
                 from /cvmfs/cms.cern.ch/slc7_amd64_gcc820/cms/cmssw/CMSSW_10_6_4/external/slc7_amd64_gcc820/bin/../../../../../../../slc7_amd64_gcc820/lcg/root/6.14.09/include/TBasket.h:28,
                 from /cvmfs/cms.cern.ch/slc7_amd64_gcc820/cms/cmssw/CMSSW_10_6_4/external/slc7_amd64_gcc820/bin/../../../../../../../slc7_amd64_gcc820/lcg/root/6.14.09/include/ROOT/TIOFeatures.hxx:14,
                 from /cvmfs/cms.cern.ch/slc7_amd64_gcc820/cms/cmssw/CMSSW_10_6_4/external/slc7_amd64_gcc820/bin/../../../../../../../slc7_amd64_gcc820/lcg/root/6.14.09/include/TTree.h:29,
                 from /cvmfs/cms.cern.ch/slc7_amd64_gcc820/cms/cmssw/CMSSW_10_6_4/external/slc7_amd64_gcc820/bin/../../../../../../../slc7_amd64_gcc820/lcg/root/6.14.09/include/TChain.h:24,
                 from include/SKFlatNtuple.h:5,
                 from include/AnalyzerCore.h:10,
                 from include/JHAnalyzerBase.h:4,
                 from src/JHAnalyzerBase.C:1:
/cvmfs/cms.cern.ch/slc7_amd64_gcc820/external/gcc/8.2.0-pafccj/include/c++/8.3.1/bits/stl_set.h:975:5: note: candidate: 'template<class _Key, class _Compare, class _Alloc> bool std::operator<(const std::set<_Key, _Compare, _Allocator>&, const std::set<_Key, _Compare, _Allocator>&)'
     operator<(const set<_Key, _Compare, _Alloc>& __x,
     ^~~~~~~~
/cvmfs/cms.cern.ch/slc7_amd64_gcc820/external/gcc/8.2.0-pafccj/include/c++/8.3.1/bits/stl_set.h:975:5: note:   template argument deduction/substitution failed:
src/JHAnalyzerBase.C:1002:37: note:   'const value_type' {aka 'const Muon'} is not derived from 'const std::set<_Key, _Compare, _Allocator>'
   if(MuonCollection[v_muonidx[1]] < ptmin2) return {};
                                     ^~~~~~
In file included from /cvmfs/cms.cern.ch/slc7_amd64_gcc820/external/gcc/8.2.0-pafccj/include/c++/8.3.1/set:62,
                 from /cvmfs/cms.cern.ch/slc7_amd64_gcc820/cms/cmssw/CMSSW_10_6_4/external/slc7_amd64_gcc820/bin/../../../../../../../slc7_amd64_gcc820/lcg/root/6.14.09/include/TClass.h:30,
                 from /cvmfs/cms.cern.ch/slc7_amd64_gcc820/cms/cmssw/CMSSW_10_6_4/external/slc7_amd64_gcc820/bin/../../../../../../../slc7_amd64_gcc820/lcg/root/6.14.09/include/TKey.h:18,
                 from /cvmfs/cms.cern.ch/slc7_amd64_gcc820/cms/cmssw/CMSSW_10_6_4/external/slc7_amd64_gcc820/bin/../../../../../../../slc7_amd64_gcc820/lcg/root/6.14.09/include/TBasket.h:28,
                 from /cvmfs/cms.cern.ch/slc7_amd64_gcc820/cms/cmssw/CMSSW_10_6_4/external/slc7_amd64_gcc820/bin/../../../../../../../slc7_amd64_gcc820/lcg/root/6.14.09/include/ROOT/TIOFeatures.hxx:14,
                 from /cvmfs/cms.cern.ch/slc7_amd64_gcc820/cms/cmssw/CMSSW_10_6_4/external/slc7_amd64_gcc820/bin/../../../../../../../slc7_amd64_gcc820/lcg/root/6.14.09/include/TTree.h:29,
                 from /cvmfs/cms.cern.ch/slc7_amd64_gcc820/cms/cmssw/CMSSW_10_6_4/external/slc7_amd64_gcc820/bin/../../../../../../../slc7_amd64_gcc820/lcg/root/6.14.09/include/TChain.h:24,
                 from include/SKFlatNtuple.h:5,
                 from include/AnalyzerCore.h:10,
                 from include/JHAnalyzerBase.h:4,
                 from src/JHAnalyzerBase.C:1:
/cvmfs/cms.cern.ch/slc7_amd64_gcc820/external/gcc/8.2.0-pafccj/include/c++/8.3.1/bits/stl_multiset.h:960:5: note: candidate: 'template<class _Key, class _Compare, class _Alloc> bool std::operator<(const std::multiset<_Key, _Compare, _Allocator>&, const std::multiset<_Key, _Compare, _Allocator>&)'
     operator<(const multiset<_Key, _Compare, _Alloc>& __x,
     ^~~~~~~~
/cvmfs/cms.cern.ch/slc7_amd64_gcc820/external/gcc/8.2.0-pafccj/include/c++/8.3.1/bits/stl_multiset.h:960:5: note:   template argument deduction/substitution failed:
src/JHAnalyzerBase.C:1002:37: note:   'const value_type' {aka 'const Muon'} is not derived from 'const std::multiset<_Key, _Compare, _Allocator>'
   if(MuonCollection[v_muonidx[1]] < ptmin2) return {};
                                     ^~~~~~
In file included from /cvmfs/cms.cern.ch/slc7_amd64_gcc820/external/gcc/8.2.0-pafccj/include/c++/8.3.1/list:63,
                 from /cvmfs/cms.cern.ch/slc7_amd64_gcc820/cms/cmssw/CMSSW_10_6_4/external/slc7_amd64_gcc820/bin/../../../../../../../slc7_amd64_gcc820/lcg/root/6.14.09/include/TFormula.h:22,
                 from /cvmfs/cms.cern.ch/slc7_amd64_gcc820/cms/cmssw/CMSSW_10_6_4/external/slc7_amd64_gcc820/bin/../../../../../../../slc7_amd64_gcc820/lcg/root/6.14.09/include/TF1.h:27,
                 from /data6/Users/jhchoi/SKFlatAnalyzers/test/ForTMVA/SKFlatAnalyzer/AnalyzerTools/include/BTagCalibrationStandalone.h:19,
                 from /data6/Users/jhchoi/SKFlatAnalyzers/test/ForTMVA/SKFlatAnalyzer/AnalyzerTools/include/MCCorrection.h:29,
                 from include/AnalyzerCore.h:25,
                 from include/JHAnalyzerBase.h:4,
                 from src/JHAnalyzerBase.C:1:
/cvmfs/cms.cern.ch/slc7_amd64_gcc820/external/gcc/8.2.0-pafccj/include/c++/8.3.1/bits/stl_list.h:2021:5: note: candidate: 'template<class _Tp, class _Alloc> bool std::operator<(const std::__cxx11::list<_Tp, _Alloc>&, const std::__cxx11::list<_Tp, _Alloc>&)'
     operator<(const list<_Tp, _Alloc>& __x, const list<_Tp, _Alloc>& __y)
     ^~~~~~~~
/cvmfs/cms.cern.ch/slc7_amd64_gcc820/external/gcc/8.2.0-pafccj/include/c++/8.3.1/bits/stl_list.h:2021:5: note:   template argument deduction/substitution failed:
src/JHAnalyzerBase.C:1002:37: note:   'const value_type' {aka 'const Muon'} is not derived from 'const std::__cxx11::list<_Tp, _Alloc>'
   if(MuonCollection[v_muonidx[1]] < ptmin2) return {};
                                     ^~~~~~
src/JHAnalyzerBase.C: In member function 'std::vector<int> JHAnalyzerBase::GetIdxDiElReco(const std::vector<Electron>&, double, double, double, double)':
src/JHAnalyzerBase.C:1028:43: error: no match for 'operator<' (operand types are 'const value_type' {aka 'const Electron'} and 'double')
   if(ElectronCollection[v_electronidx[0]] < ptmin1) return {};
In file included from /cvmfs/cms.cern.ch/slc7_amd64_gcc820/cms/cmssw/CMSSW_10_6_4/external/slc7_amd64_gcc820/bin/../../../../../../../slc7_amd64_gcc820/lcg/root/6.14.09/include/TNamed.h:26,
                 from /cvmfs/cms.cern.ch/slc7_amd64_gcc820/cms/cmssw/CMSSW_10_6_4/external/slc7_amd64_gcc820/bin/../../../../../../../slc7_amd64_gcc820/lcg/root/6.14.09/include/TMatrixTBase.h:70,
                 from /cvmfs/cms.cern.ch/slc7_amd64_gcc820/cms/cmssw/CMSSW_10_6_4/external/slc7_amd64_gcc820/bin/../../../../../../../slc7_amd64_gcc820/lcg/root/6.14.09/include/TMatrixT.h:23,
                 from /cvmfs/cms.cern.ch/slc7_amd64_gcc820/cms/cmssw/CMSSW_10_6_4/external/slc7_amd64_gcc820/bin/../../../../../../../slc7_amd64_gcc820/lcg/root/6.14.09/include/TMatrixF.h:20,
                 from /cvmfs/cms.cern.ch/slc7_amd64_gcc820/cms/cmssw/CMSSW_10_6_4/external/slc7_amd64_gcc820/bin/../../../../../../../slc7_amd64_gcc820/lcg/root/6.14.09/include/TMatrix.h:23,
                 from /cvmfs/cms.cern.ch/slc7_amd64_gcc820/cms/cmssw/CMSSW_10_6_4/external/slc7_amd64_gcc820/bin/../../../../../../../slc7_amd64_gcc820/lcg/root/6.14.09/include/TVector3.h:16,
                 from /cvmfs/cms.cern.ch/slc7_amd64_gcc820/cms/cmssw/CMSSW_10_6_4/external/slc7_amd64_gcc820/bin/../../../../../../../slc7_amd64_gcc820/lcg/root/6.14.09/include/TLorentzVector.h:25,
                 from include/AnalyzerCore.h:4,
                 from include/JHAnalyzerBase.h:4,
                 from src/JHAnalyzerBase.C:1:
/cvmfs/cms.cern.ch/slc7_amd64_gcc820/cms/cmssw/CMSSW_10_6_4/external/slc7_amd64_gcc820/bin/../../../../../../../slc7_amd64_gcc820/lcg/root/6.14.09/include/TString.h:761:15: note: candidate: 'Bool_t operator<(const TString&, const TString&)'
 inline Bool_t operator<(const TString &s1, const TString &s2)
               ^~~~~~~~
/cvmfs/cms.cern.ch/slc7_amd64_gcc820/cms/cmssw/CMSSW_10_6_4/external/slc7_amd64_gcc820/bin/../../../../../../../slc7_amd64_gcc820/lcg/root/6.14.09/include/TString.h:761:15: note:   no known conversion for argument 1 from 'const value_type' {aka 'const Electron'} to 'const TString&'
/cvmfs/cms.cern.ch/slc7_amd64_gcc820/cms/cmssw/CMSSW_10_6_4/external/slc7_amd64_gcc820/bin/../../../../../../../slc7_amd64_gcc820/lcg/root/6.14.09/include/TString.h:777:15: note: candidate: 'Bool_t operator<(const TString&, const char*)'
 inline Bool_t operator<(const TString &s1, const char *s2)
               ^~~~~~~~
/cvmfs/cms.cern.ch/slc7_amd64_gcc820/cms/cmssw/CMSSW_10_6_4/external/slc7_amd64_gcc820/bin/../../../../../../../slc7_amd64_gcc820/lcg/root/6.14.09/include/TString.h:777:15: note:   no known conversion for argument 1 from 'const value_type' {aka 'const Electron'} to 'const TString&'
/cvmfs/cms.cern.ch/slc7_amd64_gcc820/cms/cmssw/CMSSW_10_6_4/external/slc7_amd64_gcc820/bin/../../../../../../../slc7_amd64_gcc820/lcg/root/6.14.09/include/TString.h:795:15: note: candidate: 'Bool_t operator<(const char*, const TString&)'
 inline Bool_t operator<(const char *s1, const TString &s2)
               ^~~~~~~~
/cvmfs/cms.cern.ch/slc7_amd64_gcc820/cms/cmssw/CMSSW_10_6_4/external/slc7_amd64_gcc820/bin/../../../../../../../slc7_amd64_gcc820/lcg/root/6.14.09/include/TString.h:795:15: note:   no known conversion for argument 1 from 'const value_type' {aka 'const Electron'} to 'const char*'
In file included from /cvmfs/cms.cern.ch/slc7_amd64_gcc820/cms/cmssw/CMSSW_10_6_4/external/slc7_amd64_gcc820/bin/../../../../../../../slc7_amd64_gcc820/lcg/root/6.14.09/include/TMatrixF.h:20,
                 from /cvmfs/cms.cern.ch/slc7_amd64_gcc820/cms/cmssw/CMSSW_10_6_4/external/slc7_amd64_gcc820/bin/../../../../../../../slc7_amd64_gcc820/lcg/root/6.14.09/include/TMatrix.h:23,
                 from /cvmfs/cms.cern.ch/slc7_amd64_gcc820/cms/cmssw/CMSSW_10_6_4/external/slc7_amd64_gcc820/bin/../../../../../../../slc7_amd64_gcc820/lcg/root/6.14.09/include/TVector3.h:16,
                 from /cvmfs/cms.cern.ch/slc7_amd64_gcc820/cms/cmssw/CMSSW_10_6_4/external/slc7_amd64_gcc820/bin/../../../../../../../slc7_amd64_gcc820/lcg/root/6.14.09/include/TLorentzVector.h:25,
                 from include/AnalyzerCore.h:4,
                 from include/JHAnalyzerBase.h:4,
                 from src/JHAnalyzerBase.C:1:
/cvmfs/cms.cern.ch/slc7_amd64_gcc820/cms/cmssw/CMSSW_10_6_4/external/slc7_amd64_gcc820/bin/../../../../../../../slc7_amd64_gcc820/lcg/root/6.14.09/include/TMatrixT.h:322:45: note: candidate: 'template<class Element> TMatrixT<Element> operator<(const TMatrixT<Element>&, const TMatrixT<Element>&)'
 template <class Element> TMatrixT<Element>  operator<  (const TMatrixT   <Element> &source1,const TMatrixT   <Element> &source2);
                                             ^~~~~~~~
/cvmfs/cms.cern.ch/slc7_amd64_gcc820/cms/cmssw/CMSSW_10_6_4/external/slc7_amd64_gcc820/bin/../../../../../../../slc7_amd64_gcc820/lcg/root/6.14.09/include/TMatrixT.h:322:45: note:   template argument deduction/substitution failed:
src/JHAnalyzerBase.C:1028:45: note:   'const value_type' {aka 'const Electron'} is not derived from 'const TMatrixT<Element>'
   if(ElectronCollection[v_electronidx[0]] < ptmin1) return {};
                                             ^~~~~~
In file included from /cvmfs/cms.cern.ch/slc7_amd64_gcc820/cms/cmssw/CMSSW_10_6_4/external/slc7_amd64_gcc820/bin/../../../../../../../slc7_amd64_gcc820/lcg/root/6.14.09/include/TMatrixF.h:20,
                 from /cvmfs/cms.cern.ch/slc7_amd64_gcc820/cms/cmssw/CMSSW_10_6_4/external/slc7_amd64_gcc820/bin/../../../../../../../slc7_amd64_gcc820/lcg/root/6.14.09/include/TMatrix.h:23,
                 from /cvmfs/cms.cern.ch/slc7_amd64_gcc820/cms/cmssw/CMSSW_10_6_4/external/slc7_amd64_gcc820/bin/../../../../../../../slc7_amd64_gcc820/lcg/root/6.14.09/include/TVector3.h:16,
                 from /cvmfs/cms.cern.ch/slc7_amd64_gcc820/cms/cmssw/CMSSW_10_6_4/external/slc7_amd64_gcc820/bin/../../../../../../../slc7_amd64_gcc820/lcg/root/6.14.09/include/TLorentzVector.h:25,
                 from include/AnalyzerCore.h:4,
                 from include/JHAnalyzerBase.h:4,
                 from src/JHAnalyzerBase.C:1:
/cvmfs/cms.cern.ch/slc7_amd64_gcc820/cms/cmssw/CMSSW_10_6_4/external/slc7_amd64_gcc820/bin/../../../../../../../slc7_amd64_gcc820/lcg/root/6.14.09/include/TMatrixT.h:323:45: note: candidate: 'template<class Element> TMatrixT<Element> operator<(const TMatrixT<Element>&, const TMatrixTSym<Element>&)'
 template <class Element> TMatrixT<Element>  operator<  (const TMatrixT   <Element> &source1,const TMatrixTSym<Element> &source2);
                                             ^~~~~~~~
/cvmfs/cms.cern.ch/slc7_amd64_gcc820/cms/cmssw/CMSSW_10_6_4/external/slc7_amd64_gcc820/bin/../../../../../../../slc7_amd64_gcc820/lcg/root/6.14.09/include/TMatrixT.h:323:45: note:   template argument deduction/substitution failed:
src/JHAnalyzerBase.C:1028:45: note:   'const value_type' {aka 'const Electron'} is not derived from 'const TMatrixT<Element>'
   if(ElectronCollection[v_electronidx[0]] < ptmin1) return {};
                                             ^~~~~~
In file included from /cvmfs/cms.cern.ch/slc7_amd64_gcc820/cms/cmssw/CMSSW_10_6_4/external/slc7_amd64_gcc820/bin/../../../../../../../slc7_amd64_gcc820/lcg/root/6.14.09/include/TMatrixF.h:20,
                 from /cvmfs/cms.cern.ch/slc7_amd64_gcc820/cms/cmssw/CMSSW_10_6_4/external/slc7_amd64_gcc820/bin/../../../../../../../slc7_amd64_gcc820/lcg/root/6.14.09/include/TMatrix.h:23,
                 from /cvmfs/cms.cern.ch/slc7_amd64_gcc820/cms/cmssw/CMSSW_10_6_4/external/slc7_amd64_gcc820/bin/../../../../../../../slc7_amd64_gcc820/lcg/root/6.14.09/include/TVector3.h:16,
                 from /cvmfs/cms.cern.ch/slc7_amd64_gcc820/cms/cmssw/CMSSW_10_6_4/external/slc7_amd64_gcc820/bin/../../../../../../../slc7_amd64_gcc820/lcg/root/6.14.09/include/TLorentzVector.h:25,
                 from include/AnalyzerCore.h:4,
                 from include/JHAnalyzerBase.h:4,
                 from src/JHAnalyzerBase.C:1:
/cvmfs/cms.cern.ch/slc7_amd64_gcc820/cms/cmssw/CMSSW_10_6_4/external/slc7_amd64_gcc820/bin/../../../../../../../slc7_amd64_gcc820/lcg/root/6.14.09/include/TMatrixT.h:324:45: note: candidate: 'template<class Element> TMatrixT<Element> operator<(const TMatrixTSym<Element>&, const TMatrixT<Element>&)'
 template <class Element> TMatrixT<Element>  operator<  (const TMatrixTSym<Element> &source1,const TMatrixT   <Element> &source2);
                                             ^~~~~~~~
/cvmfs/cms.cern.ch/slc7_amd64_gcc820/cms/cmssw/CMSSW_10_6_4/external/slc7_amd64_gcc820/bin/../../../../../../../slc7_amd64_gcc820/lcg/root/6.14.09/include/TMatrixT.h:324:45: note:   template argument deduction/substitution failed:
src/JHAnalyzerBase.C:1028:45: note:   'const value_type' {aka 'const Electron'} is not derived from 'const TMatrixTSym<Element>'
   if(ElectronCollection[v_electronidx[0]] < ptmin1) return {};
                                             ^~~~~~
In file included from /cvmfs/cms.cern.ch/slc7_amd64_gcc820/cms/cmssw/CMSSW_10_6_4/external/slc7_amd64_gcc820/bin/../../../../../../../slc7_amd64_gcc820/lcg/root/6.14.09/include/TDirectory.h:27,
                 from /cvmfs/cms.cern.ch/slc7_amd64_gcc820/cms/cmssw/CMSSW_10_6_4/external/slc7_amd64_gcc820/bin/../../../../../../../slc7_amd64_gcc820/lcg/root/6.14.09/include/TROOT.h:28,
                 from include/SKFlatNtuple.h:4,
                 from include/AnalyzerCore.h:10,
                 from include/JHAnalyzerBase.h:4,
                 from src/JHAnalyzerBase.C:1:
/cvmfs/cms.cern.ch/slc7_amd64_gcc820/cms/cmssw/CMSSW_10_6_4/external/slc7_amd64_gcc820/bin/../../../../../../../slc7_amd64_gcc820/lcg/root/6.14.09/include/TDatime.h:106:15: note: candidate: 'Bool_t operator<(const TDatime&, const TDatime&)'
 inline Bool_t operator< (const TDatime &d1, const TDatime &d2)
               ^~~~~~~~
/cvmfs/cms.cern.ch/slc7_amd64_gcc820/cms/cmssw/CMSSW_10_6_4/external/slc7_amd64_gcc820/bin/../../../../../../../slc7_amd64_gcc820/lcg/root/6.14.09/include/TDatime.h:106:15: note:   no known conversion for argument 1 from 'const value_type' {aka 'const Electron'} to 'const TDatime&'
In file included from /cvmfs/cms.cern.ch/slc7_amd64_gcc820/cms/cmssw/CMSSW_10_6_4/external/slc7_amd64_gcc820/bin/../../../../../../../slc7_amd64_gcc820/lcg/root/6.14.09/include/TTimer.h:46,
                 from /cvmfs/cms.cern.ch/slc7_amd64_gcc820/cms/cmssw/CMSSW_10_6_4/external/slc7_amd64_gcc820/bin/../../../../../../../slc7_amd64_gcc820/lcg/root/6.14.09/include/TSystem.h:37,
                 from /data6/Users/jhchoi/SKFlatAnalyzers/test/ForTMVA/SKFlatAnalyzer/AnalyzerTools/include/MCCorrection.h:18,
                 from include/AnalyzerCore.h:25,
                 from include/JHAnalyzerBase.h:4,
                 from src/JHAnalyzerBase.C:1:
/cvmfs/cms.cern.ch/slc7_amd64_gcc820/cms/cmssw/CMSSW_10_6_4/external/slc7_amd64_gcc820/bin/../../../../../../../slc7_amd64_gcc820/lcg/root/6.14.09/include/TTime.h:94:15: note: candidate: 'Bool_t operator<(const TTime&, const TTime&)'
 inline Bool_t operator< (const TTime &t1, const TTime &t2)
               ^~~~~~~~
/cvmfs/cms.cern.ch/slc7_amd64_gcc820/cms/cmssw/CMSSW_10_6_4/external/slc7_amd64_gcc820/bin/../../../../../../../slc7_amd64_gcc820/lcg/root/6.14.09/include/TTime.h:94:15: note:   no known conversion for argument 1 from 'const value_type' {aka 'const Electron'} to 'const TTime&'
In file included from /cvmfs/cms.cern.ch/slc7_amd64_gcc820/external/gcc/8.2.0-pafccj/include/c++/8.3.1/bits/stl_algobase.h:64,
                 from /cvmfs/cms.cern.ch/slc7_amd64_gcc820/external/gcc/8.2.0-pafccj/include/c++/8.3.1/vector:60,
                 from /cvmfs/cms.cern.ch/slc7_amd64_gcc820/cms/cmssw/CMSSW_10_6_4/external/slc7_amd64_gcc820/bin/../../../../../../../slc7_amd64_gcc820/lcg/root/6.14.09/include/TGenericClassInfo.h:15,
                 from /cvmfs/cms.cern.ch/slc7_amd64_gcc820/cms/cmssw/CMSSW_10_6_4/external/slc7_amd64_gcc820/bin/../../../../../../../slc7_amd64_gcc820/lcg/root/6.14.09/include/Rtypes.h:188,
                 from /cvmfs/cms.cern.ch/slc7_amd64_gcc820/cms/cmssw/CMSSW_10_6_4/external/slc7_amd64_gcc820/bin/../../../../../../../slc7_amd64_gcc820/lcg/root/6.14.09/include/TMath.h:15,
                 from /cvmfs/cms.cern.ch/slc7_amd64_gcc820/cms/cmssw/CMSSW_10_6_4/external/slc7_amd64_gcc820/bin/../../../../../../../slc7_amd64_gcc820/lcg/root/6.14.09/include/TLorentzVector.h:24,
                 from include/AnalyzerCore.h:4,
                 from include/JHAnalyzerBase.h:4,
                 from src/JHAnalyzerBase.C:1:
/cvmfs/cms.cern.ch/slc7_amd64_gcc820/external/gcc/8.2.0-pafccj/include/c++/8.3.1/bits/stl_pair.h:454:5: note: candidate: 'template<class _T1, class _T2> constexpr bool std::operator<(const std::pair<_T1, _T2>&, const std::pair<_T1, _T2>&)'
     operator<(const pair<_T1, _T2>& __x, const pair<_T1, _T2>& __y)
     ^~~~~~~~
/cvmfs/cms.cern.ch/slc7_amd64_gcc820/external/gcc/8.2.0-pafccj/include/c++/8.3.1/bits/stl_pair.h:454:5: note:   template argument deduction/substitution failed:
src/JHAnalyzerBase.C:1028:45: note:   'const value_type' {aka 'const Electron'} is not derived from 'const std::pair<_T1, _T2>'
   if(ElectronCollection[v_electronidx[0]] < ptmin1) return {};
                                             ^~~~~~
In file included from /cvmfs/cms.cern.ch/slc7_amd64_gcc820/external/gcc/8.2.0-pafccj/include/c++/8.3.1/bits/stl_algobase.h:67,
                 from /cvmfs/cms.cern.ch/slc7_amd64_gcc820/external/gcc/8.2.0-pafccj/include/c++/8.3.1/vector:60,
                 from /cvmfs/cms.cern.ch/slc7_amd64_gcc820/cms/cmssw/CMSSW_10_6_4/external/slc7_amd64_gcc820/bin/../../../../../../../slc7_amd64_gcc820/lcg/root/6.14.09/include/TGenericClassInfo.h:15,
                 from /cvmfs/cms.cern.ch/slc7_amd64_gcc820/cms/cmssw/CMSSW_10_6_4/external/slc7_amd64_gcc820/bin/../../../../../../../slc7_amd64_gcc820/lcg/root/6.14.09/include/Rtypes.h:188,
                 from /cvmfs/cms.cern.ch/slc7_amd64_gcc820/cms/cmssw/CMSSW_10_6_4/external/slc7_amd64_gcc820/bin/../../../../../../../slc7_amd64_gcc820/lcg/root/6.14.09/include/TMath.h:15,
                 from /cvmfs/cms.cern.ch/slc7_amd64_gcc820/cms/cmssw/CMSSW_10_6_4/external/slc7_amd64_gcc820/bin/../../../../../../../slc7_amd64_gcc820/lcg/root/6.14.09/include/TLorentzVector.h:24,
                 from include/AnalyzerCore.h:4,
                 from include/JHAnalyzerBase.h:4,
                 from src/JHAnalyzerBase.C:1:
/cvmfs/cms.cern.ch/slc7_amd64_gcc820/external/gcc/8.2.0-pafccj/include/c++/8.3.1/bits/stl_iterator.h:308:5: note: candidate: 'template<class _Iterator> constexpr bool std::operator<(const std::reverse_iterator<_Iterator>&, const std::reverse_iterator<_Iterator>&)'
     operator<(const reverse_iterator<_Iterator>& __x,
     ^~~~~~~~
/cvmfs/cms.cern.ch/slc7_amd64_gcc820/external/gcc/8.2.0-pafccj/include/c++/8.3.1/bits/stl_iterator.h:308:5: note:   template argument deduction/substitution failed:
src/JHAnalyzerBase.C:1028:45: note:   'const value_type' {aka 'const Electron'} is not derived from 'const std::reverse_iterator<_Iterator>'
   if(ElectronCollection[v_electronidx[0]] < ptmin1) return {};
                                             ^~~~~~
In file included from /cvmfs/cms.cern.ch/slc7_amd64_gcc820/external/gcc/8.2.0-pafccj/include/c++/8.3.1/bits/stl_algobase.h:67,
                 from /cvmfs/cms.cern.ch/slc7_amd64_gcc820/external/gcc/8.2.0-pafccj/include/c++/8.3.1/vector:60,
                 from /cvmfs/cms.cern.ch/slc7_amd64_gcc820/cms/cmssw/CMSSW_10_6_4/external/slc7_amd64_gcc820/bin/../../../../../../../slc7_amd64_gcc820/lcg/root/6.14.09/include/TGenericClassInfo.h:15,
                 from /cvmfs/cms.cern.ch/slc7_amd64_gcc820/cms/cmssw/CMSSW_10_6_4/external/slc7_amd64_gcc820/bin/../../../../../../../slc7_amd64_gcc820/lcg/root/6.14.09/include/Rtypes.h:188,
                 from /cvmfs/cms.cern.ch/slc7_amd64_gcc820/cms/cmssw/CMSSW_10_6_4/external/slc7_amd64_gcc820/bin/../../../../../../../slc7_amd64_gcc820/lcg/root/6.14.09/include/TMath.h:15,
                 from /cvmfs/cms.cern.ch/slc7_amd64_gcc820/cms/cmssw/CMSSW_10_6_4/external/slc7_amd64_gcc820/bin/../../../../../../../slc7_amd64_gcc820/lcg/root/6.14.09/include/TLorentzVector.h:24,
                 from include/AnalyzerCore.h:4,
                 from include/JHAnalyzerBase.h:4,
                 from src/JHAnalyzerBase.C:1:
/cvmfs/cms.cern.ch/slc7_amd64_gcc820/external/gcc/8.2.0-pafccj/include/c++/8.3.1/bits/stl_iterator.h:346:5: note: candidate: 'template<class _IteratorL, class _IteratorR> constexpr bool std::operator<(const std::reverse_iterator<_Iterator>&, const std::reverse_iterator<_IteratorR>&)'
     operator<(const reverse_iterator<_IteratorL>& __x,
     ^~~~~~~~
/cvmfs/cms.cern.ch/slc7_amd64_gcc820/external/gcc/8.2.0-pafccj/include/c++/8.3.1/bits/stl_iterator.h:346:5: note:   template argument deduction/substitution failed:
src/JHAnalyzerBase.C:1028:45: note:   'const value_type' {aka 'const Electron'} is not derived from 'const std::reverse_iterator<_Iterator>'
   if(ElectronCollection[v_electronidx[0]] < ptmin1) return {};
                                             ^~~~~~
In file included from /cvmfs/cms.cern.ch/slc7_amd64_gcc820/external/gcc/8.2.0-pafccj/include/c++/8.3.1/bits/stl_algobase.h:67,
                 from /cvmfs/cms.cern.ch/slc7_amd64_gcc820/external/gcc/8.2.0-pafccj/include/c++/8.3.1/vector:60,
                 from /cvmfs/cms.cern.ch/slc7_amd64_gcc820/cms/cmssw/CMSSW_10_6_4/external/slc7_amd64_gcc820/bin/../../../../../../../slc7_amd64_gcc820/lcg/root/6.14.09/include/TGenericClassInfo.h:15,
                 from /cvmfs/cms.cern.ch/slc7_amd64_gcc820/cms/cmssw/CMSSW_10_6_4/external/slc7_amd64_gcc820/bin/../../../../../../../slc7_amd64_gcc820/lcg/root/6.14.09/include/Rtypes.h:188,
                 from /cvmfs/cms.cern.ch/slc7_amd64_gcc820/cms/cmssw/CMSSW_10_6_4/external/slc7_amd64_gcc820/bin/../../../../../../../slc7_amd64_gcc820/lcg/root/6.14.09/include/TMath.h:15,
                 from /cvmfs/cms.cern.ch/slc7_amd64_gcc820/cms/cmssw/CMSSW_10_6_4/external/slc7_amd64_gcc820/bin/../../../../../../../slc7_amd64_gcc820/lcg/root/6.14.09/include/TLorentzVector.h:24,
                 from include/AnalyzerCore.h:4,
                 from include/JHAnalyzerBase.h:4,
                 from src/JHAnalyzerBase.C:1:
/cvmfs/cms.cern.ch/slc7_amd64_gcc820/external/gcc/8.2.0-pafccj/include/c++/8.3.1/bits/stl_iterator.h:1139:5: note: candidate: 'template<class _IteratorL, class _IteratorR> constexpr bool std::operator<(const std::move_iterator<_IteratorL>&, const std::move_iterator<_IteratorR>&)'
     operator<(const move_iterator<_IteratorL>& __x,
     ^~~~~~~~
/cvmfs/cms.cern.ch/slc7_amd64_gcc820/external/gcc/8.2.0-pafccj/include/c++/8.3.1/bits/stl_iterator.h:1139:5: note:   template argument deduction/substitution failed:
src/JHAnalyzerBase.C:1028:45: note:   'const value_type' {aka 'const Electron'} is not derived from 'const std::move_iterator<_IteratorL>'
   if(ElectronCollection[v_electronidx[0]] < ptmin1) return {};
                                             ^~~~~~
In file included from /cvmfs/cms.cern.ch/slc7_amd64_gcc820/external/gcc/8.2.0-pafccj/include/c++/8.3.1/bits/stl_algobase.h:67,
                 from /cvmfs/cms.cern.ch/slc7_amd64_gcc820/external/gcc/8.2.0-pafccj/include/c++/8.3.1/vector:60,
                 from /cvmfs/cms.cern.ch/slc7_amd64_gcc820/cms/cmssw/CMSSW_10_6_4/external/slc7_amd64_gcc820/bin/../../../../../../../slc7_amd64_gcc820/lcg/root/6.14.09/include/TGenericClassInfo.h:15,
                 from /cvmfs/cms.cern.ch/slc7_amd64_gcc820/cms/cmssw/CMSSW_10_6_4/external/slc7_amd64_gcc820/bin/../../../../../../../slc7_amd64_gcc820/lcg/root/6.14.09/include/Rtypes.h:188,
                 from /cvmfs/cms.cern.ch/slc7_amd64_gcc820/cms/cmssw/CMSSW_10_6_4/external/slc7_amd64_gcc820/bin/../../../../../../../slc7_amd64_gcc820/lcg/root/6.14.09/include/TMath.h:15,
                 from /cvmfs/cms.cern.ch/slc7_amd64_gcc820/cms/cmssw/CMSSW_10_6_4/external/slc7_amd64_gcc820/bin/../../../../../../../slc7_amd64_gcc820/lcg/root/6.14.09/include/TLorentzVector.h:24,
                 from include/AnalyzerCore.h:4,
                 from include/JHAnalyzerBase.h:4,
                 from src/JHAnalyzerBase.C:1:
/cvmfs/cms.cern.ch/slc7_amd64_gcc820/external/gcc/8.2.0-pafccj/include/c++/8.3.1/bits/stl_iterator.h:1145:5: note: candidate: 'template<class _Iterator> constexpr bool std::operator<(const std::move_iterator<_IteratorL>&, const std::move_iterator<_IteratorL>&)'
     operator<(const move_iterator<_Iterator>& __x,
     ^~~~~~~~
/cvmfs/cms.cern.ch/slc7_amd64_gcc820/external/gcc/8.2.0-pafccj/include/c++/8.3.1/bits/stl_iterator.h:1145:5: note:   template argument deduction/substitution failed:
src/JHAnalyzerBase.C:1028:45: note:   'const value_type' {aka 'const Electron'} is not derived from 'const std::move_iterator<_IteratorL>'
   if(ElectronCollection[v_electronidx[0]] < ptmin1) return {};
                                             ^~~~~~
In file included from /cvmfs/cms.cern.ch/slc7_amd64_gcc820/external/gcc/8.2.0-pafccj/include/c++/8.3.1/vector:64,
                 from /cvmfs/cms.cern.ch/slc7_amd64_gcc820/cms/cmssw/CMSSW_10_6_4/external/slc7_amd64_gcc820/bin/../../../../../../../slc7_amd64_gcc820/lcg/root/6.14.09/include/TGenericClassInfo.h:15,
                 from /cvmfs/cms.cern.ch/slc7_amd64_gcc820/cms/cmssw/CMSSW_10_6_4/external/slc7_amd64_gcc820/bin/../../../../../../../slc7_amd64_gcc820/lcg/root/6.14.09/include/Rtypes.h:188,
                 from /cvmfs/cms.cern.ch/slc7_amd64_gcc820/cms/cmssw/CMSSW_10_6_4/external/slc7_amd64_gcc820/bin/../../../../../../../slc7_amd64_gcc820/lcg/root/6.14.09/include/TMath.h:15,
                 from /cvmfs/cms.cern.ch/slc7_amd64_gcc820/cms/cmssw/CMSSW_10_6_4/external/slc7_amd64_gcc820/bin/../../../../../../../slc7_amd64_gcc820/lcg/root/6.14.09/include/TLorentzVector.h:24,
                 from include/AnalyzerCore.h:4,
                 from include/JHAnalyzerBase.h:4,
                 from src/JHAnalyzerBase.C:1:
/cvmfs/cms.cern.ch/slc7_amd64_gcc820/external/gcc/8.2.0-pafccj/include/c++/8.3.1/bits/stl_vector.h:1770:5: note: candidate: 'template<class _Tp, class _Alloc> bool std::operator<(const std::vector<_Tp, _Alloc>&, const std::vector<_Tp, _Alloc>&)'
     operator<(const vector<_Tp, _Alloc>& __x, const vector<_Tp, _Alloc>& __y)
     ^~~~~~~~
/cvmfs/cms.cern.ch/slc7_amd64_gcc820/external/gcc/8.2.0-pafccj/include/c++/8.3.1/bits/stl_vector.h:1770:5: note:   template argument deduction/substitution failed:
src/JHAnalyzerBase.C:1028:45: note:   'const value_type' {aka 'const Electron'} is not derived from 'const std::vector<_Tp, _Alloc>'
   if(ElectronCollection[v_electronidx[0]] < ptmin1) return {};
                                             ^~~~~~
In file included from /cvmfs/cms.cern.ch/slc7_amd64_gcc820/external/gcc/8.2.0-pafccj/include/c++/8.3.1/bits/basic_string.h:48,
                 from /cvmfs/cms.cern.ch/slc7_amd64_gcc820/external/gcc/8.2.0-pafccj/include/c++/8.3.1/string:52,
                 from /cvmfs/cms.cern.ch/slc7_amd64_gcc820/cms/cmssw/CMSSW_10_6_4/external/slc7_amd64_gcc820/bin/../../../../../../../slc7_amd64_gcc820/lcg/root/6.14.09/include/TSchemaHelper.h:17,
                 from /cvmfs/cms.cern.ch/slc7_amd64_gcc820/cms/cmssw/CMSSW_10_6_4/external/slc7_amd64_gcc820/bin/../../../../../../../slc7_amd64_gcc820/lcg/root/6.14.09/include/TGenericClassInfo.h:16,
                 from /cvmfs/cms.cern.ch/slc7_amd64_gcc820/cms/cmssw/CMSSW_10_6_4/external/slc7_amd64_gcc820/bin/../../../../../../../slc7_amd64_gcc820/lcg/root/6.14.09/include/Rtypes.h:188,
                 from /cvmfs/cms.cern.ch/slc7_amd64_gcc820/cms/cmssw/CMSSW_10_6_4/external/slc7_amd64_gcc820/bin/../../../../../../../slc7_amd64_gcc820/lcg/root/6.14.09/include/TMath.h:15,
                 from /cvmfs/cms.cern.ch/slc7_amd64_gcc820/cms/cmssw/CMSSW_10_6_4/external/slc7_amd64_gcc820/bin/../../../../../../../slc7_amd64_gcc820/lcg/root/6.14.09/include/TLorentzVector.h:24,
                 from include/AnalyzerCore.h:4,
                 from include/JHAnalyzerBase.h:4,
                 from src/JHAnalyzerBase.C:1:
/cvmfs/cms.cern.ch/slc7_amd64_gcc820/external/gcc/8.2.0-pafccj/include/c++/8.3.1/string_view:472:5: note: candidate: 'template<class _CharT, class _Traits> constexpr bool std::operator<(std::basic_string_view<_CharT, _Traits>, std::basic_string_view<_CharT, _Traits>)'
     operator< (basic_string_view<_CharT, _Traits> __x,
     ^~~~~~~~
/cvmfs/cms.cern.ch/slc7_amd64_gcc820/external/gcc/8.2.0-pafccj/include/c++/8.3.1/string_view:472:5: note:   template argument deduction/substitution failed:
src/JHAnalyzerBase.C:1028:45: note:   'Electron' is not derived from 'std::basic_string_view<_CharT, _Traits>'
   if(ElectronCollection[v_electronidx[0]] < ptmin1) return {};
                                             ^~~~~~
In file included from /cvmfs/cms.cern.ch/slc7_amd64_gcc820/external/gcc/8.2.0-pafccj/include/c++/8.3.1/bits/basic_string.h:48,
                 from /cvmfs/cms.cern.ch/slc7_amd64_gcc820/external/gcc/8.2.0-pafccj/include/c++/8.3.1/string:52,
                 from /cvmfs/cms.cern.ch/slc7_amd64_gcc820/cms/cmssw/CMSSW_10_6_4/external/slc7_amd64_gcc820/bin/../../../../../../../slc7_amd64_gcc820/lcg/root/6.14.09/include/TSchemaHelper.h:17,
                 from /cvmfs/cms.cern.ch/slc7_amd64_gcc820/cms/cmssw/CMSSW_10_6_4/external/slc7_amd64_gcc820/bin/../../../../../../../slc7_amd64_gcc820/lcg/root/6.14.09/include/TGenericClassInfo.h:16,
                 from /cvmfs/cms.cern.ch/slc7_amd64_gcc820/cms/cmssw/CMSSW_10_6_4/external/slc7_amd64_gcc820/bin/../../../../../../../slc7_amd64_gcc820/lcg/root/6.14.09/include/Rtypes.h:188,
                 from /cvmfs/cms.cern.ch/slc7_amd64_gcc820/cms/cmssw/CMSSW_10_6_4/external/slc7_amd64_gcc820/bin/../../../../../../../slc7_amd64_gcc820/lcg/root/6.14.09/include/TMath.h:15,
                 from /cvmfs/cms.cern.ch/slc7_amd64_gcc820/cms/cmssw/CMSSW_10_6_4/external/slc7_amd64_gcc820/bin/../../../../../../../slc7_amd64_gcc820/lcg/root/6.14.09/include/TLorentzVector.h:24,
                 from include/AnalyzerCore.h:4,
                 from include/JHAnalyzerBase.h:4,
                 from src/JHAnalyzerBase.C:1:
/cvmfs/cms.cern.ch/slc7_amd64_gcc820/external/gcc/8.2.0-pafccj/include/c++/8.3.1/string_view:478:5: note: candidate: 'template<class _CharT, class _Traits> constexpr bool std::operator<(std::basic_string_view<_CharT, _Traits>, std::__detail::__idt<std::basic_string_view<_CharT, _Traits> >)'
     operator< (basic_string_view<_CharT, _Traits> __x,
     ^~~~~~~~
/cvmfs/cms.cern.ch/slc7_amd64_gcc820/external/gcc/8.2.0-pafccj/include/c++/8.3.1/string_view:478:5: note:   template argument deduction/substitution failed:
src/JHAnalyzerBase.C:1028:45: note:   'Electron' is not derived from 'std::basic_string_view<_CharT, _Traits>'
   if(ElectronCollection[v_electronidx[0]] < ptmin1) return {};
                                             ^~~~~~
In file included from /cvmfs/cms.cern.ch/slc7_amd64_gcc820/external/gcc/8.2.0-pafccj/include/c++/8.3.1/bits/basic_string.h:48,
                 from /cvmfs/cms.cern.ch/slc7_amd64_gcc820/external/gcc/8.2.0-pafccj/include/c++/8.3.1/string:52,
                 from /cvmfs/cms.cern.ch/slc7_amd64_gcc820/cms/cmssw/CMSSW_10_6_4/external/slc7_amd64_gcc820/bin/../../../../../../../slc7_amd64_gcc820/lcg/root/6.14.09/include/TSchemaHelper.h:17,
                 from /cvmfs/cms.cern.ch/slc7_amd64_gcc820/cms/cmssw/CMSSW_10_6_4/external/slc7_amd64_gcc820/bin/../../../../../../../slc7_amd64_gcc820/lcg/root/6.14.09/include/TGenericClassInfo.h:16,
                 from /cvmfs/cms.cern.ch/slc7_amd64_gcc820/cms/cmssw/CMSSW_10_6_4/external/slc7_amd64_gcc820/bin/../../../../../../../slc7_amd64_gcc820/lcg/root/6.14.09/include/Rtypes.h:188,
                 from /cvmfs/cms.cern.ch/slc7_amd64_gcc820/cms/cmssw/CMSSW_10_6_4/external/slc7_amd64_gcc820/bin/../../../../../../../slc7_amd64_gcc820/lcg/root/6.14.09/include/TMath.h:15,
                 from /cvmfs/cms.cern.ch/slc7_amd64_gcc820/cms/cmssw/CMSSW_10_6_4/external/slc7_amd64_gcc820/bin/../../../../../../../slc7_amd64_gcc820/lcg/root/6.14.09/include/TLorentzVector.h:24,
                 from include/AnalyzerCore.h:4,
                 from include/JHAnalyzerBase.h:4,
                 from src/JHAnalyzerBase.C:1:
/cvmfs/cms.cern.ch/slc7_amd64_gcc820/external/gcc/8.2.0-pafccj/include/c++/8.3.1/string_view:484:5: note: candidate: 'template<class _CharT, class _Traits> constexpr bool std::operator<(std::__detail::__idt<std::basic_string_view<_CharT, _Traits> >, std::basic_string_view<_CharT, _Traits>)'
     operator< (__detail::__idt<basic_string_view<_CharT, _Traits>> __x,
     ^~~~~~~~
/cvmfs/cms.cern.ch/slc7_amd64_gcc820/external/gcc/8.2.0-pafccj/include/c++/8.3.1/string_view:484:5: note:   template argument deduction/substitution failed:
src/JHAnalyzerBase.C:1028:45: note:   mismatched types 'std::basic_string_view<_CharT, _Traits>' and 'double'
   if(ElectronCollection[v_electronidx[0]] < ptmin1) return {};
                                             ^~~~~~
In file included from /cvmfs/cms.cern.ch/slc7_amd64_gcc820/external/gcc/8.2.0-pafccj/include/c++/8.3.1/string:52,
                 from /cvmfs/cms.cern.ch/slc7_amd64_gcc820/cms/cmssw/CMSSW_10_6_4/external/slc7_amd64_gcc820/bin/../../../../../../../slc7_amd64_gcc820/lcg/root/6.14.09/include/TSchemaHelper.h:17,
                 from /cvmfs/cms.cern.ch/slc7_amd64_gcc820/cms/cmssw/CMSSW_10_6_4/external/slc7_amd64_gcc820/bin/../../../../../../../slc7_amd64_gcc820/lcg/root/6.14.09/include/TGenericClassInfo.h:16,
                 from /cvmfs/cms.cern.ch/slc7_amd64_gcc820/cms/cmssw/CMSSW_10_6_4/external/slc7_amd64_gcc820/bin/../../../../../../../slc7_amd64_gcc820/lcg/root/6.14.09/include/Rtypes.h:188,
                 from /cvmfs/cms.cern.ch/slc7_amd64_gcc820/cms/cmssw/CMSSW_10_6_4/external/slc7_amd64_gcc820/bin/../../../../../../../slc7_amd64_gcc820/lcg/root/6.14.09/include/TMath.h:15,
                 from /cvmfs/cms.cern.ch/slc7_amd64_gcc820/cms/cmssw/CMSSW_10_6_4/external/slc7_amd64_gcc820/bin/../../../../../../../slc7_amd64_gcc820/lcg/root/6.14.09/include/TLorentzVector.h:24,
                 from include/AnalyzerCore.h:4,
                 from include/JHAnalyzerBase.h:4,
                 from src/JHAnalyzerBase.C:1:
/cvmfs/cms.cern.ch/slc7_amd64_gcc820/external/gcc/8.2.0-pafccj/include/c++/8.3.1/bits/basic_string.h:6133:5: note: candidate: 'template<class _CharT, class _Traits, class _Alloc> bool std::operator<(const std::__cxx11::basic_string<_CharT, _Traits, _Allocator>&, const std::__cxx11::basic_string<_CharT, _Traits, _Allocator>&)'
     operator<(const basic_string<_CharT, _Traits, _Alloc>& __lhs,
     ^~~~~~~~
/cvmfs/cms.cern.ch/slc7_amd64_gcc820/external/gcc/8.2.0-pafccj/include/c++/8.3.1/bits/basic_string.h:6133:5: note:   template argument deduction/substitution failed:
src/JHAnalyzerBase.C:1028:45: note:   'const value_type' {aka 'const Electron'} is not derived from 'const std::__cxx11::basic_string<_CharT, _Traits, _Allocator>'
   if(ElectronCollection[v_electronidx[0]] < ptmin1) return {};
                                             ^~~~~~
In file included from /cvmfs/cms.cern.ch/slc7_amd64_gcc820/external/gcc/8.2.0-pafccj/include/c++/8.3.1/string:52,
                 from /cvmfs/cms.cern.ch/slc7_amd64_gcc820/cms/cmssw/CMSSW_10_6_4/external/slc7_amd64_gcc820/bin/../../../../../../../slc7_amd64_gcc820/lcg/root/6.14.09/include/TSchemaHelper.h:17,
                 from /cvmfs/cms.cern.ch/slc7_amd64_gcc820/cms/cmssw/CMSSW_10_6_4/external/slc7_amd64_gcc820/bin/../../../../../../../slc7_amd64_gcc820/lcg/root/6.14.09/include/TGenericClassInfo.h:16,
                 from /cvmfs/cms.cern.ch/slc7_amd64_gcc820/cms/cmssw/CMSSW_10_6_4/external/slc7_amd64_gcc820/bin/../../../../../../../slc7_amd64_gcc820/lcg/root/6.14.09/include/Rtypes.h:188,
                 from /cvmfs/cms.cern.ch/slc7_amd64_gcc820/cms/cmssw/CMSSW_10_6_4/external/slc7_amd64_gcc820/bin/../../../../../../../slc7_amd64_gcc820/lcg/root/6.14.09/include/TMath.h:15,
                 from /cvmfs/cms.cern.ch/slc7_amd64_gcc820/cms/cmssw/CMSSW_10_6_4/external/slc7_amd64_gcc820/bin/../../../../../../../slc7_amd64_gcc820/lcg/root/6.14.09/include/TLorentzVector.h:24,
                 from include/AnalyzerCore.h:4,
                 from include/JHAnalyzerBase.h:4,
                 from src/JHAnalyzerBase.C:1:
/cvmfs/cms.cern.ch/slc7_amd64_gcc820/external/gcc/8.2.0-pafccj/include/c++/8.3.1/bits/basic_string.h:6146:5: note: candidate: 'template<class _CharT, class _Traits, class _Alloc> bool std::operator<(const std::__cxx11::basic_string<_CharT, _Traits, _Allocator>&, const _CharT*)'
     operator<(const basic_string<_CharT, _Traits, _Alloc>& __lhs,
     ^~~~~~~~
/cvmfs/cms.cern.ch/slc7_amd64_gcc820/external/gcc/8.2.0-pafccj/include/c++/8.3.1/bits/basic_string.h:6146:5: note:   template argument deduction/substitution failed:
src/JHAnalyzerBase.C:1028:45: note:   'const value_type' {aka 'const Electron'} is not derived from 'const std::__cxx11::basic_string<_CharT, _Traits, _Allocator>'
   if(ElectronCollection[v_electronidx[0]] < ptmin1) return {};
                                             ^~~~~~
In file included from /cvmfs/cms.cern.ch/slc7_amd64_gcc820/external/gcc/8.2.0-pafccj/include/c++/8.3.1/string:52,
                 from /cvmfs/cms.cern.ch/slc7_amd64_gcc820/cms/cmssw/CMSSW_10_6_4/external/slc7_amd64_gcc820/bin/../../../../../../../slc7_amd64_gcc820/lcg/root/6.14.09/include/TSchemaHelper.h:17,
                 from /cvmfs/cms.cern.ch/slc7_amd64_gcc820/cms/cmssw/CMSSW_10_6_4/external/slc7_amd64_gcc820/bin/../../../../../../../slc7_amd64_gcc820/lcg/root/6.14.09/include/TGenericClassInfo.h:16,
                 from /cvmfs/cms.cern.ch/slc7_amd64_gcc820/cms/cmssw/CMSSW_10_6_4/external/slc7_amd64_gcc820/bin/../../../../../../../slc7_amd64_gcc820/lcg/root/6.14.09/include/Rtypes.h:188,
                 from /cvmfs/cms.cern.ch/slc7_amd64_gcc820/cms/cmssw/CMSSW_10_6_4/external/slc7_amd64_gcc820/bin/../../../../../../../slc7_amd64_gcc820/lcg/root/6.14.09/include/TMath.h:15,
                 from /cvmfs/cms.cern.ch/slc7_amd64_gcc820/cms/cmssw/CMSSW_10_6_4/external/slc7_amd64_gcc820/bin/../../../../../../../slc7_amd64_gcc820/lcg/root/6.14.09/include/TLorentzVector.h:24,
                 from include/AnalyzerCore.h:4,
                 from include/JHAnalyzerBase.h:4,
                 from src/JHAnalyzerBase.C:1:
/cvmfs/cms.cern.ch/slc7_amd64_gcc820/external/gcc/8.2.0-pafccj/include/c++/8.3.1/bits/basic_string.h:6158:5: note: candidate: 'template<class _CharT, class _Traits, class _Alloc> bool std::operator<(const _CharT*, const std::__cxx11::basic_string<_CharT, _Traits, _Allocator>&)'
     operator<(const _CharT* __lhs,
     ^~~~~~~~
/cvmfs/cms.cern.ch/slc7_amd64_gcc820/external/gcc/8.2.0-pafccj/include/c++/8.3.1/bits/basic_string.h:6158:5: note:   template argument deduction/substitution failed:
src/JHAnalyzerBase.C:1028:45: note:   mismatched types 'const _CharT*' and 'Electron'
   if(ElectronCollection[v_electronidx[0]] < ptmin1) return {};
                                             ^~~~~~
In file included from /cvmfs/cms.cern.ch/slc7_amd64_gcc820/external/gcc/8.2.0-pafccj/include/c++/8.3.1/tuple:39,
                 from /cvmfs/cms.cern.ch/slc7_amd64_gcc820/external/gcc/8.2.0-pafccj/include/c++/8.3.1/bits/unique_ptr.h:37,
                 from /cvmfs/cms.cern.ch/slc7_amd64_gcc820/external/gcc/8.2.0-pafccj/include/c++/8.3.1/memory:80,
                 from /cvmfs/cms.cern.ch/slc7_amd64_gcc820/cms/cmssw/CMSSW_10_6_4/external/slc7_amd64_gcc820/bin/../../../../../../../slc7_amd64_gcc820/lcg/root/6.14.09/include/ROOT/TypeTraits.hxx:15,
                 from /cvmfs/cms.cern.ch/slc7_amd64_gcc820/cms/cmssw/CMSSW_10_6_4/external/slc7_amd64_gcc820/bin/../../../../../../../slc7_amd64_gcc820/lcg/root/6.14.09/include/TString.h:29,
                 from /cvmfs/cms.cern.ch/slc7_amd64_gcc820/cms/cmssw/CMSSW_10_6_4/external/slc7_amd64_gcc820/bin/../../../../../../../slc7_amd64_gcc820/lcg/root/6.14.09/include/TNamed.h:26,
                 from /cvmfs/cms.cern.ch/slc7_amd64_gcc820/cms/cmssw/CMSSW_10_6_4/external/slc7_amd64_gcc820/bin/../../../../../../../slc7_amd64_gcc820/lcg/root/6.14.09/include/TMatrixTBase.h:70,
                 from /cvmfs/cms.cern.ch/slc7_amd64_gcc820/cms/cmssw/CMSSW_10_6_4/external/slc7_amd64_gcc820/bin/../../../../../../../slc7_amd64_gcc820/lcg/root/6.14.09/include/TMatrixT.h:23,
                 from /cvmfs/cms.cern.ch/slc7_amd64_gcc820/cms/cmssw/CMSSW_10_6_4/external/slc7_amd64_gcc820/bin/../../../../../../../slc7_amd64_gcc820/lcg/root/6.14.09/include/TMatrixF.h:20,
                 from /cvmfs/cms.cern.ch/slc7_amd64_gcc820/cms/cmssw/CMSSW_10_6_4/external/slc7_amd64_gcc820/bin/../../../../../../../slc7_amd64_gcc820/lcg/root/6.14.09/include/TMatrix.h:23,
                 from /cvmfs/cms.cern.ch/slc7_amd64_gcc820/cms/cmssw/CMSSW_10_6_4/external/slc7_amd64_gcc820/bin/../../../../../../../slc7_amd64_gcc820/lcg/root/6.14.09/include/TVector3.h:16,
                 from /cvmfs/cms.cern.ch/slc7_amd64_gcc820/cms/cmssw/CMSSW_10_6_4/external/slc7_amd64_gcc820/bin/../../../../../../../slc7_amd64_gcc820/lcg/root/6.14.09/include/TLorentzVector.h:25,
                 from include/AnalyzerCore.h:4,
                 from include/JHAnalyzerBase.h:4,
                 from src/JHAnalyzerBase.C:1:
/cvmfs/cms.cern.ch/slc7_amd64_gcc820/external/gcc/8.2.0-pafccj/include/c++/8.3.1/array:262:5: note: candidate: 'template<class _Tp, long unsigned int _Nm> bool std::operator<(const std::array<_Tp, _Nm>&, const std::array<_Tp, _Nm>&)'
     operator<(const array<_Tp, _Nm>& __a, const array<_Tp, _Nm>& __b)
     ^~~~~~~~
/cvmfs/cms.cern.ch/slc7_amd64_gcc820/external/gcc/8.2.0-pafccj/include/c++/8.3.1/array:262:5: note:   template argument deduction/substitution failed:
src/JHAnalyzerBase.C:1028:45: note:   'const value_type' {aka 'const Electron'} is not derived from 'const std::array<_Tp, _Nm>'
   if(ElectronCollection[v_electronidx[0]] < ptmin1) return {};
                                             ^~~~~~
In file included from /cvmfs/cms.cern.ch/slc7_amd64_gcc820/external/gcc/8.2.0-pafccj/include/c++/8.3.1/bits/unique_ptr.h:37,
                 from /cvmfs/cms.cern.ch/slc7_amd64_gcc820/external/gcc/8.2.0-pafccj/include/c++/8.3.1/memory:80,
                 from /cvmfs/cms.cern.ch/slc7_amd64_gcc820/cms/cmssw/CMSSW_10_6_4/external/slc7_amd64_gcc820/bin/../../../../../../../slc7_amd64_gcc820/lcg/root/6.14.09/include/ROOT/TypeTraits.hxx:15,
                 from /cvmfs/cms.cern.ch/slc7_amd64_gcc820/cms/cmssw/CMSSW_10_6_4/external/slc7_amd64_gcc820/bin/../../../../../../../slc7_amd64_gcc820/lcg/root/6.14.09/include/TString.h:29,
                 from /cvmfs/cms.cern.ch/slc7_amd64_gcc820/cms/cmssw/CMSSW_10_6_4/external/slc7_amd64_gcc820/bin/../../../../../../../slc7_amd64_gcc820/lcg/root/6.14.09/include/TNamed.h:26,
                 from /cvmfs/cms.cern.ch/slc7_amd64_gcc820/cms/cmssw/CMSSW_10_6_4/external/slc7_amd64_gcc820/bin/../../../../../../../slc7_amd64_gcc820/lcg/root/6.14.09/include/TMatrixTBase.h:70,
                 from /cvmfs/cms.cern.ch/slc7_amd64_gcc820/cms/cmssw/CMSSW_10_6_4/external/slc7_amd64_gcc820/bin/../../../../../../../slc7_amd64_gcc820/lcg/root/6.14.09/include/TMatrixT.h:23,
                 from /cvmfs/cms.cern.ch/slc7_amd64_gcc820/cms/cmssw/CMSSW_10_6_4/external/slc7_amd64_gcc820/bin/../../../../../../../slc7_amd64_gcc820/lcg/root/6.14.09/include/TMatrixF.h:20,
                 from /cvmfs/cms.cern.ch/slc7_amd64_gcc820/cms/cmssw/CMSSW_10_6_4/external/slc7_amd64_gcc820/bin/../../../../../../../slc7_amd64_gcc820/lcg/root/6.14.09/include/TMatrix.h:23,
                 from /cvmfs/cms.cern.ch/slc7_amd64_gcc820/cms/cmssw/CMSSW_10_6_4/external/slc7_amd64_gcc820/bin/../../../../../../../slc7_amd64_gcc820/lcg/root/6.14.09/include/TVector3.h:16,
                 from /cvmfs/cms.cern.ch/slc7_amd64_gcc820/cms/cmssw/CMSSW_10_6_4/external/slc7_amd64_gcc820/bin/../../../../../../../slc7_amd64_gcc820/lcg/root/6.14.09/include/TLorentzVector.h:25,
                 from include/AnalyzerCore.h:4,
                 from include/JHAnalyzerBase.h:4,
                 from src/JHAnalyzerBase.C:1:
/cvmfs/cms.cern.ch/slc7_amd64_gcc820/external/gcc/8.2.0-pafccj/include/c++/8.3.1/tuple:1426:5: note: candidate: 'template<class ... _TElements, class ... _UElements> constexpr bool std::operator<(const std::tuple<_Tps ...>&, const std::tuple<_Elements ...>&)'
     operator<(const tuple<_TElements...>& __t,
     ^~~~~~~~
/cvmfs/cms.cern.ch/slc7_amd64_gcc820/external/gcc/8.2.0-pafccj/include/c++/8.3.1/tuple:1426:5: note:   template argument deduction/substitution failed:
src/JHAnalyzerBase.C:1028:45: note:   'const value_type' {aka 'const Electron'} is not derived from 'const std::tuple<_Tps ...>'
   if(ElectronCollection[v_electronidx[0]] < ptmin1) return {};
                                             ^~~~~~
In file included from /cvmfs/cms.cern.ch/slc7_amd64_gcc820/external/gcc/8.2.0-pafccj/include/c++/8.3.1/memory:80,
                 from /cvmfs/cms.cern.ch/slc7_amd64_gcc820/cms/cmssw/CMSSW_10_6_4/external/slc7_amd64_gcc820/bin/../../../../../../../slc7_amd64_gcc820/lcg/root/6.14.09/include/ROOT/TypeTraits.hxx:15,
                 from /cvmfs/cms.cern.ch/slc7_amd64_gcc820/cms/cmssw/CMSSW_10_6_4/external/slc7_amd64_gcc820/bin/../../../../../../../slc7_amd64_gcc820/lcg/root/6.14.09/include/TString.h:29,
                 from /cvmfs/cms.cern.ch/slc7_amd64_gcc820/cms/cmssw/CMSSW_10_6_4/external/slc7_amd64_gcc820/bin/../../../../../../../slc7_amd64_gcc820/lcg/root/6.14.09/include/TNamed.h:26,
                 from /cvmfs/cms.cern.ch/slc7_amd64_gcc820/cms/cmssw/CMSSW_10_6_4/external/slc7_amd64_gcc820/bin/../../../../../../../slc7_amd64_gcc820/lcg/root/6.14.09/include/TMatrixTBase.h:70,
                 from /cvmfs/cms.cern.ch/slc7_amd64_gcc820/cms/cmssw/CMSSW_10_6_4/external/slc7_amd64_gcc820/bin/../../../../../../../slc7_amd64_gcc820/lcg/root/6.14.09/include/TMatrixT.h:23,
                 from /cvmfs/cms.cern.ch/slc7_amd64_gcc820/cms/cmssw/CMSSW_10_6_4/external/slc7_amd64_gcc820/bin/../../../../../../../slc7_amd64_gcc820/lcg/root/6.14.09/include/TMatrixF.h:20,
                 from /cvmfs/cms.cern.ch/slc7_amd64_gcc820/cms/cmssw/CMSSW_10_6_4/external/slc7_amd64_gcc820/bin/../../../../../../../slc7_amd64_gcc820/lcg/root/6.14.09/include/TMatrix.h:23,
                 from /cvmfs/cms.cern.ch/slc7_amd64_gcc820/cms/cmssw/CMSSW_10_6_4/external/slc7_amd64_gcc820/bin/../../../../../../../slc7_amd64_gcc820/lcg/root/6.14.09/include/TVector3.h:16,
                 from /cvmfs/cms.cern.ch/slc7_amd64_gcc820/cms/cmssw/CMSSW_10_6_4/external/slc7_amd64_gcc820/bin/../../../../../../../slc7_amd64_gcc820/lcg/root/6.14.09/include/TLorentzVector.h:25,
                 from include/AnalyzerCore.h:4,
                 from include/JHAnalyzerBase.h:4,
                 from src/JHAnalyzerBase.C:1:
/cvmfs/cms.cern.ch/slc7_amd64_gcc820/external/gcc/8.2.0-pafccj/include/c++/8.3.1/bits/unique_ptr.h:723:5: note: candidate: 'template<class _Tp, class _Dp, class _Up, class _Ep> bool std::operator<(const std::unique_ptr<_Tp, _Dp>&, const std::unique_ptr<_Up, _Ep>&)'
     operator<(const unique_ptr<_Tp, _Dp>& __x,
     ^~~~~~~~
/cvmfs/cms.cern.ch/slc7_amd64_gcc820/external/gcc/8.2.0-pafccj/include/c++/8.3.1/bits/unique_ptr.h:723:5: note:   template argument deduction/substitution failed:
src/JHAnalyzerBase.C:1028:45: note:   'const value_type' {aka 'const Electron'} is not derived from 'const std::unique_ptr<_Tp, _Dp>'
   if(ElectronCollection[v_electronidx[0]] < ptmin1) return {};
                                             ^~~~~~
In file included from /cvmfs/cms.cern.ch/slc7_amd64_gcc820/external/gcc/8.2.0-pafccj/include/c++/8.3.1/memory:80,
                 from /cvmfs/cms.cern.ch/slc7_amd64_gcc820/cms/cmssw/CMSSW_10_6_4/external/slc7_amd64_gcc820/bin/../../../../../../../slc7_amd64_gcc820/lcg/root/6.14.09/include/ROOT/TypeTraits.hxx:15,
                 from /cvmfs/cms.cern.ch/slc7_amd64_gcc820/cms/cmssw/CMSSW_10_6_4/external/slc7_amd64_gcc820/bin/../../../../../../../slc7_amd64_gcc820/lcg/root/6.14.09/include/TString.h:29,
                 from /cvmfs/cms.cern.ch/slc7_amd64_gcc820/cms/cmssw/CMSSW_10_6_4/external/slc7_amd64_gcc820/bin/../../../../../../../slc7_amd64_gcc820/lcg/root/6.14.09/include/TNamed.h:26,
                 from /cvmfs/cms.cern.ch/slc7_amd64_gcc820/cms/cmssw/CMSSW_10_6_4/external/slc7_amd64_gcc820/bin/../../../../../../../slc7_amd64_gcc820/lcg/root/6.14.09/include/TMatrixTBase.h:70,
                 from /cvmfs/cms.cern.ch/slc7_amd64_gcc820/cms/cmssw/CMSSW_10_6_4/external/slc7_amd64_gcc820/bin/../../../../../../../slc7_amd64_gcc820/lcg/root/6.14.09/include/TMatrixT.h:23,
                 from /cvmfs/cms.cern.ch/slc7_amd64_gcc820/cms/cmssw/CMSSW_10_6_4/external/slc7_amd64_gcc820/bin/../../../../../../../slc7_amd64_gcc820/lcg/root/6.14.09/include/TMatrixF.h:20,
                 from /cvmfs/cms.cern.ch/slc7_amd64_gcc820/cms/cmssw/CMSSW_10_6_4/external/slc7_amd64_gcc820/bin/../../../../../../../slc7_amd64_gcc820/lcg/root/6.14.09/include/TMatrix.h:23,
                 from /cvmfs/cms.cern.ch/slc7_amd64_gcc820/cms/cmssw/CMSSW_10_6_4/external/slc7_amd64_gcc820/bin/../../../../../../../slc7_amd64_gcc820/lcg/root/6.14.09/include/TVector3.h:16,
                 from /cvmfs/cms.cern.ch/slc7_amd64_gcc820/cms/cmssw/CMSSW_10_6_4/external/slc7_amd64_gcc820/bin/../../../../../../../slc7_amd64_gcc820/lcg/root/6.14.09/include/TLorentzVector.h:25,
                 from include/AnalyzerCore.h:4,
                 from include/JHAnalyzerBase.h:4,
                 from src/JHAnalyzerBase.C:1:
/cvmfs/cms.cern.ch/slc7_amd64_gcc820/external/gcc/8.2.0-pafccj/include/c++/8.3.1/bits/unique_ptr.h:734:5: note: candidate: 'template<class _Tp, class _Dp> bool std::operator<(const std::unique_ptr<_Tp, _Dp>&, std::nullptr_t)'
     operator<(const unique_ptr<_Tp, _Dp>& __x, nullptr_t)
     ^~~~~~~~
/cvmfs/cms.cern.ch/slc7_amd64_gcc820/external/gcc/8.2.0-pafccj/include/c++/8.3.1/bits/unique_ptr.h:734:5: note:   template argument deduction/substitution failed:
src/JHAnalyzerBase.C:1028:45: note:   'const value_type' {aka 'const Electron'} is not derived from 'const std::unique_ptr<_Tp, _Dp>'
   if(ElectronCollection[v_electronidx[0]] < ptmin1) return {};
                                             ^~~~~~
In file included from /cvmfs/cms.cern.ch/slc7_amd64_gcc820/external/gcc/8.2.0-pafccj/include/c++/8.3.1/memory:80,
                 from /cvmfs/cms.cern.ch/slc7_amd64_gcc820/cms/cmssw/CMSSW_10_6_4/external/slc7_amd64_gcc820/bin/../../../../../../../slc7_amd64_gcc820/lcg/root/6.14.09/include/ROOT/TypeTraits.hxx:15,
                 from /cvmfs/cms.cern.ch/slc7_amd64_gcc820/cms/cmssw/CMSSW_10_6_4/external/slc7_amd64_gcc820/bin/../../../../../../../slc7_amd64_gcc820/lcg/root/6.14.09/include/TString.h:29,
                 from /cvmfs/cms.cern.ch/slc7_amd64_gcc820/cms/cmssw/CMSSW_10_6_4/external/slc7_amd64_gcc820/bin/../../../../../../../slc7_amd64_gcc820/lcg/root/6.14.09/include/TNamed.h:26,
                 from /cvmfs/cms.cern.ch/slc7_amd64_gcc820/cms/cmssw/CMSSW_10_6_4/external/slc7_amd64_gcc820/bin/../../../../../../../slc7_amd64_gcc820/lcg/root/6.14.09/include/TMatrixTBase.h:70,
                 from /cvmfs/cms.cern.ch/slc7_amd64_gcc820/cms/cmssw/CMSSW_10_6_4/external/slc7_amd64_gcc820/bin/../../../../../../../slc7_amd64_gcc820/lcg/root/6.14.09/include/TMatrixT.h:23,
                 from /cvmfs/cms.cern.ch/slc7_amd64_gcc820/cms/cmssw/CMSSW_10_6_4/external/slc7_amd64_gcc820/bin/../../../../../../../slc7_amd64_gcc820/lcg/root/6.14.09/include/TMatrixF.h:20,
                 from /cvmfs/cms.cern.ch/slc7_amd64_gcc820/cms/cmssw/CMSSW_10_6_4/external/slc7_amd64_gcc820/bin/../../../../../../../slc7_amd64_gcc820/lcg/root/6.14.09/include/TMatrix.h:23,
                 from /cvmfs/cms.cern.ch/slc7_amd64_gcc820/cms/cmssw/CMSSW_10_6_4/external/slc7_amd64_gcc820/bin/../../../../../../../slc7_amd64_gcc820/lcg/root/6.14.09/include/TVector3.h:16,
                 from /cvmfs/cms.cern.ch/slc7_amd64_gcc820/cms/cmssw/CMSSW_10_6_4/external/slc7_amd64_gcc820/bin/../../../../../../../slc7_amd64_gcc820/lcg/root/6.14.09/include/TLorentzVector.h:25,
                 from include/AnalyzerCore.h:4,
                 from include/JHAnalyzerBase.h:4,
                 from src/JHAnalyzerBase.C:1:
/cvmfs/cms.cern.ch/slc7_amd64_gcc820/external/gcc/8.2.0-pafccj/include/c++/8.3.1/bits/unique_ptr.h:740:5: note: candidate: 'template<class _Tp, class _Dp> bool std::operator<(std::nullptr_t, const std::unique_ptr<_Tp, _Dp>&)'
     operator<(nullptr_t, const unique_ptr<_Tp, _Dp>& __x)
     ^~~~~~~~
/cvmfs/cms.cern.ch/slc7_amd64_gcc820/external/gcc/8.2.0-pafccj/include/c++/8.3.1/bits/unique_ptr.h:740:5: note:   template argument deduction/substitution failed:
src/JHAnalyzerBase.C:1028:45: note:   mismatched types 'const std::unique_ptr<_Tp, _Dp>' and 'double'
   if(ElectronCollection[v_electronidx[0]] < ptmin1) return {};
                                             ^~~~~~
In file included from /cvmfs/cms.cern.ch/slc7_amd64_gcc820/external/gcc/8.2.0-pafccj/include/c++/8.3.1/bits/shared_ptr.h:52,
                 from /cvmfs/cms.cern.ch/slc7_amd64_gcc820/external/gcc/8.2.0-pafccj/include/c++/8.3.1/memory:81,
                 from /cvmfs/cms.cern.ch/slc7_amd64_gcc820/cms/cmssw/CMSSW_10_6_4/external/slc7_amd64_gcc820/bin/../../../../../../../slc7_amd64_gcc820/lcg/root/6.14.09/include/ROOT/TypeTraits.hxx:15,
                 from /cvmfs/cms.cern.ch/slc7_amd64_gcc820/cms/cmssw/CMSSW_10_6_4/external/slc7_amd64_gcc820/bin/../../../../../../../slc7_amd64_gcc820/lcg/root/6.14.09/include/TString.h:29,
                 from /cvmfs/cms.cern.ch/slc7_amd64_gcc820/cms/cmssw/CMSSW_10_6_4/external/slc7_amd64_gcc820/bin/../../../../../../../slc7_amd64_gcc820/lcg/root/6.14.09/include/TNamed.h:26,
                 from /cvmfs/cms.cern.ch/slc7_amd64_gcc820/cms/cmssw/CMSSW_10_6_4/external/slc7_amd64_gcc820/bin/../../../../../../../slc7_amd64_gcc820/lcg/root/6.14.09/include/TMatrixTBase.h:70,
                 from /cvmfs/cms.cern.ch/slc7_amd64_gcc820/cms/cmssw/CMSSW_10_6_4/external/slc7_amd64_gcc820/bin/../../../../../../../slc7_amd64_gcc820/lcg/root/6.14.09/include/TMatrixT.h:23,
                 from /cvmfs/cms.cern.ch/slc7_amd64_gcc820/cms/cmssw/CMSSW_10_6_4/external/slc7_amd64_gcc820/bin/../../../../../../../slc7_amd64_gcc820/lcg/root/6.14.09/include/TMatrixF.h:20,
                 from /cvmfs/cms.cern.ch/slc7_amd64_gcc820/cms/cmssw/CMSSW_10_6_4/external/slc7_amd64_gcc820/bin/../../../../../../../slc7_amd64_gcc820/lcg/root/6.14.09/include/TMatrix.h:23,
                 from /cvmfs/cms.cern.ch/slc7_amd64_gcc820/cms/cmssw/CMSSW_10_6_4/external/slc7_amd64_gcc820/bin/../../../../../../../slc7_amd64_gcc820/lcg/root/6.14.09/include/TVector3.h:16,
                 from /cvmfs/cms.cern.ch/slc7_amd64_gcc820/cms/cmssw/CMSSW_10_6_4/external/slc7_amd64_gcc820/bin/../../../../../../../slc7_amd64_gcc820/lcg/root/6.14.09/include/TLorentzVector.h:25,
                 from include/AnalyzerCore.h:4,
                 from include/JHAnalyzerBase.h:4,
                 from src/JHAnalyzerBase.C:1:
/cvmfs/cms.cern.ch/slc7_amd64_gcc820/external/gcc/8.2.0-pafccj/include/c++/8.3.1/bits/shared_ptr_base.h:1442:5: note: candidate: 'template<class _Tp, class _Up, __gnu_cxx::_Lock_policy _Lp> bool std::operator<(const std::__shared_ptr<_Tp1, _Lp>&, const std::__shared_ptr<_Tp2, _Lp>&)'
     operator<(const __shared_ptr<_Tp, _Lp>& __a,
     ^~~~~~~~
/cvmfs/cms.cern.ch/slc7_amd64_gcc820/external/gcc/8.2.0-pafccj/include/c++/8.3.1/bits/shared_ptr_base.h:1442:5: note:   template argument deduction/substitution failed:
src/JHAnalyzerBase.C:1028:45: note:   'const value_type' {aka 'const Electron'} is not derived from 'const std::__shared_ptr<_Tp1, _Lp>'
   if(ElectronCollection[v_electronidx[0]] < ptmin1) return {};
                                             ^~~~~~
In file included from /cvmfs/cms.cern.ch/slc7_amd64_gcc820/external/gcc/8.2.0-pafccj/include/c++/8.3.1/bits/shared_ptr.h:52,
                 from /cvmfs/cms.cern.ch/slc7_amd64_gcc820/external/gcc/8.2.0-pafccj/include/c++/8.3.1/memory:81,
                 from /cvmfs/cms.cern.ch/slc7_amd64_gcc820/cms/cmssw/CMSSW_10_6_4/external/slc7_amd64_gcc820/bin/../../../../../../../slc7_amd64_gcc820/lcg/root/6.14.09/include/ROOT/TypeTraits.hxx:15,
                 from /cvmfs/cms.cern.ch/slc7_amd64_gcc820/cms/cmssw/CMSSW_10_6_4/external/slc7_amd64_gcc820/bin/../../../../../../../slc7_amd64_gcc820/lcg/root/6.14.09/include/TString.h:29,
                 from /cvmfs/cms.cern.ch/slc7_amd64_gcc820/cms/cmssw/CMSSW_10_6_4/external/slc7_amd64_gcc820/bin/../../../../../../../slc7_amd64_gcc820/lcg/root/6.14.09/include/TNamed.h:26,
                 from /cvmfs/cms.cern.ch/slc7_amd64_gcc820/cms/cmssw/CMSSW_10_6_4/external/slc7_amd64_gcc820/bin/../../../../../../../slc7_amd64_gcc820/lcg/root/6.14.09/include/TMatrixTBase.h:70,
                 from /cvmfs/cms.cern.ch/slc7_amd64_gcc820/cms/cmssw/CMSSW_10_6_4/external/slc7_amd64_gcc820/bin/../../../../../../../slc7_amd64_gcc820/lcg/root/6.14.09/include/TMatrixT.h:23,
                 from /cvmfs/cms.cern.ch/slc7_amd64_gcc820/cms/cmssw/CMSSW_10_6_4/external/slc7_amd64_gcc820/bin/../../../../../../../slc7_amd64_gcc820/lcg/root/6.14.09/include/TMatrixF.h:20,
                 from /cvmfs/cms.cern.ch/slc7_amd64_gcc820/cms/cmssw/CMSSW_10_6_4/external/slc7_amd64_gcc820/bin/../../../../../../../slc7_amd64_gcc820/lcg/root/6.14.09/include/TMatrix.h:23,
                 from /cvmfs/cms.cern.ch/slc7_amd64_gcc820/cms/cmssw/CMSSW_10_6_4/external/slc7_amd64_gcc820/bin/../../../../../../../slc7_amd64_gcc820/lcg/root/6.14.09/include/TVector3.h:16,
                 from /cvmfs/cms.cern.ch/slc7_amd64_gcc820/cms/cmssw/CMSSW_10_6_4/external/slc7_amd64_gcc820/bin/../../../../../../../slc7_amd64_gcc820/lcg/root/6.14.09/include/TLorentzVector.h:25,
                 from include/AnalyzerCore.h:4,
                 from include/JHAnalyzerBase.h:4,
                 from src/JHAnalyzerBase.C:1:
/cvmfs/cms.cern.ch/slc7_amd64_gcc820/external/gcc/8.2.0-pafccj/include/c++/8.3.1/bits/shared_ptr_base.h:1453:5: note: candidate: 'template<class _Tp, __gnu_cxx::_Lock_policy _Lp> bool std::operator<(const std::__shared_ptr<_Tp, _Lp>&, std::nullptr_t)'
     operator<(const __shared_ptr<_Tp, _Lp>& __a, nullptr_t) noexcept
     ^~~~~~~~
/cvmfs/cms.cern.ch/slc7_amd64_gcc820/external/gcc/8.2.0-pafccj/include/c++/8.3.1/bits/shared_ptr_base.h:1453:5: note:   template argument deduction/substitution failed:
src/JHAnalyzerBase.C:1028:45: note:   'const value_type' {aka 'const Electron'} is not derived from 'const std::__shared_ptr<_Tp, _Lp>'
   if(ElectronCollection[v_electronidx[0]] < ptmin1) return {};
                                             ^~~~~~
In file included from /cvmfs/cms.cern.ch/slc7_amd64_gcc820/external/gcc/8.2.0-pafccj/include/c++/8.3.1/bits/shared_ptr.h:52,
                 from /cvmfs/cms.cern.ch/slc7_amd64_gcc820/external/gcc/8.2.0-pafccj/include/c++/8.3.1/memory:81,
                 from /cvmfs/cms.cern.ch/slc7_amd64_gcc820/cms/cmssw/CMSSW_10_6_4/external/slc7_amd64_gcc820/bin/../../../../../../../slc7_amd64_gcc820/lcg/root/6.14.09/include/ROOT/TypeTraits.hxx:15,
                 from /cvmfs/cms.cern.ch/slc7_amd64_gcc820/cms/cmssw/CMSSW_10_6_4/external/slc7_amd64_gcc820/bin/../../../../../../../slc7_amd64_gcc820/lcg/root/6.14.09/include/TString.h:29,
                 from /cvmfs/cms.cern.ch/slc7_amd64_gcc820/cms/cmssw/CMSSW_10_6_4/external/slc7_amd64_gcc820/bin/../../../../../../../slc7_amd64_gcc820/lcg/root/6.14.09/include/TNamed.h:26,
                 from /cvmfs/cms.cern.ch/slc7_amd64_gcc820/cms/cmssw/CMSSW_10_6_4/external/slc7_amd64_gcc820/bin/../../../../../../../slc7_amd64_gcc820/lcg/root/6.14.09/include/TMatrixTBase.h:70,
                 from /cvmfs/cms.cern.ch/slc7_amd64_gcc820/cms/cmssw/CMSSW_10_6_4/external/slc7_amd64_gcc820/bin/../../../../../../../slc7_amd64_gcc820/lcg/root/6.14.09/include/TMatrixT.h:23,
                 from /cvmfs/cms.cern.ch/slc7_amd64_gcc820/cms/cmssw/CMSSW_10_6_4/external/slc7_amd64_gcc820/bin/../../../../../../../slc7_amd64_gcc820/lcg/root/6.14.09/include/TMatrixF.h:20,
                 from /cvmfs/cms.cern.ch/slc7_amd64_gcc820/cms/cmssw/CMSSW_10_6_4/external/slc7_amd64_gcc820/bin/../../../../../../../slc7_amd64_gcc820/lcg/root/6.14.09/include/TMatrix.h:23,
                 from /cvmfs/cms.cern.ch/slc7_amd64_gcc820/cms/cmssw/CMSSW_10_6_4/external/slc7_amd64_gcc820/bin/../../../../../../../slc7_amd64_gcc820/lcg/root/6.14.09/include/TVector3.h:16,
                 from /cvmfs/cms.cern.ch/slc7_amd64_gcc820/cms/cmssw/CMSSW_10_6_4/external/slc7_amd64_gcc820/bin/../../../../../../../slc7_amd64_gcc820/lcg/root/6.14.09/include/TLorentzVector.h:25,
                 from include/AnalyzerCore.h:4,
                 from include/JHAnalyzerBase.h:4,
                 from src/JHAnalyzerBase.C:1:
/cvmfs/cms.cern.ch/slc7_amd64_gcc820/external/gcc/8.2.0-pafccj/include/c++/8.3.1/bits/shared_ptr_base.h:1461:5: note: candidate: 'template<class _Tp, __gnu_cxx::_Lock_policy _Lp> bool std::operator<(std::nullptr_t, const std::__shared_ptr<_Tp, _Lp>&)'
     operator<(nullptr_t, const __shared_ptr<_Tp, _Lp>& __a) noexcept
     ^~~~~~~~
/cvmfs/cms.cern.ch/slc7_amd64_gcc820/external/gcc/8.2.0-pafccj/include/c++/8.3.1/bits/shared_ptr_base.h:1461:5: note:   template argument deduction/substitution failed:
src/JHAnalyzerBase.C:1028:45: note:   mismatched types 'const std::__shared_ptr<_Tp, _Lp>' and 'double'
   if(ElectronCollection[v_electronidx[0]] < ptmin1) return {};
                                             ^~~~~~
In file included from /cvmfs/cms.cern.ch/slc7_amd64_gcc820/external/gcc/8.2.0-pafccj/include/c++/8.3.1/memory:81,
                 from /cvmfs/cms.cern.ch/slc7_amd64_gcc820/cms/cmssw/CMSSW_10_6_4/external/slc7_amd64_gcc820/bin/../../../../../../../slc7_amd64_gcc820/lcg/root/6.14.09/include/ROOT/TypeTraits.hxx:15,
                 from /cvmfs/cms.cern.ch/slc7_amd64_gcc820/cms/cmssw/CMSSW_10_6_4/external/slc7_amd64_gcc820/bin/../../../../../../../slc7_amd64_gcc820/lcg/root/6.14.09/include/TString.h:29,
                 from /cvmfs/cms.cern.ch/slc7_amd64_gcc820/cms/cmssw/CMSSW_10_6_4/external/slc7_amd64_gcc820/bin/../../../../../../../slc7_amd64_gcc820/lcg/root/6.14.09/include/TNamed.h:26,
                 from /cvmfs/cms.cern.ch/slc7_amd64_gcc820/cms/cmssw/CMSSW_10_6_4/external/slc7_amd64_gcc820/bin/../../../../../../../slc7_amd64_gcc820/lcg/root/6.14.09/include/TMatrixTBase.h:70,
                 from /cvmfs/cms.cern.ch/slc7_amd64_gcc820/cms/cmssw/CMSSW_10_6_4/external/slc7_amd64_gcc820/bin/../../../../../../../slc7_amd64_gcc820/lcg/root/6.14.09/include/TMatrixT.h:23,
                 from /cvmfs/cms.cern.ch/slc7_amd64_gcc820/cms/cmssw/CMSSW_10_6_4/external/slc7_amd64_gcc820/bin/../../../../../../../slc7_amd64_gcc820/lcg/root/6.14.09/include/TMatrixF.h:20,
                 from /cvmfs/cms.cern.ch/slc7_amd64_gcc820/cms/cmssw/CMSSW_10_6_4/external/slc7_amd64_gcc820/bin/../../../../../../../slc7_amd64_gcc820/lcg/root/6.14.09/include/TMatrix.h:23,
                 from /cvmfs/cms.cern.ch/slc7_amd64_gcc820/cms/cmssw/CMSSW_10_6_4/external/slc7_amd64_gcc820/bin/../../../../../../../slc7_amd64_gcc820/lcg/root/6.14.09/include/TVector3.h:16,
                 from /cvmfs/cms.cern.ch/slc7_amd64_gcc820/cms/cmssw/CMSSW_10_6_4/external/slc7_amd64_gcc820/bin/../../../../../../../slc7_amd64_gcc820/lcg/root/6.14.09/include/TLorentzVector.h:25,
                 from include/AnalyzerCore.h:4,
                 from include/JHAnalyzerBase.h:4,
                 from src/JHAnalyzerBase.C:1:
/cvmfs/cms.cern.ch/slc7_amd64_gcc820/external/gcc/8.2.0-pafccj/include/c++/8.3.1/bits/shared_ptr.h:413:5: note: candidate: 'template<class _Tp, class _Up> bool std::operator<(const std::shared_ptr<_Tp>&, const std::shared_ptr<_Tp>&)'
     operator<(const shared_ptr<_Tp>& __a, const shared_ptr<_Up>& __b) noexcept
     ^~~~~~~~
/cvmfs/cms.cern.ch/slc7_amd64_gcc820/external/gcc/8.2.0-pafccj/include/c++/8.3.1/bits/shared_ptr.h:413:5: note:   template argument deduction/substitution failed:
src/JHAnalyzerBase.C:1028:45: note:   'const value_type' {aka 'const Electron'} is not derived from 'const std::shared_ptr<_Tp>'
   if(ElectronCollection[v_electronidx[0]] < ptmin1) return {};
                                             ^~~~~~
In file included from /cvmfs/cms.cern.ch/slc7_amd64_gcc820/external/gcc/8.2.0-pafccj/include/c++/8.3.1/memory:81,
                 from /cvmfs/cms.cern.ch/slc7_amd64_gcc820/cms/cmssw/CMSSW_10_6_4/external/slc7_amd64_gcc820/bin/../../../../../../../slc7_amd64_gcc820/lcg/root/6.14.09/include/ROOT/TypeTraits.hxx:15,
                 from /cvmfs/cms.cern.ch/slc7_amd64_gcc820/cms/cmssw/CMSSW_10_6_4/external/slc7_amd64_gcc820/bin/../../../../../../../slc7_amd64_gcc820/lcg/root/6.14.09/include/TString.h:29,
                 from /cvmfs/cms.cern.ch/slc7_amd64_gcc820/cms/cmssw/CMSSW_10_6_4/external/slc7_amd64_gcc820/bin/../../../../../../../slc7_amd64_gcc820/lcg/root/6.14.09/include/TNamed.h:26,
                 from /cvmfs/cms.cern.ch/slc7_amd64_gcc820/cms/cmssw/CMSSW_10_6_4/external/slc7_amd64_gcc820/bin/../../../../../../../slc7_amd64_gcc820/lcg/root/6.14.09/include/TMatrixTBase.h:70,
                 from /cvmfs/cms.cern.ch/slc7_amd64_gcc820/cms/cmssw/CMSSW_10_6_4/external/slc7_amd64_gcc820/bin/../../../../../../../slc7_amd64_gcc820/lcg/root/6.14.09/include/TMatrixT.h:23,
                 from /cvmfs/cms.cern.ch/slc7_amd64_gcc820/cms/cmssw/CMSSW_10_6_4/external/slc7_amd64_gcc820/bin/../../../../../../../slc7_amd64_gcc820/lcg/root/6.14.09/include/TMatrixF.h:20,
                 from /cvmfs/cms.cern.ch/slc7_amd64_gcc820/cms/cmssw/CMSSW_10_6_4/external/slc7_amd64_gcc820/bin/../../../../../../../slc7_amd64_gcc820/lcg/root/6.14.09/include/TMatrix.h:23,
                 from /cvmfs/cms.cern.ch/slc7_amd64_gcc820/cms/cmssw/CMSSW_10_6_4/external/slc7_amd64_gcc820/bin/../../../../../../../slc7_amd64_gcc820/lcg/root/6.14.09/include/TVector3.h:16,
                 from /cvmfs/cms.cern.ch/slc7_amd64_gcc820/cms/cmssw/CMSSW_10_6_4/external/slc7_amd64_gcc820/bin/../../../../../../../slc7_amd64_gcc820/lcg/root/6.14.09/include/TLorentzVector.h:25,
                 from include/AnalyzerCore.h:4,
                 from include/JHAnalyzerBase.h:4,
                 from src/JHAnalyzerBase.C:1:
/cvmfs/cms.cern.ch/slc7_amd64_gcc820/external/gcc/8.2.0-pafccj/include/c++/8.3.1/bits/shared_ptr.h:423:5: note: candidate: 'template<class _Tp> bool std::operator<(const std::shared_ptr<_Tp>&, std::nullptr_t)'
     operator<(const shared_ptr<_Tp>& __a, nullptr_t) noexcept
     ^~~~~~~~
/cvmfs/cms.cern.ch/slc7_amd64_gcc820/external/gcc/8.2.0-pafccj/include/c++/8.3.1/bits/shared_ptr.h:423:5: note:   template argument deduction/substitution failed:
src/JHAnalyzerBase.C:1028:45: note:   'const value_type' {aka 'const Electron'} is not derived from 'const std::shared_ptr<_Tp>'
   if(ElectronCollection[v_electronidx[0]] < ptmin1) return {};
                                             ^~~~~~
In file included from /cvmfs/cms.cern.ch/slc7_amd64_gcc820/external/gcc/8.2.0-pafccj/include/c++/8.3.1/memory:81,
                 from /cvmfs/cms.cern.ch/slc7_amd64_gcc820/cms/cmssw/CMSSW_10_6_4/external/slc7_amd64_gcc820/bin/../../../../../../../slc7_amd64_gcc820/lcg/root/6.14.09/include/ROOT/TypeTraits.hxx:15,
                 from /cvmfs/cms.cern.ch/slc7_amd64_gcc820/cms/cmssw/CMSSW_10_6_4/external/slc7_amd64_gcc820/bin/../../../../../../../slc7_amd64_gcc820/lcg/root/6.14.09/include/TString.h:29,
                 from /cvmfs/cms.cern.ch/slc7_amd64_gcc820/cms/cmssw/CMSSW_10_6_4/external/slc7_amd64_gcc820/bin/../../../../../../../slc7_amd64_gcc820/lcg/root/6.14.09/include/TNamed.h:26,
                 from /cvmfs/cms.cern.ch/slc7_amd64_gcc820/cms/cmssw/CMSSW_10_6_4/external/slc7_amd64_gcc820/bin/../../../../../../../slc7_amd64_gcc820/lcg/root/6.14.09/include/TMatrixTBase.h:70,
                 from /cvmfs/cms.cern.ch/slc7_amd64_gcc820/cms/cmssw/CMSSW_10_6_4/external/slc7_amd64_gcc820/bin/../../../../../../../slc7_amd64_gcc820/lcg/root/6.14.09/include/TMatrixT.h:23,
                 from /cvmfs/cms.cern.ch/slc7_amd64_gcc820/cms/cmssw/CMSSW_10_6_4/external/slc7_amd64_gcc820/bin/../../../../../../../slc7_amd64_gcc820/lcg/root/6.14.09/include/TMatrixF.h:20,
                 from /cvmfs/cms.cern.ch/slc7_amd64_gcc820/cms/cmssw/CMSSW_10_6_4/external/slc7_amd64_gcc820/bin/../../../../../../../slc7_amd64_gcc820/lcg/root/6.14.09/include/TMatrix.h:23,
                 from /cvmfs/cms.cern.ch/slc7_amd64_gcc820/cms/cmssw/CMSSW_10_6_4/external/slc7_amd64_gcc820/bin/../../../../../../../slc7_amd64_gcc820/lcg/root/6.14.09/include/TVector3.h:16,
                 from /cvmfs/cms.cern.ch/slc7_amd64_gcc820/cms/cmssw/CMSSW_10_6_4/external/slc7_amd64_gcc820/bin/../../../../../../../slc7_amd64_gcc820/lcg/root/6.14.09/include/TLorentzVector.h:25,
                 from include/AnalyzerCore.h:4,
                 from include/JHAnalyzerBase.h:4,
                 from src/JHAnalyzerBase.C:1:
/cvmfs/cms.cern.ch/slc7_amd64_gcc820/external/gcc/8.2.0-pafccj/include/c++/8.3.1/bits/shared_ptr.h:431:5: note: candidate: 'template<class _Tp> bool std::operator<(std::nullptr_t, const std::shared_ptr<_Tp>&)'
     operator<(nullptr_t, const shared_ptr<_Tp>& __a) noexcept
     ^~~~~~~~
/cvmfs/cms.cern.ch/slc7_amd64_gcc820/external/gcc/8.2.0-pafccj/include/c++/8.3.1/bits/shared_ptr.h:431:5: note:   template argument deduction/substitution failed:
src/JHAnalyzerBase.C:1028:45: note:   mismatched types 'const std::shared_ptr<_Tp>' and 'double'
   if(ElectronCollection[v_electronidx[0]] < ptmin1) return {};
                                             ^~~~~~
In file included from /cvmfs/cms.cern.ch/slc7_amd64_gcc820/external/gcc/8.2.0-pafccj/include/c++/8.3.1/bits/ios_base.h:46,
                 from /cvmfs/cms.cern.ch/slc7_amd64_gcc820/external/gcc/8.2.0-pafccj/include/c++/8.3.1/ios:42,
                 from /cvmfs/cms.cern.ch/slc7_amd64_gcc820/external/gcc/8.2.0-pafccj/include/c++/8.3.1/ostream:38,
                 from /cvmfs/cms.cern.ch/slc7_amd64_gcc820/external/gcc/8.2.0-pafccj/include/c++/8.3.1/iterator:64,
                 from /cvmfs/cms.cern.ch/slc7_amd64_gcc820/cms/cmssw/CMSSW_10_6_4/external/slc7_amd64_gcc820/bin/../../../../../../../slc7_amd64_gcc820/lcg/root/6.14.09/include/ROOT/span.hxx:27,
                 from /cvmfs/cms.cern.ch/slc7_amd64_gcc820/cms/cmssw/CMSSW_10_6_4/external/slc7_amd64_gcc820/bin/../../../../../../../slc7_amd64_gcc820/lcg/root/6.14.09/include/ROOT/RSpan.hxx:33,
                 from /cvmfs/cms.cern.ch/slc7_amd64_gcc820/cms/cmssw/CMSSW_10_6_4/external/slc7_amd64_gcc820/bin/../../../../../../../slc7_amd64_gcc820/lcg/root/6.14.09/include/ROOT/TypeTraits.hxx:18,
                 from /cvmfs/cms.cern.ch/slc7_amd64_gcc820/cms/cmssw/CMSSW_10_6_4/external/slc7_amd64_gcc820/bin/../../../../../../../slc7_amd64_gcc820/lcg/root/6.14.09/include/TString.h:29,
                 from /cvmfs/cms.cern.ch/slc7_amd64_gcc820/cms/cmssw/CMSSW_10_6_4/external/slc7_amd64_gcc820/bin/../../../../../../../slc7_amd64_gcc820/lcg/root/6.14.09/include/TNamed.h:26,
                 from /cvmfs/cms.cern.ch/slc7_amd64_gcc820/cms/cmssw/CMSSW_10_6_4/external/slc7_amd64_gcc820/bin/../../../../../../../slc7_amd64_gcc820/lcg/root/6.14.09/include/TMatrixTBase.h:70,
                 from /cvmfs/cms.cern.ch/slc7_amd64_gcc820/cms/cmssw/CMSSW_10_6_4/external/slc7_amd64_gcc820/bin/../../../../../../../slc7_amd64_gcc820/lcg/root/6.14.09/include/TMatrixT.h:23,
                 from /cvmfs/cms.cern.ch/slc7_amd64_gcc820/cms/cmssw/CMSSW_10_6_4/external/slc7_amd64_gcc820/bin/../../../../../../../slc7_amd64_gcc820/lcg/root/6.14.09/include/TMatrixF.h:20,
                 from /cvmfs/cms.cern.ch/slc7_amd64_gcc820/cms/cmssw/CMSSW_10_6_4/external/slc7_amd64_gcc820/bin/../../../../../../../slc7_amd64_gcc820/lcg/root/6.14.09/include/TMatrix.h:23,
                 from /cvmfs/cms.cern.ch/slc7_amd64_gcc820/cms/cmssw/CMSSW_10_6_4/external/slc7_amd64_gcc820/bin/../../../../../../../slc7_amd64_gcc820/lcg/root/6.14.09/include/TVector3.h:16,
                 from /cvmfs/cms.cern.ch/slc7_amd64_gcc820/cms/cmssw/CMSSW_10_6_4/external/slc7_amd64_gcc820/bin/../../../../../../../slc7_amd64_gcc820/lcg/root/6.14.09/include/TLorentzVector.h:25,
                 from include/AnalyzerCore.h:4,
                 from include/JHAnalyzerBase.h:4,
                 from src/JHAnalyzerBase.C:1:
/cvmfs/cms.cern.ch/slc7_amd64_gcc820/external/gcc/8.2.0-pafccj/include/c++/8.3.1/system_error:208:3: note: candidate: 'bool std::operator<(const std::error_code&, const std::error_code&)'
   operator<(const error_code& __lhs, const error_code& __rhs) noexcept
   ^~~~~~~~
/cvmfs/cms.cern.ch/slc7_amd64_gcc820/external/gcc/8.2.0-pafccj/include/c++/8.3.1/system_error:208:3: note:   no known conversion for argument 1 from 'const value_type' {aka 'const Electron'} to 'const std::error_code&'
/cvmfs/cms.cern.ch/slc7_amd64_gcc820/external/gcc/8.2.0-pafccj/include/c++/8.3.1/system_error:282:3: note: candidate: 'bool std::operator<(const std::error_condition&, const std::error_condition&)'
   operator<(const error_condition& __lhs,
   ^~~~~~~~
/cvmfs/cms.cern.ch/slc7_amd64_gcc820/external/gcc/8.2.0-pafccj/include/c++/8.3.1/system_error:282:3: note:   no known conversion for argument 1 from 'const value_type' {aka 'const Electron'} to 'const std::error_condition&'
In file included from /cvmfs/cms.cern.ch/slc7_amd64_gcc820/external/gcc/8.2.0-pafccj/include/c++/8.3.1/bits/node_handle.h:39,
                 from /cvmfs/cms.cern.ch/slc7_amd64_gcc820/external/gcc/8.2.0-pafccj/include/c++/8.3.1/bits/stl_tree.h:72,
                 from /cvmfs/cms.cern.ch/slc7_amd64_gcc820/external/gcc/8.2.0-pafccj/include/c++/8.3.1/map:60,
                 from /cvmfs/cms.cern.ch/slc7_amd64_gcc820/cms/cmssw/CMSSW_10_6_4/external/slc7_amd64_gcc820/bin/../../../../../../../slc7_amd64_gcc820/lcg/root/6.14.09/include/TClass.h:28,
                 from /cvmfs/cms.cern.ch/slc7_amd64_gcc820/cms/cmssw/CMSSW_10_6_4/external/slc7_amd64_gcc820/bin/../../../../../../../slc7_amd64_gcc820/lcg/root/6.14.09/include/TKey.h:18,
                 from /cvmfs/cms.cern.ch/slc7_amd64_gcc820/cms/cmssw/CMSSW_10_6_4/external/slc7_amd64_gcc820/bin/../../../../../../../slc7_amd64_gcc820/lcg/root/6.14.09/include/TBasket.h:28,
                 from /cvmfs/cms.cern.ch/slc7_amd64_gcc820/cms/cmssw/CMSSW_10_6_4/external/slc7_amd64_gcc820/bin/../../../../../../../slc7_amd64_gcc820/lcg/root/6.14.09/include/ROOT/TIOFeatures.hxx:14,
                 from /cvmfs/cms.cern.ch/slc7_amd64_gcc820/cms/cmssw/CMSSW_10_6_4/external/slc7_amd64_gcc820/bin/../../../../../../../slc7_amd64_gcc820/lcg/root/6.14.09/include/TTree.h:29,
                 from /cvmfs/cms.cern.ch/slc7_amd64_gcc820/cms/cmssw/CMSSW_10_6_4/external/slc7_amd64_gcc820/bin/../../../../../../../slc7_amd64_gcc820/lcg/root/6.14.09/include/TChain.h:24,
                 from include/SKFlatNtuple.h:5,
                 from include/AnalyzerCore.h:10,
                 from include/JHAnalyzerBase.h:4,
                 from src/JHAnalyzerBase.C:1:
/cvmfs/cms.cern.ch/slc7_amd64_gcc820/external/gcc/8.2.0-pafccj/include/c++/8.3.1/optional:1297:5: note: candidate: 'template<class _Tp, class _Up> constexpr std::__optional_relop_t<decltype ((declval<_Tp>() < declval<_Up>()))> std::operator<(const std::optional<_Tp>&, const std::optional<_Up>&)'
     operator<(const optional<_Tp>& __lhs, const optional<_Up>& __rhs)
     ^~~~~~~~
/cvmfs/cms.cern.ch/slc7_amd64_gcc820/external/gcc/8.2.0-pafccj/include/c++/8.3.1/optional:1297:5: note:   template argument deduction/substitution failed:
src/JHAnalyzerBase.C:1028:45: note:   'const value_type' {aka 'const Electron'} is not derived from 'const std::optional<_Tp>'
   if(ElectronCollection[v_electronidx[0]] < ptmin1) return {};
                                             ^~~~~~
In file included from /cvmfs/cms.cern.ch/slc7_amd64_gcc820/external/gcc/8.2.0-pafccj/include/c++/8.3.1/bits/node_handle.h:39,
                 from /cvmfs/cms.cern.ch/slc7_amd64_gcc820/external/gcc/8.2.0-pafccj/include/c++/8.3.1/bits/stl_tree.h:72,
                 from /cvmfs/cms.cern.ch/slc7_amd64_gcc820/external/gcc/8.2.0-pafccj/include/c++/8.3.1/map:60,
                 from /cvmfs/cms.cern.ch/slc7_amd64_gcc820/cms/cmssw/CMSSW_10_6_4/external/slc7_amd64_gcc820/bin/../../../../../../../slc7_amd64_gcc820/lcg/root/6.14.09/include/TClass.h:28,
                 from /cvmfs/cms.cern.ch/slc7_amd64_gcc820/cms/cmssw/CMSSW_10_6_4/external/slc7_amd64_gcc820/bin/../../../../../../../slc7_amd64_gcc820/lcg/root/6.14.09/include/TKey.h:18,
                 from /cvmfs/cms.cern.ch/slc7_amd64_gcc820/cms/cmssw/CMSSW_10_6_4/external/slc7_amd64_gcc820/bin/../../../../../../../slc7_amd64_gcc820/lcg/root/6.14.09/include/TBasket.h:28,
                 from /cvmfs/cms.cern.ch/slc7_amd64_gcc820/cms/cmssw/CMSSW_10_6_4/external/slc7_amd64_gcc820/bin/../../../../../../../slc7_amd64_gcc820/lcg/root/6.14.09/include/ROOT/TIOFeatures.hxx:14,
                 from /cvmfs/cms.cern.ch/slc7_amd64_gcc820/cms/cmssw/CMSSW_10_6_4/external/slc7_amd64_gcc820/bin/../../../../../../../slc7_amd64_gcc820/lcg/root/6.14.09/include/TTree.h:29,
                 from /cvmfs/cms.cern.ch/slc7_amd64_gcc820/cms/cmssw/CMSSW_10_6_4/external/slc7_amd64_gcc820/bin/../../../../../../../slc7_amd64_gcc820/lcg/root/6.14.09/include/TChain.h:24,
                 from include/SKFlatNtuple.h:5,
                 from include/AnalyzerCore.h:10,
                 from include/JHAnalyzerBase.h:4,
                 from src/JHAnalyzerBase.C:1:
/cvmfs/cms.cern.ch/slc7_amd64_gcc820/external/gcc/8.2.0-pafccj/include/c++/8.3.1/optional:1350:5: note: candidate: 'template<class _Tp> constexpr bool std::operator<(const std::optional<_Tp>&, std::nullopt_t)'
     operator<(const optional<_Tp>& /* __lhs */, nullopt_t) noexcept
     ^~~~~~~~
/cvmfs/cms.cern.ch/slc7_amd64_gcc820/external/gcc/8.2.0-pafccj/include/c++/8.3.1/optional:1350:5: note:   template argument deduction/substitution failed:
src/JHAnalyzerBase.C:1028:45: note:   'const value_type' {aka 'const Electron'} is not derived from 'const std::optional<_Tp>'
   if(ElectronCollection[v_electronidx[0]] < ptmin1) return {};
                                             ^~~~~~
In file included from /cvmfs/cms.cern.ch/slc7_amd64_gcc820/external/gcc/8.2.0-pafccj/include/c++/8.3.1/bits/node_handle.h:39,
                 from /cvmfs/cms.cern.ch/slc7_amd64_gcc820/external/gcc/8.2.0-pafccj/include/c++/8.3.1/bits/stl_tree.h:72,
                 from /cvmfs/cms.cern.ch/slc7_amd64_gcc820/external/gcc/8.2.0-pafccj/include/c++/8.3.1/map:60,
                 from /cvmfs/cms.cern.ch/slc7_amd64_gcc820/cms/cmssw/CMSSW_10_6_4/external/slc7_amd64_gcc820/bin/../../../../../../../slc7_amd64_gcc820/lcg/root/6.14.09/include/TClass.h:28,
                 from /cvmfs/cms.cern.ch/slc7_amd64_gcc820/cms/cmssw/CMSSW_10_6_4/external/slc7_amd64_gcc820/bin/../../../../../../../slc7_amd64_gcc820/lcg/root/6.14.09/include/TKey.h:18,
                 from /cvmfs/cms.cern.ch/slc7_amd64_gcc820/cms/cmssw/CMSSW_10_6_4/external/slc7_amd64_gcc820/bin/../../../../../../../slc7_amd64_gcc820/lcg/root/6.14.09/include/TBasket.h:28,
                 from /cvmfs/cms.cern.ch/slc7_amd64_gcc820/cms/cmssw/CMSSW_10_6_4/external/slc7_amd64_gcc820/bin/../../../../../../../slc7_amd64_gcc820/lcg/root/6.14.09/include/ROOT/TIOFeatures.hxx:14,
                 from /cvmfs/cms.cern.ch/slc7_amd64_gcc820/cms/cmssw/CMSSW_10_6_4/external/slc7_amd64_gcc820/bin/../../../../../../../slc7_amd64_gcc820/lcg/root/6.14.09/include/TTree.h:29,
                 from /cvmfs/cms.cern.ch/slc7_amd64_gcc820/cms/cmssw/CMSSW_10_6_4/external/slc7_amd64_gcc820/bin/../../../../../../../slc7_amd64_gcc820/lcg/root/6.14.09/include/TChain.h:24,
                 from include/SKFlatNtuple.h:5,
                 from include/AnalyzerCore.h:10,
                 from include/JHAnalyzerBase.h:4,
                 from src/JHAnalyzerBase.C:1:
/cvmfs/cms.cern.ch/slc7_amd64_gcc820/external/gcc/8.2.0-pafccj/include/c++/8.3.1/optional:1355:5: note: candidate: 'template<class _Tp> constexpr bool std::operator<(std::nullopt_t, const std::optional<_Tp>&)'
     operator<(nullopt_t, const optional<_Tp>& __rhs) noexcept
     ^~~~~~~~
/cvmfs/cms.cern.ch/slc7_amd64_gcc820/external/gcc/8.2.0-pafccj/include/c++/8.3.1/optional:1355:5: note:   template argument deduction/substitution failed:
src/JHAnalyzerBase.C:1028:45: note:   mismatched types 'const std::optional<_Tp>' and 'double'
   if(ElectronCollection[v_electronidx[0]] < ptmin1) return {};
                                             ^~~~~~
In file included from /cvmfs/cms.cern.ch/slc7_amd64_gcc820/external/gcc/8.2.0-pafccj/include/c++/8.3.1/bits/node_handle.h:39,
                 from /cvmfs/cms.cern.ch/slc7_amd64_gcc820/external/gcc/8.2.0-pafccj/include/c++/8.3.1/bits/stl_tree.h:72,
                 from /cvmfs/cms.cern.ch/slc7_amd64_gcc820/external/gcc/8.2.0-pafccj/include/c++/8.3.1/map:60,
                 from /cvmfs/cms.cern.ch/slc7_amd64_gcc820/cms/cmssw/CMSSW_10_6_4/external/slc7_amd64_gcc820/bin/../../../../../../../slc7_amd64_gcc820/lcg/root/6.14.09/include/TClass.h:28,
                 from /cvmfs/cms.cern.ch/slc7_amd64_gcc820/cms/cmssw/CMSSW_10_6_4/external/slc7_amd64_gcc820/bin/../../../../../../../slc7_amd64_gcc820/lcg/root/6.14.09/include/TKey.h:18,
                 from /cvmfs/cms.cern.ch/slc7_amd64_gcc820/cms/cmssw/CMSSW_10_6_4/external/slc7_amd64_gcc820/bin/../../../../../../../slc7_amd64_gcc820/lcg/root/6.14.09/include/TBasket.h:28,
                 from /cvmfs/cms.cern.ch/slc7_amd64_gcc820/cms/cmssw/CMSSW_10_6_4/external/slc7_amd64_gcc820/bin/../../../../../../../slc7_amd64_gcc820/lcg/root/6.14.09/include/ROOT/TIOFeatures.hxx:14,
                 from /cvmfs/cms.cern.ch/slc7_amd64_gcc820/cms/cmssw/CMSSW_10_6_4/external/slc7_amd64_gcc820/bin/../../../../../../../slc7_amd64_gcc820/lcg/root/6.14.09/include/TTree.h:29,
                 from /cvmfs/cms.cern.ch/slc7_amd64_gcc820/cms/cmssw/CMSSW_10_6_4/external/slc7_amd64_gcc820/bin/../../../../../../../slc7_amd64_gcc820/lcg/root/6.14.09/include/TChain.h:24,
                 from include/SKFlatNtuple.h:5,
                 from include/AnalyzerCore.h:10,
                 from include/JHAnalyzerBase.h:4,
                 from src/JHAnalyzerBase.C:1:
/cvmfs/cms.cern.ch/slc7_amd64_gcc820/external/gcc/8.2.0-pafccj/include/c++/8.3.1/optional:1415:5: note: candidate: 'template<class _Tp, class _Up> constexpr std::__optional_relop_t<decltype ((declval<_Tp>() < declval<_Up>()))> std::operator<(const std::optional<_Tp>&, const _Up&)'
     operator<(const optional<_Tp>& __lhs, const _Up& __rhs)
     ^~~~~~~~
/cvmfs/cms.cern.ch/slc7_amd64_gcc820/external/gcc/8.2.0-pafccj/include/c++/8.3.1/optional:1415:5: note:   template argument deduction/substitution failed:
src/JHAnalyzerBase.C:1028:45: note:   'const value_type' {aka 'const Electron'} is not derived from 'const std::optional<_Tp>'
   if(ElectronCollection[v_electronidx[0]] < ptmin1) return {};
                                             ^~~~~~
In file included from /cvmfs/cms.cern.ch/slc7_amd64_gcc820/external/gcc/8.2.0-pafccj/include/c++/8.3.1/bits/node_handle.h:39,
                 from /cvmfs/cms.cern.ch/slc7_amd64_gcc820/external/gcc/8.2.0-pafccj/include/c++/8.3.1/bits/stl_tree.h:72,
                 from /cvmfs/cms.cern.ch/slc7_amd64_gcc820/external/gcc/8.2.0-pafccj/include/c++/8.3.1/map:60,
                 from /cvmfs/cms.cern.ch/slc7_amd64_gcc820/cms/cmssw/CMSSW_10_6_4/external/slc7_amd64_gcc820/bin/../../../../../../../slc7_amd64_gcc820/lcg/root/6.14.09/include/TClass.h:28,
                 from /cvmfs/cms.cern.ch/slc7_amd64_gcc820/cms/cmssw/CMSSW_10_6_4/external/slc7_amd64_gcc820/bin/../../../../../../../slc7_amd64_gcc820/lcg/root/6.14.09/include/TKey.h:18,
                 from /cvmfs/cms.cern.ch/slc7_amd64_gcc820/cms/cmssw/CMSSW_10_6_4/external/slc7_amd64_gcc820/bin/../../../../../../../slc7_amd64_gcc820/lcg/root/6.14.09/include/TBasket.h:28,
                 from /cvmfs/cms.cern.ch/slc7_amd64_gcc820/cms/cmssw/CMSSW_10_6_4/external/slc7_amd64_gcc820/bin/../../../../../../../slc7_amd64_gcc820/lcg/root/6.14.09/include/ROOT/TIOFeatures.hxx:14,
                 from /cvmfs/cms.cern.ch/slc7_amd64_gcc820/cms/cmssw/CMSSW_10_6_4/external/slc7_amd64_gcc820/bin/../../../../../../../slc7_amd64_gcc820/lcg/root/6.14.09/include/TTree.h:29,
                 from /cvmfs/cms.cern.ch/slc7_amd64_gcc820/cms/cmssw/CMSSW_10_6_4/external/slc7_amd64_gcc820/bin/../../../../../../../slc7_amd64_gcc820/lcg/root/6.14.09/include/TChain.h:24,
                 from include/SKFlatNtuple.h:5,
                 from include/AnalyzerCore.h:10,
                 from include/JHAnalyzerBase.h:4,
                 from src/JHAnalyzerBase.C:1:
/cvmfs/cms.cern.ch/slc7_amd64_gcc820/external/gcc/8.2.0-pafccj/include/c++/8.3.1/optional:1421:5: note: candidate: 'template<class _Tp, class _Up> constexpr std::__optional_relop_t<decltype ((declval<_Up>() < declval<_Tp>()))> std::operator<(const _Up&, const std::optional<_Tp>&)'
     operator<(const _Up& __lhs, const optional<_Tp>& __rhs)
     ^~~~~~~~
/cvmfs/cms.cern.ch/slc7_amd64_gcc820/external/gcc/8.2.0-pafccj/include/c++/8.3.1/optional:1421:5: note:   template argument deduction/substitution failed:
src/JHAnalyzerBase.C:1028:45: note:   mismatched types 'const std::optional<_Tp>' and 'double'
   if(ElectronCollection[v_electronidx[0]] < ptmin1) return {};
                                             ^~~~~~
In file included from /cvmfs/cms.cern.ch/slc7_amd64_gcc820/external/gcc/8.2.0-pafccj/include/c++/8.3.1/map:60,
                 from /cvmfs/cms.cern.ch/slc7_amd64_gcc820/cms/cmssw/CMSSW_10_6_4/external/slc7_amd64_gcc820/bin/../../../../../../../slc7_amd64_gcc820/lcg/root/6.14.09/include/TClass.h:28,
                 from /cvmfs/cms.cern.ch/slc7_amd64_gcc820/cms/cmssw/CMSSW_10_6_4/external/slc7_amd64_gcc820/bin/../../../../../../../slc7_amd64_gcc820/lcg/root/6.14.09/include/TKey.h:18,
                 from /cvmfs/cms.cern.ch/slc7_amd64_gcc820/cms/cmssw/CMSSW_10_6_4/external/slc7_amd64_gcc820/bin/../../../../../../../slc7_amd64_gcc820/lcg/root/6.14.09/include/TBasket.h:28,
                 from /cvmfs/cms.cern.ch/slc7_amd64_gcc820/cms/cmssw/CMSSW_10_6_4/external/slc7_amd64_gcc820/bin/../../../../../../../slc7_amd64_gcc820/lcg/root/6.14.09/include/ROOT/TIOFeatures.hxx:14,
                 from /cvmfs/cms.cern.ch/slc7_amd64_gcc820/cms/cmssw/CMSSW_10_6_4/external/slc7_amd64_gcc820/bin/../../../../../../../slc7_amd64_gcc820/lcg/root/6.14.09/include/TTree.h:29,
                 from /cvmfs/cms.cern.ch/slc7_amd64_gcc820/cms/cmssw/CMSSW_10_6_4/external/slc7_amd64_gcc820/bin/../../../../../../../slc7_amd64_gcc820/lcg/root/6.14.09/include/TChain.h:24,
                 from include/SKFlatNtuple.h:5,
                 from include/AnalyzerCore.h:10,
                 from include/JHAnalyzerBase.h:4,
                 from src/JHAnalyzerBase.C:1:
/cvmfs/cms.cern.ch/slc7_amd64_gcc820/external/gcc/8.2.0-pafccj/include/c++/8.3.1/bits/stl_tree.h:1559:5: note: candidate: 'template<class _Key, class _Val, class _KeyOfValue, class _Compare, class _Alloc> bool std::operator<(const std::_Rb_tree<_Key, _Val, _KeyOfValue, _Compare, _Alloc>&, const std::_Rb_tree<_Key, _Val, _KeyOfValue, _Compare, _Alloc>&)'
     operator<(const _Rb_tree<_Key, _Val, _KeyOfValue, _Compare, _Alloc>& __x,
     ^~~~~~~~
/cvmfs/cms.cern.ch/slc7_amd64_gcc820/external/gcc/8.2.0-pafccj/include/c++/8.3.1/bits/stl_tree.h:1559:5: note:   template argument deduction/substitution failed:
src/JHAnalyzerBase.C:1028:45: note:   'const value_type' {aka 'const Electron'} is not derived from 'const std::_Rb_tree<_Key, _Val, _KeyOfValue, _Compare, _Alloc>'
   if(ElectronCollection[v_electronidx[0]] < ptmin1) return {};
                                             ^~~~~~
In file included from /cvmfs/cms.cern.ch/slc7_amd64_gcc820/external/gcc/8.2.0-pafccj/include/c++/8.3.1/map:61,
                 from /cvmfs/cms.cern.ch/slc7_amd64_gcc820/cms/cmssw/CMSSW_10_6_4/external/slc7_amd64_gcc820/bin/../../../../../../../slc7_amd64_gcc820/lcg/root/6.14.09/include/TClass.h:28,
                 from /cvmfs/cms.cern.ch/slc7_amd64_gcc820/cms/cmssw/CMSSW_10_6_4/external/slc7_amd64_gcc820/bin/../../../../../../../slc7_amd64_gcc820/lcg/root/6.14.09/include/TKey.h:18,
                 from /cvmfs/cms.cern.ch/slc7_amd64_gcc820/cms/cmssw/CMSSW_10_6_4/external/slc7_amd64_gcc820/bin/../../../../../../../slc7_amd64_gcc820/lcg/root/6.14.09/include/TBasket.h:28,
                 from /cvmfs/cms.cern.ch/slc7_amd64_gcc820/cms/cmssw/CMSSW_10_6_4/external/slc7_amd64_gcc820/bin/../../../../../../../slc7_amd64_gcc820/lcg/root/6.14.09/include/ROOT/TIOFeatures.hxx:14,
                 from /cvmfs/cms.cern.ch/slc7_amd64_gcc820/cms/cmssw/CMSSW_10_6_4/external/slc7_amd64_gcc820/bin/../../../../../../../slc7_amd64_gcc820/lcg/root/6.14.09/include/TTree.h:29,
                 from /cvmfs/cms.cern.ch/slc7_amd64_gcc820/cms/cmssw/CMSSW_10_6_4/external/slc7_amd64_gcc820/bin/../../../../../../../slc7_amd64_gcc820/lcg/root/6.14.09/include/TChain.h:24,
                 from include/SKFlatNtuple.h:5,
                 from include/AnalyzerCore.h:10,
                 from include/JHAnalyzerBase.h:4,
                 from src/JHAnalyzerBase.C:1:
/cvmfs/cms.cern.ch/slc7_amd64_gcc820/external/gcc/8.2.0-pafccj/include/c++/8.3.1/bits/stl_map.h:1451:5: note: candidate: 'template<class _Key, class _Tp, class _Compare, class _Alloc> bool std::operator<(const std::map<_Key, _Tp, _Compare, _Allocator>&, const std::map<_Key, _Tp, _Compare, _Allocator>&)'
     operator<(const map<_Key, _Tp, _Compare, _Alloc>& __x,
     ^~~~~~~~
/cvmfs/cms.cern.ch/slc7_amd64_gcc820/external/gcc/8.2.0-pafccj/include/c++/8.3.1/bits/stl_map.h:1451:5: note:   template argument deduction/substitution failed:
src/JHAnalyzerBase.C:1028:45: note:   'const value_type' {aka 'const Electron'} is not derived from 'const std::map<_Key, _Tp, _Compare, _Allocator>'
   if(ElectronCollection[v_electronidx[0]] < ptmin1) return {};
                                             ^~~~~~
In file included from /cvmfs/cms.cern.ch/slc7_amd64_gcc820/external/gcc/8.2.0-pafccj/include/c++/8.3.1/map:62,
                 from /cvmfs/cms.cern.ch/slc7_amd64_gcc820/cms/cmssw/CMSSW_10_6_4/external/slc7_amd64_gcc820/bin/../../../../../../../slc7_amd64_gcc820/lcg/root/6.14.09/include/TClass.h:28,
                 from /cvmfs/cms.cern.ch/slc7_amd64_gcc820/cms/cmssw/CMSSW_10_6_4/external/slc7_amd64_gcc820/bin/../../../../../../../slc7_amd64_gcc820/lcg/root/6.14.09/include/TKey.h:18,
                 from /cvmfs/cms.cern.ch/slc7_amd64_gcc820/cms/cmssw/CMSSW_10_6_4/external/slc7_amd64_gcc820/bin/../../../../../../../slc7_amd64_gcc820/lcg/root/6.14.09/include/TBasket.h:28,
                 from /cvmfs/cms.cern.ch/slc7_amd64_gcc820/cms/cmssw/CMSSW_10_6_4/external/slc7_amd64_gcc820/bin/../../../../../../../slc7_amd64_gcc820/lcg/root/6.14.09/include/ROOT/TIOFeatures.hxx:14,
                 from /cvmfs/cms.cern.ch/slc7_amd64_gcc820/cms/cmssw/CMSSW_10_6_4/external/slc7_amd64_gcc820/bin/../../../../../../../slc7_amd64_gcc820/lcg/root/6.14.09/include/TTree.h:29,
                 from /cvmfs/cms.cern.ch/slc7_amd64_gcc820/cms/cmssw/CMSSW_10_6_4/external/slc7_amd64_gcc820/bin/../../../../../../../slc7_amd64_gcc820/lcg/root/6.14.09/include/TChain.h:24,
                 from include/SKFlatNtuple.h:5,
                 from include/AnalyzerCore.h:10,
                 from include/JHAnalyzerBase.h:4,
                 from src/JHAnalyzerBase.C:1:
/cvmfs/cms.cern.ch/slc7_amd64_gcc820/external/gcc/8.2.0-pafccj/include/c++/8.3.1/bits/stl_multimap.h:1115:5: note: candidate: 'template<class _Key, class _Tp, class _Compare, class _Alloc> bool std::operator<(const std::multimap<_Key, _Tp, _Compare, _Allocator>&, const std::multimap<_Key, _Tp, _Compare, _Allocator>&)'
     operator<(const multimap<_Key, _Tp, _Compare, _Alloc>& __x,
     ^~~~~~~~
/cvmfs/cms.cern.ch/slc7_amd64_gcc820/external/gcc/8.2.0-pafccj/include/c++/8.3.1/bits/stl_multimap.h:1115:5: note:   template argument deduction/substitution failed:
src/JHAnalyzerBase.C:1028:45: note:   'const value_type' {aka 'const Electron'} is not derived from 'const std::multimap<_Key, _Tp, _Compare, _Allocator>'
   if(ElectronCollection[v_electronidx[0]] < ptmin1) return {};
                                             ^~~~~~
In file included from /cvmfs/cms.cern.ch/slc7_amd64_gcc820/external/gcc/8.2.0-pafccj/include/c++/8.3.1/set:61,
                 from /cvmfs/cms.cern.ch/slc7_amd64_gcc820/cms/cmssw/CMSSW_10_6_4/external/slc7_amd64_gcc820/bin/../../../../../../../slc7_amd64_gcc820/lcg/root/6.14.09/include/TClass.h:30,
                 from /cvmfs/cms.cern.ch/slc7_amd64_gcc820/cms/cmssw/CMSSW_10_6_4/external/slc7_amd64_gcc820/bin/../../../../../../../slc7_amd64_gcc820/lcg/root/6.14.09/include/TKey.h:18,
                 from /cvmfs/cms.cern.ch/slc7_amd64_gcc820/cms/cmssw/CMSSW_10_6_4/external/slc7_amd64_gcc820/bin/../../../../../../../slc7_amd64_gcc820/lcg/root/6.14.09/include/TBasket.h:28,
                 from /cvmfs/cms.cern.ch/slc7_amd64_gcc820/cms/cmssw/CMSSW_10_6_4/external/slc7_amd64_gcc820/bin/../../../../../../../slc7_amd64_gcc820/lcg/root/6.14.09/include/ROOT/TIOFeatures.hxx:14,
                 from /cvmfs/cms.cern.ch/slc7_amd64_gcc820/cms/cmssw/CMSSW_10_6_4/external/slc7_amd64_gcc820/bin/../../../../../../../slc7_amd64_gcc820/lcg/root/6.14.09/include/TTree.h:29,
                 from /cvmfs/cms.cern.ch/slc7_amd64_gcc820/cms/cmssw/CMSSW_10_6_4/external/slc7_amd64_gcc820/bin/../../../../../../../slc7_amd64_gcc820/lcg/root/6.14.09/include/TChain.h:24,
                 from include/SKFlatNtuple.h:5,
                 from include/AnalyzerCore.h:10,
                 from include/JHAnalyzerBase.h:4,
                 from src/JHAnalyzerBase.C:1:
/cvmfs/cms.cern.ch/slc7_amd64_gcc820/external/gcc/8.2.0-pafccj/include/c++/8.3.1/bits/stl_set.h:975:5: note: candidate: 'template<class _Key, class _Compare, class _Alloc> bool std::operator<(const std::set<_Key, _Compare, _Allocator>&, const std::set<_Key, _Compare, _Allocator>&)'
     operator<(const set<_Key, _Compare, _Alloc>& __x,
     ^~~~~~~~
/cvmfs/cms.cern.ch/slc7_amd64_gcc820/external/gcc/8.2.0-pafccj/include/c++/8.3.1/bits/stl_set.h:975:5: note:   template argument deduction/substitution failed:
src/JHAnalyzerBase.C:1028:45: note:   'const value_type' {aka 'const Electron'} is not derived from 'const std::set<_Key, _Compare, _Allocator>'
   if(ElectronCollection[v_electronidx[0]] < ptmin1) return {};
                                             ^~~~~~
In file included from /cvmfs/cms.cern.ch/slc7_amd64_gcc820/external/gcc/8.2.0-pafccj/include/c++/8.3.1/set:62,
                 from /cvmfs/cms.cern.ch/slc7_amd64_gcc820/cms/cmssw/CMSSW_10_6_4/external/slc7_amd64_gcc820/bin/../../../../../../../slc7_amd64_gcc820/lcg/root/6.14.09/include/TClass.h:30,
                 from /cvmfs/cms.cern.ch/slc7_amd64_gcc820/cms/cmssw/CMSSW_10_6_4/external/slc7_amd64_gcc820/bin/../../../../../../../slc7_amd64_gcc820/lcg/root/6.14.09/include/TKey.h:18,
                 from /cvmfs/cms.cern.ch/slc7_amd64_gcc820/cms/cmssw/CMSSW_10_6_4/external/slc7_amd64_gcc820/bin/../../../../../../../slc7_amd64_gcc820/lcg/root/6.14.09/include/TBasket.h:28,
                 from /cvmfs/cms.cern.ch/slc7_amd64_gcc820/cms/cmssw/CMSSW_10_6_4/external/slc7_amd64_gcc820/bin/../../../../../../../slc7_amd64_gcc820/lcg/root/6.14.09/include/ROOT/TIOFeatures.hxx:14,
                 from /cvmfs/cms.cern.ch/slc7_amd64_gcc820/cms/cmssw/CMSSW_10_6_4/external/slc7_amd64_gcc820/bin/../../../../../../../slc7_amd64_gcc820/lcg/root/6.14.09/include/TTree.h:29,
                 from /cvmfs/cms.cern.ch/slc7_amd64_gcc820/cms/cmssw/CMSSW_10_6_4/external/slc7_amd64_gcc820/bin/../../../../../../../slc7_amd64_gcc820/lcg/root/6.14.09/include/TChain.h:24,
                 from include/SKFlatNtuple.h:5,
                 from include/AnalyzerCore.h:10,
                 from include/JHAnalyzerBase.h:4,
                 from src/JHAnalyzerBase.C:1:
/cvmfs/cms.cern.ch/slc7_amd64_gcc820/external/gcc/8.2.0-pafccj/include/c++/8.3.1/bits/stl_multiset.h:960:5: note: candidate: 'template<class _Key, class _Compare, class _Alloc> bool std::operator<(const std::multiset<_Key, _Compare, _Allocator>&, const std::multiset<_Key, _Compare, _Allocator>&)'
     operator<(const multiset<_Key, _Compare, _Alloc>& __x,
     ^~~~~~~~
/cvmfs/cms.cern.ch/slc7_amd64_gcc820/external/gcc/8.2.0-pafccj/include/c++/8.3.1/bits/stl_multiset.h:960:5: note:   template argument deduction/substitution failed:
src/JHAnalyzerBase.C:1028:45: note:   'const value_type' {aka 'const Electron'} is not derived from 'const std::multiset<_Key, _Compare, _Allocator>'
   if(ElectronCollection[v_electronidx[0]] < ptmin1) return {};
                                             ^~~~~~
In file included from /cvmfs/cms.cern.ch/slc7_amd64_gcc820/external/gcc/8.2.0-pafccj/include/c++/8.3.1/list:63,
                 from /cvmfs/cms.cern.ch/slc7_amd64_gcc820/cms/cmssw/CMSSW_10_6_4/external/slc7_amd64_gcc820/bin/../../../../../../../slc7_amd64_gcc820/lcg/root/6.14.09/include/TFormula.h:22,
                 from /cvmfs/cms.cern.ch/slc7_amd64_gcc820/cms/cmssw/CMSSW_10_6_4/external/slc7_amd64_gcc820/bin/../../../../../../../slc7_amd64_gcc820/lcg/root/6.14.09/include/TF1.h:27,
                 from /data6/Users/jhchoi/SKFlatAnalyzers/test/ForTMVA/SKFlatAnalyzer/AnalyzerTools/include/BTagCalibrationStandalone.h:19,
                 from /data6/Users/jhchoi/SKFlatAnalyzers/test/ForTMVA/SKFlatAnalyzer/AnalyzerTools/include/MCCorrection.h:29,
                 from include/AnalyzerCore.h:25,
                 from include/JHAnalyzerBase.h:4,
                 from src/JHAnalyzerBase.C:1:
/cvmfs/cms.cern.ch/slc7_amd64_gcc820/external/gcc/8.2.0-pafccj/include/c++/8.3.1/bits/stl_list.h:2021:5: note: candidate: 'template<class _Tp, class _Alloc> bool std::operator<(const std::__cxx11::list<_Tp, _Alloc>&, const std::__cxx11::list<_Tp, _Alloc>&)'
     operator<(const list<_Tp, _Alloc>& __x, const list<_Tp, _Alloc>& __y)
     ^~~~~~~~
/cvmfs/cms.cern.ch/slc7_amd64_gcc820/external/gcc/8.2.0-pafccj/include/c++/8.3.1/bits/stl_list.h:2021:5: note:   template argument deduction/substitution failed:
src/JHAnalyzerBase.C:1028:45: note:   'const value_type' {aka 'const Electron'} is not derived from 'const std::__cxx11::list<_Tp, _Alloc>'
   if(ElectronCollection[v_electronidx[0]] < ptmin1) return {};
                                             ^~~~~~
src/JHAnalyzerBase.C:1029:43: error: no match for 'operator<' (operand types are 'const value_type' {aka 'const Electron'} and 'double')
   if(ElectronCollection[v_electronidx[1]] < ptmin2) return {};
In file included from /cvmfs/cms.cern.ch/slc7_amd64_gcc820/cms/cmssw/CMSSW_10_6_4/external/slc7_amd64_gcc820/bin/../../../../../../../slc7_amd64_gcc820/lcg/root/6.14.09/include/TNamed.h:26,
                 from /cvmfs/cms.cern.ch/slc7_amd64_gcc820/cms/cmssw/CMSSW_10_6_4/external/slc7_amd64_gcc820/bin/../../../../../../../slc7_amd64_gcc820/lcg/root/6.14.09/include/TMatrixTBase.h:70,
                 from /cvmfs/cms.cern.ch/slc7_amd64_gcc820/cms/cmssw/CMSSW_10_6_4/external/slc7_amd64_gcc820/bin/../../../../../../../slc7_amd64_gcc820/lcg/root/6.14.09/include/TMatrixT.h:23,
                 from /cvmfs/cms.cern.ch/slc7_amd64_gcc820/cms/cmssw/CMSSW_10_6_4/external/slc7_amd64_gcc820/bin/../../../../../../../slc7_amd64_gcc820/lcg/root/6.14.09/include/TMatrixF.h:20,
                 from /cvmfs/cms.cern.ch/slc7_amd64_gcc820/cms/cmssw/CMSSW_10_6_4/external/slc7_amd64_gcc820/bin/../../../../../../../slc7_amd64_gcc820/lcg/root/6.14.09/include/TMatrix.h:23,
                 from /cvmfs/cms.cern.ch/slc7_amd64_gcc820/cms/cmssw/CMSSW_10_6_4/external/slc7_amd64_gcc820/bin/../../../../../../../slc7_amd64_gcc820/lcg/root/6.14.09/include/TVector3.h:16,
                 from /cvmfs/cms.cern.ch/slc7_amd64_gcc820/cms/cmssw/CMSSW_10_6_4/external/slc7_amd64_gcc820/bin/../../../../../../../slc7_amd64_gcc820/lcg/root/6.14.09/include/TLorentzVector.h:25,
                 from include/AnalyzerCore.h:4,
                 from include/JHAnalyzerBase.h:4,
                 from src/JHAnalyzerBase.C:1:
/cvmfs/cms.cern.ch/slc7_amd64_gcc820/cms/cmssw/CMSSW_10_6_4/external/slc7_amd64_gcc820/bin/../../../../../../../slc7_amd64_gcc820/lcg/root/6.14.09/include/TString.h:761:15: note: candidate: 'Bool_t operator<(const TString&, const TString&)'
 inline Bool_t operator<(const TString &s1, const TString &s2)
               ^~~~~~~~
/cvmfs/cms.cern.ch/slc7_amd64_gcc820/cms/cmssw/CMSSW_10_6_4/external/slc7_amd64_gcc820/bin/../../../../../../../slc7_amd64_gcc820/lcg/root/6.14.09/include/TString.h:761:15: note:   no known conversion for argument 1 from 'const value_type' {aka 'const Electron'} to 'const TString&'
/cvmfs/cms.cern.ch/slc7_amd64_gcc820/cms/cmssw/CMSSW_10_6_4/external/slc7_amd64_gcc820/bin/../../../../../../../slc7_amd64_gcc820/lcg/root/6.14.09/include/TString.h:777:15: note: candidate: 'Bool_t operator<(const TString&, const char*)'
 inline Bool_t operator<(const TString &s1, const char *s2)
               ^~~~~~~~
/cvmfs/cms.cern.ch/slc7_amd64_gcc820/cms/cmssw/CMSSW_10_6_4/external/slc7_amd64_gcc820/bin/../../../../../../../slc7_amd64_gcc820/lcg/root/6.14.09/include/TString.h:777:15: note:   no known conversion for argument 1 from 'const value_type' {aka 'const Electron'} to 'const TString&'
/cvmfs/cms.cern.ch/slc7_amd64_gcc820/cms/cmssw/CMSSW_10_6_4/external/slc7_amd64_gcc820/bin/../../../../../../../slc7_amd64_gcc820/lcg/root/6.14.09/include/TString.h:795:15: note: candidate: 'Bool_t operator<(const char*, const TString&)'
 inline Bool_t operator<(const char *s1, const TString &s2)
               ^~~~~~~~
/cvmfs/cms.cern.ch/slc7_amd64_gcc820/cms/cmssw/CMSSW_10_6_4/external/slc7_amd64_gcc820/bin/../../../../../../../slc7_amd64_gcc820/lcg/root/6.14.09/include/TString.h:795:15: note:   no known conversion for argument 1 from 'const value_type' {aka 'const Electron'} to 'const char*'
In file included from /cvmfs/cms.cern.ch/slc7_amd64_gcc820/cms/cmssw/CMSSW_10_6_4/external/slc7_amd64_gcc820/bin/../../../../../../../slc7_amd64_gcc820/lcg/root/6.14.09/include/TMatrixF.h:20,
                 from /cvmfs/cms.cern.ch/slc7_amd64_gcc820/cms/cmssw/CMSSW_10_6_4/external/slc7_amd64_gcc820/bin/../../../../../../../slc7_amd64_gcc820/lcg/root/6.14.09/include/TMatrix.h:23,
                 from /cvmfs/cms.cern.ch/slc7_amd64_gcc820/cms/cmssw/CMSSW_10_6_4/external/slc7_amd64_gcc820/bin/../../../../../../../slc7_amd64_gcc820/lcg/root/6.14.09/include/TVector3.h:16,
                 from /cvmfs/cms.cern.ch/slc7_amd64_gcc820/cms/cmssw/CMSSW_10_6_4/external/slc7_amd64_gcc820/bin/../../../../../../../slc7_amd64_gcc820/lcg/root/6.14.09/include/TLorentzVector.h:25,
                 from include/AnalyzerCore.h:4,
                 from include/JHAnalyzerBase.h:4,
                 from src/JHAnalyzerBase.C:1:
/cvmfs/cms.cern.ch/slc7_amd64_gcc820/cms/cmssw/CMSSW_10_6_4/external/slc7_amd64_gcc820/bin/../../../../../../../slc7_amd64_gcc820/lcg/root/6.14.09/include/TMatrixT.h:322:45: note: candidate: 'template<class Element> TMatrixT<Element> operator<(const TMatrixT<Element>&, const TMatrixT<Element>&)'
 template <class Element> TMatrixT<Element>  operator<  (const TMatrixT   <Element> &source1,const TMatrixT   <Element> &source2);
                                             ^~~~~~~~
/cvmfs/cms.cern.ch/slc7_amd64_gcc820/cms/cmssw/CMSSW_10_6_4/external/slc7_amd64_gcc820/bin/../../../../../../../slc7_amd64_gcc820/lcg/root/6.14.09/include/TMatrixT.h:322:45: note:   template argument deduction/substitution failed:
src/JHAnalyzerBase.C:1029:45: note:   'const value_type' {aka 'const Electron'} is not derived from 'const TMatrixT<Element>'
   if(ElectronCollection[v_electronidx[1]] < ptmin2) return {};
                                             ^~~~~~
In file included from /cvmfs/cms.cern.ch/slc7_amd64_gcc820/cms/cmssw/CMSSW_10_6_4/external/slc7_amd64_gcc820/bin/../../../../../../../slc7_amd64_gcc820/lcg/root/6.14.09/include/TMatrixF.h:20,
                 from /cvmfs/cms.cern.ch/slc7_amd64_gcc820/cms/cmssw/CMSSW_10_6_4/external/slc7_amd64_gcc820/bin/../../../../../../../slc7_amd64_gcc820/lcg/root/6.14.09/include/TMatrix.h:23,
                 from /cvmfs/cms.cern.ch/slc7_amd64_gcc820/cms/cmssw/CMSSW_10_6_4/external/slc7_amd64_gcc820/bin/../../../../../../../slc7_amd64_gcc820/lcg/root/6.14.09/include/TVector3.h:16,
                 from /cvmfs/cms.cern.ch/slc7_amd64_gcc820/cms/cmssw/CMSSW_10_6_4/external/slc7_amd64_gcc820/bin/../../../../../../../slc7_amd64_gcc820/lcg/root/6.14.09/include/TLorentzVector.h:25,
                 from include/AnalyzerCore.h:4,
                 from include/JHAnalyzerBase.h:4,
                 from src/JHAnalyzerBase.C:1:
/cvmfs/cms.cern.ch/slc7_amd64_gcc820/cms/cmssw/CMSSW_10_6_4/external/slc7_amd64_gcc820/bin/../../../../../../../slc7_amd64_gcc820/lcg/root/6.14.09/include/TMatrixT.h:323:45: note: candidate: 'template<class Element> TMatrixT<Element> operator<(const TMatrixT<Element>&, const TMatrixTSym<Element>&)'
 template <class Element> TMatrixT<Element>  operator<  (const TMatrixT   <Element> &source1,const TMatrixTSym<Element> &source2);
                                             ^~~~~~~~
/cvmfs/cms.cern.ch/slc7_amd64_gcc820/cms/cmssw/CMSSW_10_6_4/external/slc7_amd64_gcc820/bin/../../../../../../../slc7_amd64_gcc820/lcg/root/6.14.09/include/TMatrixT.h:323:45: note:   template argument deduction/substitution failed:
src/JHAnalyzerBase.C:1029:45: note:   'const value_type' {aka 'const Electron'} is not derived from 'const TMatrixT<Element>'
   if(ElectronCollection[v_electronidx[1]] < ptmin2) return {};
                                             ^~~~~~
In file included from /cvmfs/cms.cern.ch/slc7_amd64_gcc820/cms/cmssw/CMSSW_10_6_4/external/slc7_amd64_gcc820/bin/../../../../../../../slc7_amd64_gcc820/lcg/root/6.14.09/include/TMatrixF.h:20,
                 from /cvmfs/cms.cern.ch/slc7_amd64_gcc820/cms/cmssw/CMSSW_10_6_4/external/slc7_amd64_gcc820/bin/../../../../../../../slc7_amd64_gcc820/lcg/root/6.14.09/include/TMatrix.h:23,
                 from /cvmfs/cms.cern.ch/slc7_amd64_gcc820/cms/cmssw/CMSSW_10_6_4/external/slc7_amd64_gcc820/bin/../../../../../../../slc7_amd64_gcc820/lcg/root/6.14.09/include/TVector3.h:16,
                 from /cvmfs/cms.cern.ch/slc7_amd64_gcc820/cms/cmssw/CMSSW_10_6_4/external/slc7_amd64_gcc820/bin/../../../../../../../slc7_amd64_gcc820/lcg/root/6.14.09/include/TLorentzVector.h:25,
                 from include/AnalyzerCore.h:4,
                 from include/JHAnalyzerBase.h:4,
                 from src/JHAnalyzerBase.C:1:
/cvmfs/cms.cern.ch/slc7_amd64_gcc820/cms/cmssw/CMSSW_10_6_4/external/slc7_amd64_gcc820/bin/../../../../../../../slc7_amd64_gcc820/lcg/root/6.14.09/include/TMatrixT.h:324:45: note: candidate: 'template<class Element> TMatrixT<Element> operator<(const TMatrixTSym<Element>&, const TMatrixT<Element>&)'
 template <class Element> TMatrixT<Element>  operator<  (const TMatrixTSym<Element> &source1,const TMatrixT   <Element> &source2);
                                             ^~~~~~~~
/cvmfs/cms.cern.ch/slc7_amd64_gcc820/cms/cmssw/CMSSW_10_6_4/external/slc7_amd64_gcc820/bin/../../../../../../../slc7_amd64_gcc820/lcg/root/6.14.09/include/TMatrixT.h:324:45: note:   template argument deduction/substitution failed:
src/JHAnalyzerBase.C:1029:45: note:   'const value_type' {aka 'const Electron'} is not derived from 'const TMatrixTSym<Element>'
   if(ElectronCollection[v_electronidx[1]] < ptmin2) return {};
                                             ^~~~~~
In file included from /cvmfs/cms.cern.ch/slc7_amd64_gcc820/cms/cmssw/CMSSW_10_6_4/external/slc7_amd64_gcc820/bin/../../../../../../../slc7_amd64_gcc820/lcg/root/6.14.09/include/TDirectory.h:27,
                 from /cvmfs/cms.cern.ch/slc7_amd64_gcc820/cms/cmssw/CMSSW_10_6_4/external/slc7_amd64_gcc820/bin/../../../../../../../slc7_amd64_gcc820/lcg/root/6.14.09/include/TROOT.h:28,
                 from include/SKFlatNtuple.h:4,
                 from include/AnalyzerCore.h:10,
                 from include/JHAnalyzerBase.h:4,
                 from src/JHAnalyzerBase.C:1:
/cvmfs/cms.cern.ch/slc7_amd64_gcc820/cms/cmssw/CMSSW_10_6_4/external/slc7_amd64_gcc820/bin/../../../../../../../slc7_amd64_gcc820/lcg/root/6.14.09/include/TDatime.h:106:15: note: candidate: 'Bool_t operator<(const TDatime&, const TDatime&)'
 inline Bool_t operator< (const TDatime &d1, const TDatime &d2)
               ^~~~~~~~
/cvmfs/cms.cern.ch/slc7_amd64_gcc820/cms/cmssw/CMSSW_10_6_4/external/slc7_amd64_gcc820/bin/../../../../../../../slc7_amd64_gcc820/lcg/root/6.14.09/include/TDatime.h:106:15: note:   no known conversion for argument 1 from 'const value_type' {aka 'const Electron'} to 'const TDatime&'
In file included from /cvmfs/cms.cern.ch/slc7_amd64_gcc820/cms/cmssw/CMSSW_10_6_4/external/slc7_amd64_gcc820/bin/../../../../../../../slc7_amd64_gcc820/lcg/root/6.14.09/include/TTimer.h:46,
                 from /cvmfs/cms.cern.ch/slc7_amd64_gcc820/cms/cmssw/CMSSW_10_6_4/external/slc7_amd64_gcc820/bin/../../../../../../../slc7_amd64_gcc820/lcg/root/6.14.09/include/TSystem.h:37,
                 from /data6/Users/jhchoi/SKFlatAnalyzers/test/ForTMVA/SKFlatAnalyzer/AnalyzerTools/include/MCCorrection.h:18,
                 from include/AnalyzerCore.h:25,
                 from include/JHAnalyzerBase.h:4,
                 from src/JHAnalyzerBase.C:1:
/cvmfs/cms.cern.ch/slc7_amd64_gcc820/cms/cmssw/CMSSW_10_6_4/external/slc7_amd64_gcc820/bin/../../../../../../../slc7_amd64_gcc820/lcg/root/6.14.09/include/TTime.h:94:15: note: candidate: 'Bool_t operator<(const TTime&, const TTime&)'
 inline Bool_t operator< (const TTime &t1, const TTime &t2)
               ^~~~~~~~
/cvmfs/cms.cern.ch/slc7_amd64_gcc820/cms/cmssw/CMSSW_10_6_4/external/slc7_amd64_gcc820/bin/../../../../../../../slc7_amd64_gcc820/lcg/root/6.14.09/include/TTime.h:94:15: note:   no known conversion for argument 1 from 'const value_type' {aka 'const Electron'} to 'const TTime&'
In file included from /cvmfs/cms.cern.ch/slc7_amd64_gcc820/external/gcc/8.2.0-pafccj/include/c++/8.3.1/bits/stl_algobase.h:64,
                 from /cvmfs/cms.cern.ch/slc7_amd64_gcc820/external/gcc/8.2.0-pafccj/include/c++/8.3.1/vector:60,
                 from /cvmfs/cms.cern.ch/slc7_amd64_gcc820/cms/cmssw/CMSSW_10_6_4/external/slc7_amd64_gcc820/bin/../../../../../../../slc7_amd64_gcc820/lcg/root/6.14.09/include/TGenericClassInfo.h:15,
                 from /cvmfs/cms.cern.ch/slc7_amd64_gcc820/cms/cmssw/CMSSW_10_6_4/external/slc7_amd64_gcc820/bin/../../../../../../../slc7_amd64_gcc820/lcg/root/6.14.09/include/Rtypes.h:188,
                 from /cvmfs/cms.cern.ch/slc7_amd64_gcc820/cms/cmssw/CMSSW_10_6_4/external/slc7_amd64_gcc820/bin/../../../../../../../slc7_amd64_gcc820/lcg/root/6.14.09/include/TMath.h:15,
                 from /cvmfs/cms.cern.ch/slc7_amd64_gcc820/cms/cmssw/CMSSW_10_6_4/external/slc7_amd64_gcc820/bin/../../../../../../../slc7_amd64_gcc820/lcg/root/6.14.09/include/TLorentzVector.h:24,
                 from include/AnalyzerCore.h:4,
                 from include/JHAnalyzerBase.h:4,
                 from src/JHAnalyzerBase.C:1:
/cvmfs/cms.cern.ch/slc7_amd64_gcc820/external/gcc/8.2.0-pafccj/include/c++/8.3.1/bits/stl_pair.h:454:5: note: candidate: 'template<class _T1, class _T2> constexpr bool std::operator<(const std::pair<_T1, _T2>&, const std::pair<_T1, _T2>&)'
     operator<(const pair<_T1, _T2>& __x, const pair<_T1, _T2>& __y)
     ^~~~~~~~
/cvmfs/cms.cern.ch/slc7_amd64_gcc820/external/gcc/8.2.0-pafccj/include/c++/8.3.1/bits/stl_pair.h:454:5: note:   template argument deduction/substitution failed:
src/JHAnalyzerBase.C:1029:45: note:   'const value_type' {aka 'const Electron'} is not derived from 'const std::pair<_T1, _T2>'
   if(ElectronCollection[v_electronidx[1]] < ptmin2) return {};
                                             ^~~~~~
In file included from /cvmfs/cms.cern.ch/slc7_amd64_gcc820/external/gcc/8.2.0-pafccj/include/c++/8.3.1/bits/stl_algobase.h:67,
                 from /cvmfs/cms.cern.ch/slc7_amd64_gcc820/external/gcc/8.2.0-pafccj/include/c++/8.3.1/vector:60,
                 from /cvmfs/cms.cern.ch/slc7_amd64_gcc820/cms/cmssw/CMSSW_10_6_4/external/slc7_amd64_gcc820/bin/../../../../../../../slc7_amd64_gcc820/lcg/root/6.14.09/include/TGenericClassInfo.h:15,
                 from /cvmfs/cms.cern.ch/slc7_amd64_gcc820/cms/cmssw/CMSSW_10_6_4/external/slc7_amd64_gcc820/bin/../../../../../../../slc7_amd64_gcc820/lcg/root/6.14.09/include/Rtypes.h:188,
                 from /cvmfs/cms.cern.ch/slc7_amd64_gcc820/cms/cmssw/CMSSW_10_6_4/external/slc7_amd64_gcc820/bin/../../../../../../../slc7_amd64_gcc820/lcg/root/6.14.09/include/TMath.h:15,
                 from /cvmfs/cms.cern.ch/slc7_amd64_gcc820/cms/cmssw/CMSSW_10_6_4/external/slc7_amd64_gcc820/bin/../../../../../../../slc7_amd64_gcc820/lcg/root/6.14.09/include/TLorentzVector.h:24,
                 from include/AnalyzerCore.h:4,
                 from include/JHAnalyzerBase.h:4,
                 from src/JHAnalyzerBase.C:1:
/cvmfs/cms.cern.ch/slc7_amd64_gcc820/external/gcc/8.2.0-pafccj/include/c++/8.3.1/bits/stl_iterator.h:308:5: note: candidate: 'template<class _Iterator> constexpr bool std::operator<(const std::reverse_iterator<_Iterator>&, const std::reverse_iterator<_Iterator>&)'
     operator<(const reverse_iterator<_Iterator>& __x,
     ^~~~~~~~
/cvmfs/cms.cern.ch/slc7_amd64_gcc820/external/gcc/8.2.0-pafccj/include/c++/8.3.1/bits/stl_iterator.h:308:5: note:   template argument deduction/substitution failed:
src/JHAnalyzerBase.C:1029:45: note:   'const value_type' {aka 'const Electron'} is not derived from 'const std::reverse_iterator<_Iterator>'
   if(ElectronCollection[v_electronidx[1]] < ptmin2) return {};
                                             ^~~~~~
In file included from /cvmfs/cms.cern.ch/slc7_amd64_gcc820/external/gcc/8.2.0-pafccj/include/c++/8.3.1/bits/stl_algobase.h:67,
                 from /cvmfs/cms.cern.ch/slc7_amd64_gcc820/external/gcc/8.2.0-pafccj/include/c++/8.3.1/vector:60,
                 from /cvmfs/cms.cern.ch/slc7_amd64_gcc820/cms/cmssw/CMSSW_10_6_4/external/slc7_amd64_gcc820/bin/../../../../../../../slc7_amd64_gcc820/lcg/root/6.14.09/include/TGenericClassInfo.h:15,
                 from /cvmfs/cms.cern.ch/slc7_amd64_gcc820/cms/cmssw/CMSSW_10_6_4/external/slc7_amd64_gcc820/bin/../../../../../../../slc7_amd64_gcc820/lcg/root/6.14.09/include/Rtypes.h:188,
                 from /cvmfs/cms.cern.ch/slc7_amd64_gcc820/cms/cmssw/CMSSW_10_6_4/external/slc7_amd64_gcc820/bin/../../../../../../../slc7_amd64_gcc820/lcg/root/6.14.09/include/TMath.h:15,
                 from /cvmfs/cms.cern.ch/slc7_amd64_gcc820/cms/cmssw/CMSSW_10_6_4/external/slc7_amd64_gcc820/bin/../../../../../../../slc7_amd64_gcc820/lcg/root/6.14.09/include/TLorentzVector.h:24,
                 from include/AnalyzerCore.h:4,
                 from include/JHAnalyzerBase.h:4,
                 from src/JHAnalyzerBase.C:1:
/cvmfs/cms.cern.ch/slc7_amd64_gcc820/external/gcc/8.2.0-pafccj/include/c++/8.3.1/bits/stl_iterator.h:346:5: note: candidate: 'template<class _IteratorL, class _IteratorR> constexpr bool std::operator<(const std::reverse_iterator<_Iterator>&, const std::reverse_iterator<_IteratorR>&)'
     operator<(const reverse_iterator<_IteratorL>& __x,
     ^~~~~~~~
/cvmfs/cms.cern.ch/slc7_amd64_gcc820/external/gcc/8.2.0-pafccj/include/c++/8.3.1/bits/stl_iterator.h:346:5: note:   template argument deduction/substitution failed:
src/JHAnalyzerBase.C:1029:45: note:   'const value_type' {aka 'const Electron'} is not derived from 'const std::reverse_iterator<_Iterator>'
   if(ElectronCollection[v_electronidx[1]] < ptmin2) return {};
                                             ^~~~~~
In file included from /cvmfs/cms.cern.ch/slc7_amd64_gcc820/external/gcc/8.2.0-pafccj/include/c++/8.3.1/bits/stl_algobase.h:67,
                 from /cvmfs/cms.cern.ch/slc7_amd64_gcc820/external/gcc/8.2.0-pafccj/include/c++/8.3.1/vector:60,
                 from /cvmfs/cms.cern.ch/slc7_amd64_gcc820/cms/cmssw/CMSSW_10_6_4/external/slc7_amd64_gcc820/bin/../../../../../../../slc7_amd64_gcc820/lcg/root/6.14.09/include/TGenericClassInfo.h:15,
                 from /cvmfs/cms.cern.ch/slc7_amd64_gcc820/cms/cmssw/CMSSW_10_6_4/external/slc7_amd64_gcc820/bin/../../../../../../../slc7_amd64_gcc820/lcg/root/6.14.09/include/Rtypes.h:188,
                 from /cvmfs/cms.cern.ch/slc7_amd64_gcc820/cms/cmssw/CMSSW_10_6_4/external/slc7_amd64_gcc820/bin/../../../../../../../slc7_amd64_gcc820/lcg/root/6.14.09/include/TMath.h:15,
                 from /cvmfs/cms.cern.ch/slc7_amd64_gcc820/cms/cmssw/CMSSW_10_6_4/external/slc7_amd64_gcc820/bin/../../../../../../../slc7_amd64_gcc820/lcg/root/6.14.09/include/TLorentzVector.h:24,
                 from include/AnalyzerCore.h:4,
                 from include/JHAnalyzerBase.h:4,
                 from src/JHAnalyzerBase.C:1:
/cvmfs/cms.cern.ch/slc7_amd64_gcc820/external/gcc/8.2.0-pafccj/include/c++/8.3.1/bits/stl_iterator.h:1139:5: note: candidate: 'template<class _IteratorL, class _IteratorR> constexpr bool std::operator<(const std::move_iterator<_IteratorL>&, const std::move_iterator<_IteratorR>&)'
     operator<(const move_iterator<_IteratorL>& __x,
     ^~~~~~~~
/cvmfs/cms.cern.ch/slc7_amd64_gcc820/external/gcc/8.2.0-pafccj/include/c++/8.3.1/bits/stl_iterator.h:1139:5: note:   template argument deduction/substitution failed:
src/JHAnalyzerBase.C:1029:45: note:   'const value_type' {aka 'const Electron'} is not derived from 'const std::move_iterator<_IteratorL>'
   if(ElectronCollection[v_electronidx[1]] < ptmin2) return {};
                                             ^~~~~~
In file included from /cvmfs/cms.cern.ch/slc7_amd64_gcc820/external/gcc/8.2.0-pafccj/include/c++/8.3.1/bits/stl_algobase.h:67,
                 from /cvmfs/cms.cern.ch/slc7_amd64_gcc820/external/gcc/8.2.0-pafccj/include/c++/8.3.1/vector:60,
                 from /cvmfs/cms.cern.ch/slc7_amd64_gcc820/cms/cmssw/CMSSW_10_6_4/external/slc7_amd64_gcc820/bin/../../../../../../../slc7_amd64_gcc820/lcg/root/6.14.09/include/TGenericClassInfo.h:15,
                 from /cvmfs/cms.cern.ch/slc7_amd64_gcc820/cms/cmssw/CMSSW_10_6_4/external/slc7_amd64_gcc820/bin/../../../../../../../slc7_amd64_gcc820/lcg/root/6.14.09/include/Rtypes.h:188,
                 from /cvmfs/cms.cern.ch/slc7_amd64_gcc820/cms/cmssw/CMSSW_10_6_4/external/slc7_amd64_gcc820/bin/../../../../../../../slc7_amd64_gcc820/lcg/root/6.14.09/include/TMath.h:15,
                 from /cvmfs/cms.cern.ch/slc7_amd64_gcc820/cms/cmssw/CMSSW_10_6_4/external/slc7_amd64_gcc820/bin/../../../../../../../slc7_amd64_gcc820/lcg/root/6.14.09/include/TLorentzVector.h:24,
                 from include/AnalyzerCore.h:4,
                 from include/JHAnalyzerBase.h:4,
                 from src/JHAnalyzerBase.C:1:
/cvmfs/cms.cern.ch/slc7_amd64_gcc820/external/gcc/8.2.0-pafccj/include/c++/8.3.1/bits/stl_iterator.h:1145:5: note: candidate: 'template<class _Iterator> constexpr bool std::operator<(const std::move_iterator<_IteratorL>&, const std::move_iterator<_IteratorL>&)'
     operator<(const move_iterator<_Iterator>& __x,
     ^~~~~~~~
/cvmfs/cms.cern.ch/slc7_amd64_gcc820/external/gcc/8.2.0-pafccj/include/c++/8.3.1/bits/stl_iterator.h:1145:5: note:   template argument deduction/substitution failed:
src/JHAnalyzerBase.C:1029:45: note:   'const value_type' {aka 'const Electron'} is not derived from 'const std::move_iterator<_IteratorL>'
   if(ElectronCollection[v_electronidx[1]] < ptmin2) return {};
                                             ^~~~~~
In file included from /cvmfs/cms.cern.ch/slc7_amd64_gcc820/external/gcc/8.2.0-pafccj/include/c++/8.3.1/vector:64,
                 from /cvmfs/cms.cern.ch/slc7_amd64_gcc820/cms/cmssw/CMSSW_10_6_4/external/slc7_amd64_gcc820/bin/../../../../../../../slc7_amd64_gcc820/lcg/root/6.14.09/include/TGenericClassInfo.h:15,
                 from /cvmfs/cms.cern.ch/slc7_amd64_gcc820/cms/cmssw/CMSSW_10_6_4/external/slc7_amd64_gcc820/bin/../../../../../../../slc7_amd64_gcc820/lcg/root/6.14.09/include/Rtypes.h:188,
                 from /cvmfs/cms.cern.ch/slc7_amd64_gcc820/cms/cmssw/CMSSW_10_6_4/external/slc7_amd64_gcc820/bin/../../../../../../../slc7_amd64_gcc820/lcg/root/6.14.09/include/TMath.h:15,
                 from /cvmfs/cms.cern.ch/slc7_amd64_gcc820/cms/cmssw/CMSSW_10_6_4/external/slc7_amd64_gcc820/bin/../../../../../../../slc7_amd64_gcc820/lcg/root/6.14.09/include/TLorentzVector.h:24,
                 from include/AnalyzerCore.h:4,
                 from include/JHAnalyzerBase.h:4,
                 from src/JHAnalyzerBase.C:1:
/cvmfs/cms.cern.ch/slc7_amd64_gcc820/external/gcc/8.2.0-pafccj/include/c++/8.3.1/bits/stl_vector.h:1770:5: note: candidate: 'template<class _Tp, class _Alloc> bool std::operator<(const std::vector<_Tp, _Alloc>&, const std::vector<_Tp, _Alloc>&)'
     operator<(const vector<_Tp, _Alloc>& __x, const vector<_Tp, _Alloc>& __y)
     ^~~~~~~~
/cvmfs/cms.cern.ch/slc7_amd64_gcc820/external/gcc/8.2.0-pafccj/include/c++/8.3.1/bits/stl_vector.h:1770:5: note:   template argument deduction/substitution failed:
src/JHAnalyzerBase.C:1029:45: note:   'const value_type' {aka 'const Electron'} is not derived from 'const std::vector<_Tp, _Alloc>'
   if(ElectronCollection[v_electronidx[1]] < ptmin2) return {};
                                             ^~~~~~
In file included from /cvmfs/cms.cern.ch/slc7_amd64_gcc820/external/gcc/8.2.0-pafccj/include/c++/8.3.1/bits/basic_string.h:48,
                 from /cvmfs/cms.cern.ch/slc7_amd64_gcc820/external/gcc/8.2.0-pafccj/include/c++/8.3.1/string:52,
                 from /cvmfs/cms.cern.ch/slc7_amd64_gcc820/cms/cmssw/CMSSW_10_6_4/external/slc7_amd64_gcc820/bin/../../../../../../../slc7_amd64_gcc820/lcg/root/6.14.09/include/TSchemaHelper.h:17,
                 from /cvmfs/cms.cern.ch/slc7_amd64_gcc820/cms/cmssw/CMSSW_10_6_4/external/slc7_amd64_gcc820/bin/../../../../../../../slc7_amd64_gcc820/lcg/root/6.14.09/include/TGenericClassInfo.h:16,
                 from /cvmfs/cms.cern.ch/slc7_amd64_gcc820/cms/cmssw/CMSSW_10_6_4/external/slc7_amd64_gcc820/bin/../../../../../../../slc7_amd64_gcc820/lcg/root/6.14.09/include/Rtypes.h:188,
                 from /cvmfs/cms.cern.ch/slc7_amd64_gcc820/cms/cmssw/CMSSW_10_6_4/external/slc7_amd64_gcc820/bin/../../../../../../../slc7_amd64_gcc820/lcg/root/6.14.09/include/TMath.h:15,
                 from /cvmfs/cms.cern.ch/slc7_amd64_gcc820/cms/cmssw/CMSSW_10_6_4/external/slc7_amd64_gcc820/bin/../../../../../../../slc7_amd64_gcc820/lcg/root/6.14.09/include/TLorentzVector.h:24,
                 from include/AnalyzerCore.h:4,
                 from include/JHAnalyzerBase.h:4,
                 from src/JHAnalyzerBase.C:1:
/cvmfs/cms.cern.ch/slc7_amd64_gcc820/external/gcc/8.2.0-pafccj/include/c++/8.3.1/string_view:472:5: note: candidate: 'template<class _CharT, class _Traits> constexpr bool std::operator<(std::basic_string_view<_CharT, _Traits>, std::basic_string_view<_CharT, _Traits>)'
     operator< (basic_string_view<_CharT, _Traits> __x,
     ^~~~~~~~
/cvmfs/cms.cern.ch/slc7_amd64_gcc820/external/gcc/8.2.0-pafccj/include/c++/8.3.1/string_view:472:5: note:   template argument deduction/substitution failed:
src/JHAnalyzerBase.C:1029:45: note:   'Electron' is not derived from 'std::basic_string_view<_CharT, _Traits>'
   if(ElectronCollection[v_electronidx[1]] < ptmin2) return {};
                                             ^~~~~~
In file included from /cvmfs/cms.cern.ch/slc7_amd64_gcc820/external/gcc/8.2.0-pafccj/include/c++/8.3.1/bits/basic_string.h:48,
                 from /cvmfs/cms.cern.ch/slc7_amd64_gcc820/external/gcc/8.2.0-pafccj/include/c++/8.3.1/string:52,
                 from /cvmfs/cms.cern.ch/slc7_amd64_gcc820/cms/cmssw/CMSSW_10_6_4/external/slc7_amd64_gcc820/bin/../../../../../../../slc7_amd64_gcc820/lcg/root/6.14.09/include/TSchemaHelper.h:17,
                 from /cvmfs/cms.cern.ch/slc7_amd64_gcc820/cms/cmssw/CMSSW_10_6_4/external/slc7_amd64_gcc820/bin/../../../../../../../slc7_amd64_gcc820/lcg/root/6.14.09/include/TGenericClassInfo.h:16,
                 from /cvmfs/cms.cern.ch/slc7_amd64_gcc820/cms/cmssw/CMSSW_10_6_4/external/slc7_amd64_gcc820/bin/../../../../../../../slc7_amd64_gcc820/lcg/root/6.14.09/include/Rtypes.h:188,
                 from /cvmfs/cms.cern.ch/slc7_amd64_gcc820/cms/cmssw/CMSSW_10_6_4/external/slc7_amd64_gcc820/bin/../../../../../../../slc7_amd64_gcc820/lcg/root/6.14.09/include/TMath.h:15,
                 from /cvmfs/cms.cern.ch/slc7_amd64_gcc820/cms/cmssw/CMSSW_10_6_4/external/slc7_amd64_gcc820/bin/../../../../../../../slc7_amd64_gcc820/lcg/root/6.14.09/include/TLorentzVector.h:24,
                 from include/AnalyzerCore.h:4,
                 from include/JHAnalyzerBase.h:4,
                 from src/JHAnalyzerBase.C:1:
/cvmfs/cms.cern.ch/slc7_amd64_gcc820/external/gcc/8.2.0-pafccj/include/c++/8.3.1/string_view:478:5: note: candidate: 'template<class _CharT, class _Traits> constexpr bool std::operator<(std::basic_string_view<_CharT, _Traits>, std::__detail::__idt<std::basic_string_view<_CharT, _Traits> >)'
     operator< (basic_string_view<_CharT, _Traits> __x,
     ^~~~~~~~
/cvmfs/cms.cern.ch/slc7_amd64_gcc820/external/gcc/8.2.0-pafccj/include/c++/8.3.1/string_view:478:5: note:   template argument deduction/substitution failed:
src/JHAnalyzerBase.C:1029:45: note:   'Electron' is not derived from 'std::basic_string_view<_CharT, _Traits>'
   if(ElectronCollection[v_electronidx[1]] < ptmin2) return {};
                                             ^~~~~~
In file included from /cvmfs/cms.cern.ch/slc7_amd64_gcc820/external/gcc/8.2.0-pafccj/include/c++/8.3.1/bits/basic_string.h:48,
                 from /cvmfs/cms.cern.ch/slc7_amd64_gcc820/external/gcc/8.2.0-pafccj/include/c++/8.3.1/string:52,
                 from /cvmfs/cms.cern.ch/slc7_amd64_gcc820/cms/cmssw/CMSSW_10_6_4/external/slc7_amd64_gcc820/bin/../../../../../../../slc7_amd64_gcc820/lcg/root/6.14.09/include/TSchemaHelper.h:17,
                 from /cvmfs/cms.cern.ch/slc7_amd64_gcc820/cms/cmssw/CMSSW_10_6_4/external/slc7_amd64_gcc820/bin/../../../../../../../slc7_amd64_gcc820/lcg/root/6.14.09/include/TGenericClassInfo.h:16,
                 from /cvmfs/cms.cern.ch/slc7_amd64_gcc820/cms/cmssw/CMSSW_10_6_4/external/slc7_amd64_gcc820/bin/../../../../../../../slc7_amd64_gcc820/lcg/root/6.14.09/include/Rtypes.h:188,
                 from /cvmfs/cms.cern.ch/slc7_amd64_gcc820/cms/cmssw/CMSSW_10_6_4/external/slc7_amd64_gcc820/bin/../../../../../../../slc7_amd64_gcc820/lcg/root/6.14.09/include/TMath.h:15,
                 from /cvmfs/cms.cern.ch/slc7_amd64_gcc820/cms/cmssw/CMSSW_10_6_4/external/slc7_amd64_gcc820/bin/../../../../../../../slc7_amd64_gcc820/lcg/root/6.14.09/include/TLorentzVector.h:24,
                 from include/AnalyzerCore.h:4,
                 from include/JHAnalyzerBase.h:4,
                 from src/JHAnalyzerBase.C:1:
/cvmfs/cms.cern.ch/slc7_amd64_gcc820/external/gcc/8.2.0-pafccj/include/c++/8.3.1/string_view:484:5: note: candidate: 'template<class _CharT, class _Traits> constexpr bool std::operator<(std::__detail::__idt<std::basic_string_view<_CharT, _Traits> >, std::basic_string_view<_CharT, _Traits>)'
     operator< (__detail::__idt<basic_string_view<_CharT, _Traits>> __x,
     ^~~~~~~~
/cvmfs/cms.cern.ch/slc7_amd64_gcc820/external/gcc/8.2.0-pafccj/include/c++/8.3.1/string_view:484:5: note:   template argument deduction/substitution failed:
src/JHAnalyzerBase.C:1029:45: note:   mismatched types 'std::basic_string_view<_CharT, _Traits>' and 'double'
   if(ElectronCollection[v_electronidx[1]] < ptmin2) return {};
                                             ^~~~~~
In file included from /cvmfs/cms.cern.ch/slc7_amd64_gcc820/external/gcc/8.2.0-pafccj/include/c++/8.3.1/string:52,
                 from /cvmfs/cms.cern.ch/slc7_amd64_gcc820/cms/cmssw/CMSSW_10_6_4/external/slc7_amd64_gcc820/bin/../../../../../../../slc7_amd64_gcc820/lcg/root/6.14.09/include/TSchemaHelper.h:17,
                 from /cvmfs/cms.cern.ch/slc7_amd64_gcc820/cms/cmssw/CMSSW_10_6_4/external/slc7_amd64_gcc820/bin/../../../../../../../slc7_amd64_gcc820/lcg/root/6.14.09/include/TGenericClassInfo.h:16,
                 from /cvmfs/cms.cern.ch/slc7_amd64_gcc820/cms/cmssw/CMSSW_10_6_4/external/slc7_amd64_gcc820/bin/../../../../../../../slc7_amd64_gcc820/lcg/root/6.14.09/include/Rtypes.h:188,
                 from /cvmfs/cms.cern.ch/slc7_amd64_gcc820/cms/cmssw/CMSSW_10_6_4/external/slc7_amd64_gcc820/bin/../../../../../../../slc7_amd64_gcc820/lcg/root/6.14.09/include/TMath.h:15,
                 from /cvmfs/cms.cern.ch/slc7_amd64_gcc820/cms/cmssw/CMSSW_10_6_4/external/slc7_amd64_gcc820/bin/../../../../../../../slc7_amd64_gcc820/lcg/root/6.14.09/include/TLorentzVector.h:24,
                 from include/AnalyzerCore.h:4,
                 from include/JHAnalyzerBase.h:4,
                 from src/JHAnalyzerBase.C:1:
/cvmfs/cms.cern.ch/slc7_amd64_gcc820/external/gcc/8.2.0-pafccj/include/c++/8.3.1/bits/basic_string.h:6133:5: note: candidate: 'template<class _CharT, class _Traits, class _Alloc> bool std::operator<(const std::__cxx11::basic_string<_CharT, _Traits, _Allocator>&, const std::__cxx11::basic_string<_CharT, _Traits, _Allocator>&)'
     operator<(const basic_string<_CharT, _Traits, _Alloc>& __lhs,
     ^~~~~~~~
/cvmfs/cms.cern.ch/slc7_amd64_gcc820/external/gcc/8.2.0-pafccj/include/c++/8.3.1/bits/basic_string.h:6133:5: note:   template argument deduction/substitution failed:
src/JHAnalyzerBase.C:1029:45: note:   'const value_type' {aka 'const Electron'} is not derived from 'const std::__cxx11::basic_string<_CharT, _Traits, _Allocator>'
   if(ElectronCollection[v_electronidx[1]] < ptmin2) return {};
                                             ^~~~~~
In file included from /cvmfs/cms.cern.ch/slc7_amd64_gcc820/external/gcc/8.2.0-pafccj/include/c++/8.3.1/string:52,
                 from /cvmfs/cms.cern.ch/slc7_amd64_gcc820/cms/cmssw/CMSSW_10_6_4/external/slc7_amd64_gcc820/bin/../../../../../../../slc7_amd64_gcc820/lcg/root/6.14.09/include/TSchemaHelper.h:17,
                 from /cvmfs/cms.cern.ch/slc7_amd64_gcc820/cms/cmssw/CMSSW_10_6_4/external/slc7_amd64_gcc820/bin/../../../../../../../slc7_amd64_gcc820/lcg/root/6.14.09/include/TGenericClassInfo.h:16,
                 from /cvmfs/cms.cern.ch/slc7_amd64_gcc820/cms/cmssw/CMSSW_10_6_4/external/slc7_amd64_gcc820/bin/../../../../../../../slc7_amd64_gcc820/lcg/root/6.14.09/include/Rtypes.h:188,
                 from /cvmfs/cms.cern.ch/slc7_amd64_gcc820/cms/cmssw/CMSSW_10_6_4/external/slc7_amd64_gcc820/bin/../../../../../../../slc7_amd64_gcc820/lcg/root/6.14.09/include/TMath.h:15,
                 from /cvmfs/cms.cern.ch/slc7_amd64_gcc820/cms/cmssw/CMSSW_10_6_4/external/slc7_amd64_gcc820/bin/../../../../../../../slc7_amd64_gcc820/lcg/root/6.14.09/include/TLorentzVector.h:24,
                 from include/AnalyzerCore.h:4,
                 from include/JHAnalyzerBase.h:4,
                 from src/JHAnalyzerBase.C:1:
/cvmfs/cms.cern.ch/slc7_amd64_gcc820/external/gcc/8.2.0-pafccj/include/c++/8.3.1/bits/basic_string.h:6146:5: note: candidate: 'template<class _CharT, class _Traits, class _Alloc> bool std::operator<(const std::__cxx11::basic_string<_CharT, _Traits, _Allocator>&, const _CharT*)'
     operator<(const basic_string<_CharT, _Traits, _Alloc>& __lhs,
     ^~~~~~~~
/cvmfs/cms.cern.ch/slc7_amd64_gcc820/external/gcc/8.2.0-pafccj/include/c++/8.3.1/bits/basic_string.h:6146:5: note:   template argument deduction/substitution failed:
src/JHAnalyzerBase.C:1029:45: note:   'const value_type' {aka 'const Electron'} is not derived from 'const std::__cxx11::basic_string<_CharT, _Traits, _Allocator>'
   if(ElectronCollection[v_electronidx[1]] < ptmin2) return {};
                                             ^~~~~~
In file included from /cvmfs/cms.cern.ch/slc7_amd64_gcc820/external/gcc/8.2.0-pafccj/include/c++/8.3.1/string:52,
                 from /cvmfs/cms.cern.ch/slc7_amd64_gcc820/cms/cmssw/CMSSW_10_6_4/external/slc7_amd64_gcc820/bin/../../../../../../../slc7_amd64_gcc820/lcg/root/6.14.09/include/TSchemaHelper.h:17,
                 from /cvmfs/cms.cern.ch/slc7_amd64_gcc820/cms/cmssw/CMSSW_10_6_4/external/slc7_amd64_gcc820/bin/../../../../../../../slc7_amd64_gcc820/lcg/root/6.14.09/include/TGenericClassInfo.h:16,
                 from /cvmfs/cms.cern.ch/slc7_amd64_gcc820/cms/cmssw/CMSSW_10_6_4/external/slc7_amd64_gcc820/bin/../../../../../../../slc7_amd64_gcc820/lcg/root/6.14.09/include/Rtypes.h:188,
                 from /cvmfs/cms.cern.ch/slc7_amd64_gcc820/cms/cmssw/CMSSW_10_6_4/external/slc7_amd64_gcc820/bin/../../../../../../../slc7_amd64_gcc820/lcg/root/6.14.09/include/TMath.h:15,
                 from /cvmfs/cms.cern.ch/slc7_amd64_gcc820/cms/cmssw/CMSSW_10_6_4/external/slc7_amd64_gcc820/bin/../../../../../../../slc7_amd64_gcc820/lcg/root/6.14.09/include/TLorentzVector.h:24,
                 from include/AnalyzerCore.h:4,
                 from include/JHAnalyzerBase.h:4,
                 from src/JHAnalyzerBase.C:1:
/cvmfs/cms.cern.ch/slc7_amd64_gcc820/external/gcc/8.2.0-pafccj/include/c++/8.3.1/bits/basic_string.h:6158:5: note: candidate: 'template<class _CharT, class _Traits, class _Alloc> bool std::operator<(const _CharT*, const std::__cxx11::basic_string<_CharT, _Traits, _Allocator>&)'
     operator<(const _CharT* __lhs,
     ^~~~~~~~
/cvmfs/cms.cern.ch/slc7_amd64_gcc820/external/gcc/8.2.0-pafccj/include/c++/8.3.1/bits/basic_string.h:6158:5: note:   template argument deduction/substitution failed:
src/JHAnalyzerBase.C:1029:45: note:   mismatched types 'const _CharT*' and 'Electron'
   if(ElectronCollection[v_electronidx[1]] < ptmin2) return {};
                                             ^~~~~~
In file included from /cvmfs/cms.cern.ch/slc7_amd64_gcc820/external/gcc/8.2.0-pafccj/include/c++/8.3.1/tuple:39,
                 from /cvmfs/cms.cern.ch/slc7_amd64_gcc820/external/gcc/8.2.0-pafccj/include/c++/8.3.1/bits/unique_ptr.h:37,
                 from /cvmfs/cms.cern.ch/slc7_amd64_gcc820/external/gcc/8.2.0-pafccj/include/c++/8.3.1/memory:80,
                 from /cvmfs/cms.cern.ch/slc7_amd64_gcc820/cms/cmssw/CMSSW_10_6_4/external/slc7_amd64_gcc820/bin/../../../../../../../slc7_amd64_gcc820/lcg/root/6.14.09/include/ROOT/TypeTraits.hxx:15,
                 from /cvmfs/cms.cern.ch/slc7_amd64_gcc820/cms/cmssw/CMSSW_10_6_4/external/slc7_amd64_gcc820/bin/../../../../../../../slc7_amd64_gcc820/lcg/root/6.14.09/include/TString.h:29,
                 from /cvmfs/cms.cern.ch/slc7_amd64_gcc820/cms/cmssw/CMSSW_10_6_4/external/slc7_amd64_gcc820/bin/../../../../../../../slc7_amd64_gcc820/lcg/root/6.14.09/include/TNamed.h:26,
                 from /cvmfs/cms.cern.ch/slc7_amd64_gcc820/cms/cmssw/CMSSW_10_6_4/external/slc7_amd64_gcc820/bin/../../../../../../../slc7_amd64_gcc820/lcg/root/6.14.09/include/TMatrixTBase.h:70,
                 from /cvmfs/cms.cern.ch/slc7_amd64_gcc820/cms/cmssw/CMSSW_10_6_4/external/slc7_amd64_gcc820/bin/../../../../../../../slc7_amd64_gcc820/lcg/root/6.14.09/include/TMatrixT.h:23,
                 from /cvmfs/cms.cern.ch/slc7_amd64_gcc820/cms/cmssw/CMSSW_10_6_4/external/slc7_amd64_gcc820/bin/../../../../../../../slc7_amd64_gcc820/lcg/root/6.14.09/include/TMatrixF.h:20,
                 from /cvmfs/cms.cern.ch/slc7_amd64_gcc820/cms/cmssw/CMSSW_10_6_4/external/slc7_amd64_gcc820/bin/../../../../../../../slc7_amd64_gcc820/lcg/root/6.14.09/include/TMatrix.h:23,
                 from /cvmfs/cms.cern.ch/slc7_amd64_gcc820/cms/cmssw/CMSSW_10_6_4/external/slc7_amd64_gcc820/bin/../../../../../../../slc7_amd64_gcc820/lcg/root/6.14.09/include/TVector3.h:16,
                 from /cvmfs/cms.cern.ch/slc7_amd64_gcc820/cms/cmssw/CMSSW_10_6_4/external/slc7_amd64_gcc820/bin/../../../../../../../slc7_amd64_gcc820/lcg/root/6.14.09/include/TLorentzVector.h:25,
                 from include/AnalyzerCore.h:4,
                 from include/JHAnalyzerBase.h:4,
                 from src/JHAnalyzerBase.C:1:
/cvmfs/cms.cern.ch/slc7_amd64_gcc820/external/gcc/8.2.0-pafccj/include/c++/8.3.1/array:262:5: note: candidate: 'template<class _Tp, long unsigned int _Nm> bool std::operator<(const std::array<_Tp, _Nm>&, const std::array<_Tp, _Nm>&)'
     operator<(const array<_Tp, _Nm>& __a, const array<_Tp, _Nm>& __b)
     ^~~~~~~~
/cvmfs/cms.cern.ch/slc7_amd64_gcc820/external/gcc/8.2.0-pafccj/include/c++/8.3.1/array:262:5: note:   template argument deduction/substitution failed:
src/JHAnalyzerBase.C:1029:45: note:   'const value_type' {aka 'const Electron'} is not derived from 'const std::array<_Tp, _Nm>'
   if(ElectronCollection[v_electronidx[1]] < ptmin2) return {};
                                             ^~~~~~
In file included from /cvmfs/cms.cern.ch/slc7_amd64_gcc820/external/gcc/8.2.0-pafccj/include/c++/8.3.1/bits/unique_ptr.h:37,
                 from /cvmfs/cms.cern.ch/slc7_amd64_gcc820/external/gcc/8.2.0-pafccj/include/c++/8.3.1/memory:80,
                 from /cvmfs/cms.cern.ch/slc7_amd64_gcc820/cms/cmssw/CMSSW_10_6_4/external/slc7_amd64_gcc820/bin/../../../../../../../slc7_amd64_gcc820/lcg/root/6.14.09/include/ROOT/TypeTraits.hxx:15,
                 from /cvmfs/cms.cern.ch/slc7_amd64_gcc820/cms/cmssw/CMSSW_10_6_4/external/slc7_amd64_gcc820/bin/../../../../../../../slc7_amd64_gcc820/lcg/root/6.14.09/include/TString.h:29,
                 from /cvmfs/cms.cern.ch/slc7_amd64_gcc820/cms/cmssw/CMSSW_10_6_4/external/slc7_amd64_gcc820/bin/../../../../../../../slc7_amd64_gcc820/lcg/root/6.14.09/include/TNamed.h:26,
                 from /cvmfs/cms.cern.ch/slc7_amd64_gcc820/cms/cmssw/CMSSW_10_6_4/external/slc7_amd64_gcc820/bin/../../../../../../../slc7_amd64_gcc820/lcg/root/6.14.09/include/TMatrixTBase.h:70,
                 from /cvmfs/cms.cern.ch/slc7_amd64_gcc820/cms/cmssw/CMSSW_10_6_4/external/slc7_amd64_gcc820/bin/../../../../../../../slc7_amd64_gcc820/lcg/root/6.14.09/include/TMatrixT.h:23,
                 from /cvmfs/cms.cern.ch/slc7_amd64_gcc820/cms/cmssw/CMSSW_10_6_4/external/slc7_amd64_gcc820/bin/../../../../../../../slc7_amd64_gcc820/lcg/root/6.14.09/include/TMatrixF.h:20,
                 from /cvmfs/cms.cern.ch/slc7_amd64_gcc820/cms/cmssw/CMSSW_10_6_4/external/slc7_amd64_gcc820/bin/../../../../../../../slc7_amd64_gcc820/lcg/root/6.14.09/include/TMatrix.h:23,
                 from /cvmfs/cms.cern.ch/slc7_amd64_gcc820/cms/cmssw/CMSSW_10_6_4/external/slc7_amd64_gcc820/bin/../../../../../../../slc7_amd64_gcc820/lcg/root/6.14.09/include/TVector3.h:16,
                 from /cvmfs/cms.cern.ch/slc7_amd64_gcc820/cms/cmssw/CMSSW_10_6_4/external/slc7_amd64_gcc820/bin/../../../../../../../slc7_amd64_gcc820/lcg/root/6.14.09/include/TLorentzVector.h:25,
                 from include/AnalyzerCore.h:4,
                 from include/JHAnalyzerBase.h:4,
                 from src/JHAnalyzerBase.C:1:
/cvmfs/cms.cern.ch/slc7_amd64_gcc820/external/gcc/8.2.0-pafccj/include/c++/8.3.1/tuple:1426:5: note: candidate: 'template<class ... _TElements, class ... _UElements> constexpr bool std::operator<(const std::tuple<_Tps ...>&, const std::tuple<_Elements ...>&)'
     operator<(const tuple<_TElements...>& __t,
     ^~~~~~~~
/cvmfs/cms.cern.ch/slc7_amd64_gcc820/external/gcc/8.2.0-pafccj/include/c++/8.3.1/tuple:1426:5: note:   template argument deduction/substitution failed:
src/JHAnalyzerBase.C:1029:45: note:   'const value_type' {aka 'const Electron'} is not derived from 'const std::tuple<_Tps ...>'
   if(ElectronCollection[v_electronidx[1]] < ptmin2) return {};
                                             ^~~~~~
In file included from /cvmfs/cms.cern.ch/slc7_amd64_gcc820/external/gcc/8.2.0-pafccj/include/c++/8.3.1/memory:80,
                 from /cvmfs/cms.cern.ch/slc7_amd64_gcc820/cms/cmssw/CMSSW_10_6_4/external/slc7_amd64_gcc820/bin/../../../../../../../slc7_amd64_gcc820/lcg/root/6.14.09/include/ROOT/TypeTraits.hxx:15,
                 from /cvmfs/cms.cern.ch/slc7_amd64_gcc820/cms/cmssw/CMSSW_10_6_4/external/slc7_amd64_gcc820/bin/../../../../../../../slc7_amd64_gcc820/lcg/root/6.14.09/include/TString.h:29,
                 from /cvmfs/cms.cern.ch/slc7_amd64_gcc820/cms/cmssw/CMSSW_10_6_4/external/slc7_amd64_gcc820/bin/../../../../../../../slc7_amd64_gcc820/lcg/root/6.14.09/include/TNamed.h:26,
                 from /cvmfs/cms.cern.ch/slc7_amd64_gcc820/cms/cmssw/CMSSW_10_6_4/external/slc7_amd64_gcc820/bin/../../../../../../../slc7_amd64_gcc820/lcg/root/6.14.09/include/TMatrixTBase.h:70,
                 from /cvmfs/cms.cern.ch/slc7_amd64_gcc820/cms/cmssw/CMSSW_10_6_4/external/slc7_amd64_gcc820/bin/../../../../../../../slc7_amd64_gcc820/lcg/root/6.14.09/include/TMatrixT.h:23,
                 from /cvmfs/cms.cern.ch/slc7_amd64_gcc820/cms/cmssw/CMSSW_10_6_4/external/slc7_amd64_gcc820/bin/../../../../../../../slc7_amd64_gcc820/lcg/root/6.14.09/include/TMatrixF.h:20,
                 from /cvmfs/cms.cern.ch/slc7_amd64_gcc820/cms/cmssw/CMSSW_10_6_4/external/slc7_amd64_gcc820/bin/../../../../../../../slc7_amd64_gcc820/lcg/root/6.14.09/include/TMatrix.h:23,
                 from /cvmfs/cms.cern.ch/slc7_amd64_gcc820/cms/cmssw/CMSSW_10_6_4/external/slc7_amd64_gcc820/bin/../../../../../../../slc7_amd64_gcc820/lcg/root/6.14.09/include/TVector3.h:16,
                 from /cvmfs/cms.cern.ch/slc7_amd64_gcc820/cms/cmssw/CMSSW_10_6_4/external/slc7_amd64_gcc820/bin/../../../../../../../slc7_amd64_gcc820/lcg/root/6.14.09/include/TLorentzVector.h:25,
                 from include/AnalyzerCore.h:4,
                 from include/JHAnalyzerBase.h:4,
                 from src/JHAnalyzerBase.C:1:
/cvmfs/cms.cern.ch/slc7_amd64_gcc820/external/gcc/8.2.0-pafccj/include/c++/8.3.1/bits/unique_ptr.h:723:5: note: candidate: 'template<class _Tp, class _Dp, class _Up, class _Ep> bool std::operator<(const std::unique_ptr<_Tp, _Dp>&, const std::unique_ptr<_Up, _Ep>&)'
     operator<(const unique_ptr<_Tp, _Dp>& __x,
     ^~~~~~~~
/cvmfs/cms.cern.ch/slc7_amd64_gcc820/external/gcc/8.2.0-pafccj/include/c++/8.3.1/bits/unique_ptr.h:723:5: note:   template argument deduction/substitution failed:
src/JHAnalyzerBase.C:1029:45: note:   'const value_type' {aka 'const Electron'} is not derived from 'const std::unique_ptr<_Tp, _Dp>'
   if(ElectronCollection[v_electronidx[1]] < ptmin2) return {};
                                             ^~~~~~
In file included from /cvmfs/cms.cern.ch/slc7_amd64_gcc820/external/gcc/8.2.0-pafccj/include/c++/8.3.1/memory:80,
                 from /cvmfs/cms.cern.ch/slc7_amd64_gcc820/cms/cmssw/CMSSW_10_6_4/external/slc7_amd64_gcc820/bin/../../../../../../../slc7_amd64_gcc820/lcg/root/6.14.09/include/ROOT/TypeTraits.hxx:15,
                 from /cvmfs/cms.cern.ch/slc7_amd64_gcc820/cms/cmssw/CMSSW_10_6_4/external/slc7_amd64_gcc820/bin/../../../../../../../slc7_amd64_gcc820/lcg/root/6.14.09/include/TString.h:29,
                 from /cvmfs/cms.cern.ch/slc7_amd64_gcc820/cms/cmssw/CMSSW_10_6_4/external/slc7_amd64_gcc820/bin/../../../../../../../slc7_amd64_gcc820/lcg/root/6.14.09/include/TNamed.h:26,
                 from /cvmfs/cms.cern.ch/slc7_amd64_gcc820/cms/cmssw/CMSSW_10_6_4/external/slc7_amd64_gcc820/bin/../../../../../../../slc7_amd64_gcc820/lcg/root/6.14.09/include/TMatrixTBase.h:70,
                 from /cvmfs/cms.cern.ch/slc7_amd64_gcc820/cms/cmssw/CMSSW_10_6_4/external/slc7_amd64_gcc820/bin/../../../../../../../slc7_amd64_gcc820/lcg/root/6.14.09/include/TMatrixT.h:23,
                 from /cvmfs/cms.cern.ch/slc7_amd64_gcc820/cms/cmssw/CMSSW_10_6_4/external/slc7_amd64_gcc820/bin/../../../../../../../slc7_amd64_gcc820/lcg/root/6.14.09/include/TMatrixF.h:20,
                 from /cvmfs/cms.cern.ch/slc7_amd64_gcc820/cms/cmssw/CMSSW_10_6_4/external/slc7_amd64_gcc820/bin/../../../../../../../slc7_amd64_gcc820/lcg/root/6.14.09/include/TMatrix.h:23,
                 from /cvmfs/cms.cern.ch/slc7_amd64_gcc820/cms/cmssw/CMSSW_10_6_4/external/slc7_amd64_gcc820/bin/../../../../../../../slc7_amd64_gcc820/lcg/root/6.14.09/include/TVector3.h:16,
                 from /cvmfs/cms.cern.ch/slc7_amd64_gcc820/cms/cmssw/CMSSW_10_6_4/external/slc7_amd64_gcc820/bin/../../../../../../../slc7_amd64_gcc820/lcg/root/6.14.09/include/TLorentzVector.h:25,
                 from include/AnalyzerCore.h:4,
                 from include/JHAnalyzerBase.h:4,
                 from src/JHAnalyzerBase.C:1:
/cvmfs/cms.cern.ch/slc7_amd64_gcc820/external/gcc/8.2.0-pafccj/include/c++/8.3.1/bits/unique_ptr.h:734:5: note: candidate: 'template<class _Tp, class _Dp> bool std::operator<(const std::unique_ptr<_Tp, _Dp>&, std::nullptr_t)'
     operator<(const unique_ptr<_Tp, _Dp>& __x, nullptr_t)
     ^~~~~~~~
/cvmfs/cms.cern.ch/slc7_amd64_gcc820/external/gcc/8.2.0-pafccj/include/c++/8.3.1/bits/unique_ptr.h:734:5: note:   template argument deduction/substitution failed:
src/JHAnalyzerBase.C:1029:45: note:   'const value_type' {aka 'const Electron'} is not derived from 'const std::unique_ptr<_Tp, _Dp>'
   if(ElectronCollection[v_electronidx[1]] < ptmin2) return {};
                                             ^~~~~~
In file included from /cvmfs/cms.cern.ch/slc7_amd64_gcc820/external/gcc/8.2.0-pafccj/include/c++/8.3.1/memory:80,
                 from /cvmfs/cms.cern.ch/slc7_amd64_gcc820/cms/cmssw/CMSSW_10_6_4/external/slc7_amd64_gcc820/bin/../../../../../../../slc7_amd64_gcc820/lcg/root/6.14.09/include/ROOT/TypeTraits.hxx:15,
                 from /cvmfs/cms.cern.ch/slc7_amd64_gcc820/cms/cmssw/CMSSW_10_6_4/external/slc7_amd64_gcc820/bin/../../../../../../../slc7_amd64_gcc820/lcg/root/6.14.09/include/TString.h:29,
                 from /cvmfs/cms.cern.ch/slc7_amd64_gcc820/cms/cmssw/CMSSW_10_6_4/external/slc7_amd64_gcc820/bin/../../../../../../../slc7_amd64_gcc820/lcg/root/6.14.09/include/TNamed.h:26,
                 from /cvmfs/cms.cern.ch/slc7_amd64_gcc820/cms/cmssw/CMSSW_10_6_4/external/slc7_amd64_gcc820/bin/../../../../../../../slc7_amd64_gcc820/lcg/root/6.14.09/include/TMatrixTBase.h:70,
                 from /cvmfs/cms.cern.ch/slc7_amd64_gcc820/cms/cmssw/CMSSW_10_6_4/external/slc7_amd64_gcc820/bin/../../../../../../../slc7_amd64_gcc820/lcg/root/6.14.09/include/TMatrixT.h:23,
                 from /cvmfs/cms.cern.ch/slc7_amd64_gcc820/cms/cmssw/CMSSW_10_6_4/external/slc7_amd64_gcc820/bin/../../../../../../../slc7_amd64_gcc820/lcg/root/6.14.09/include/TMatrixF.h:20,
                 from /cvmfs/cms.cern.ch/slc7_amd64_gcc820/cms/cmssw/CMSSW_10_6_4/external/slc7_amd64_gcc820/bin/../../../../../../../slc7_amd64_gcc820/lcg/root/6.14.09/include/TMatrix.h:23,
                 from /cvmfs/cms.cern.ch/slc7_amd64_gcc820/cms/cmssw/CMSSW_10_6_4/external/slc7_amd64_gcc820/bin/../../../../../../../slc7_amd64_gcc820/lcg/root/6.14.09/include/TVector3.h:16,
                 from /cvmfs/cms.cern.ch/slc7_amd64_gcc820/cms/cmssw/CMSSW_10_6_4/external/slc7_amd64_gcc820/bin/../../../../../../../slc7_amd64_gcc820/lcg/root/6.14.09/include/TLorentzVector.h:25,
                 from include/AnalyzerCore.h:4,
                 from include/JHAnalyzerBase.h:4,
                 from src/JHAnalyzerBase.C:1:
/cvmfs/cms.cern.ch/slc7_amd64_gcc820/external/gcc/8.2.0-pafccj/include/c++/8.3.1/bits/unique_ptr.h:740:5: note: candidate: 'template<class _Tp, class _Dp> bool std::operator<(std::nullptr_t, const std::unique_ptr<_Tp, _Dp>&)'
     operator<(nullptr_t, const unique_ptr<_Tp, _Dp>& __x)
     ^~~~~~~~
/cvmfs/cms.cern.ch/slc7_amd64_gcc820/external/gcc/8.2.0-pafccj/include/c++/8.3.1/bits/unique_ptr.h:740:5: note:   template argument deduction/substitution failed:
src/JHAnalyzerBase.C:1029:45: note:   mismatched types 'const std::unique_ptr<_Tp, _Dp>' and 'double'
   if(ElectronCollection[v_electronidx[1]] < ptmin2) return {};
                                             ^~~~~~
In file included from /cvmfs/cms.cern.ch/slc7_amd64_gcc820/external/gcc/8.2.0-pafccj/include/c++/8.3.1/bits/shared_ptr.h:52,
                 from /cvmfs/cms.cern.ch/slc7_amd64_gcc820/external/gcc/8.2.0-pafccj/include/c++/8.3.1/memory:81,
                 from /cvmfs/cms.cern.ch/slc7_amd64_gcc820/cms/cmssw/CMSSW_10_6_4/external/slc7_amd64_gcc820/bin/../../../../../../../slc7_amd64_gcc820/lcg/root/6.14.09/include/ROOT/TypeTraits.hxx:15,
                 from /cvmfs/cms.cern.ch/slc7_amd64_gcc820/cms/cmssw/CMSSW_10_6_4/external/slc7_amd64_gcc820/bin/../../../../../../../slc7_amd64_gcc820/lcg/root/6.14.09/include/TString.h:29,
                 from /cvmfs/cms.cern.ch/slc7_amd64_gcc820/cms/cmssw/CMSSW_10_6_4/external/slc7_amd64_gcc820/bin/../../../../../../../slc7_amd64_gcc820/lcg/root/6.14.09/include/TNamed.h:26,
                 from /cvmfs/cms.cern.ch/slc7_amd64_gcc820/cms/cmssw/CMSSW_10_6_4/external/slc7_amd64_gcc820/bin/../../../../../../../slc7_amd64_gcc820/lcg/root/6.14.09/include/TMatrixTBase.h:70,
                 from /cvmfs/cms.cern.ch/slc7_amd64_gcc820/cms/cmssw/CMSSW_10_6_4/external/slc7_amd64_gcc820/bin/../../../../../../../slc7_amd64_gcc820/lcg/root/6.14.09/include/TMatrixT.h:23,
                 from /cvmfs/cms.cern.ch/slc7_amd64_gcc820/cms/cmssw/CMSSW_10_6_4/external/slc7_amd64_gcc820/bin/../../../../../../../slc7_amd64_gcc820/lcg/root/6.14.09/include/TMatrixF.h:20,
                 from /cvmfs/cms.cern.ch/slc7_amd64_gcc820/cms/cmssw/CMSSW_10_6_4/external/slc7_amd64_gcc820/bin/../../../../../../../slc7_amd64_gcc820/lcg/root/6.14.09/include/TMatrix.h:23,
                 from /cvmfs/cms.cern.ch/slc7_amd64_gcc820/cms/cmssw/CMSSW_10_6_4/external/slc7_amd64_gcc820/bin/../../../../../../../slc7_amd64_gcc820/lcg/root/6.14.09/include/TVector3.h:16,
                 from /cvmfs/cms.cern.ch/slc7_amd64_gcc820/cms/cmssw/CMSSW_10_6_4/external/slc7_amd64_gcc820/bin/../../../../../../../slc7_amd64_gcc820/lcg/root/6.14.09/include/TLorentzVector.h:25,
                 from include/AnalyzerCore.h:4,
                 from include/JHAnalyzerBase.h:4,
                 from src/JHAnalyzerBase.C:1:
/cvmfs/cms.cern.ch/slc7_amd64_gcc820/external/gcc/8.2.0-pafccj/include/c++/8.3.1/bits/shared_ptr_base.h:1442:5: note: candidate: 'template<class _Tp, class _Up, __gnu_cxx::_Lock_policy _Lp> bool std::operator<(const std::__shared_ptr<_Tp1, _Lp>&, const std::__shared_ptr<_Tp2, _Lp>&)'
     operator<(const __shared_ptr<_Tp, _Lp>& __a,
     ^~~~~~~~
/cvmfs/cms.cern.ch/slc7_amd64_gcc820/external/gcc/8.2.0-pafccj/include/c++/8.3.1/bits/shared_ptr_base.h:1442:5: note:   template argument deduction/substitution failed:
src/JHAnalyzerBase.C:1029:45: note:   'const value_type' {aka 'const Electron'} is not derived from 'const std::__shared_ptr<_Tp1, _Lp>'
   if(ElectronCollection[v_electronidx[1]] < ptmin2) return {};
                                             ^~~~~~
In file included from /cvmfs/cms.cern.ch/slc7_amd64_gcc820/external/gcc/8.2.0-pafccj/include/c++/8.3.1/bits/shared_ptr.h:52,
                 from /cvmfs/cms.cern.ch/slc7_amd64_gcc820/external/gcc/8.2.0-pafccj/include/c++/8.3.1/memory:81,
                 from /cvmfs/cms.cern.ch/slc7_amd64_gcc820/cms/cmssw/CMSSW_10_6_4/external/slc7_amd64_gcc820/bin/../../../../../../../slc7_amd64_gcc820/lcg/root/6.14.09/include/ROOT/TypeTraits.hxx:15,
                 from /cvmfs/cms.cern.ch/slc7_amd64_gcc820/cms/cmssw/CMSSW_10_6_4/external/slc7_amd64_gcc820/bin/../../../../../../../slc7_amd64_gcc820/lcg/root/6.14.09/include/TString.h:29,
                 from /cvmfs/cms.cern.ch/slc7_amd64_gcc820/cms/cmssw/CMSSW_10_6_4/external/slc7_amd64_gcc820/bin/../../../../../../../slc7_amd64_gcc820/lcg/root/6.14.09/include/TNamed.h:26,
                 from /cvmfs/cms.cern.ch/slc7_amd64_gcc820/cms/cmssw/CMSSW_10_6_4/external/slc7_amd64_gcc820/bin/../../../../../../../slc7_amd64_gcc820/lcg/root/6.14.09/include/TMatrixTBase.h:70,
                 from /cvmfs/cms.cern.ch/slc7_amd64_gcc820/cms/cmssw/CMSSW_10_6_4/external/slc7_amd64_gcc820/bin/../../../../../../../slc7_amd64_gcc820/lcg/root/6.14.09/include/TMatrixT.h:23,
                 from /cvmfs/cms.cern.ch/slc7_amd64_gcc820/cms/cmssw/CMSSW_10_6_4/external/slc7_amd64_gcc820/bin/../../../../../../../slc7_amd64_gcc820/lcg/root/6.14.09/include/TMatrixF.h:20,
                 from /cvmfs/cms.cern.ch/slc7_amd64_gcc820/cms/cmssw/CMSSW_10_6_4/external/slc7_amd64_gcc820/bin/../../../../../../../slc7_amd64_gcc820/lcg/root/6.14.09/include/TMatrix.h:23,
                 from /cvmfs/cms.cern.ch/slc7_amd64_gcc820/cms/cmssw/CMSSW_10_6_4/external/slc7_amd64_gcc820/bin/../../../../../../../slc7_amd64_gcc820/lcg/root/6.14.09/include/TVector3.h:16,
                 from /cvmfs/cms.cern.ch/slc7_amd64_gcc820/cms/cmssw/CMSSW_10_6_4/external/slc7_amd64_gcc820/bin/../../../../../../../slc7_amd64_gcc820/lcg/root/6.14.09/include/TLorentzVector.h:25,
                 from include/AnalyzerCore.h:4,
                 from include/JHAnalyzerBase.h:4,
                 from src/JHAnalyzerBase.C:1:
/cvmfs/cms.cern.ch/slc7_amd64_gcc820/external/gcc/8.2.0-pafccj/include/c++/8.3.1/bits/shared_ptr_base.h:1453:5: note: candidate: 'template<class _Tp, __gnu_cxx::_Lock_policy _Lp> bool std::operator<(const std::__shared_ptr<_Tp, _Lp>&, std::nullptr_t)'
     operator<(const __shared_ptr<_Tp, _Lp>& __a, nullptr_t) noexcept
     ^~~~~~~~
/cvmfs/cms.cern.ch/slc7_amd64_gcc820/external/gcc/8.2.0-pafccj/include/c++/8.3.1/bits/shared_ptr_base.h:1453:5: note:   template argument deduction/substitution failed:
src/JHAnalyzerBase.C:1029:45: note:   'const value_type' {aka 'const Electron'} is not derived from 'const std::__shared_ptr<_Tp, _Lp>'
   if(ElectronCollection[v_electronidx[1]] < ptmin2) return {};
                                             ^~~~~~
In file included from /cvmfs/cms.cern.ch/slc7_amd64_gcc820/external/gcc/8.2.0-pafccj/include/c++/8.3.1/bits/shared_ptr.h:52,
                 from /cvmfs/cms.cern.ch/slc7_amd64_gcc820/external/gcc/8.2.0-pafccj/include/c++/8.3.1/memory:81,
                 from /cvmfs/cms.cern.ch/slc7_amd64_gcc820/cms/cmssw/CMSSW_10_6_4/external/slc7_amd64_gcc820/bin/../../../../../../../slc7_amd64_gcc820/lcg/root/6.14.09/include/ROOT/TypeTraits.hxx:15,
                 from /cvmfs/cms.cern.ch/slc7_amd64_gcc820/cms/cmssw/CMSSW_10_6_4/external/slc7_amd64_gcc820/bin/../../../../../../../slc7_amd64_gcc820/lcg/root/6.14.09/include/TString.h:29,
                 from /cvmfs/cms.cern.ch/slc7_amd64_gcc820/cms/cmssw/CMSSW_10_6_4/external/slc7_amd64_gcc820/bin/../../../../../../../slc7_amd64_gcc820/lcg/root/6.14.09/include/TNamed.h:26,
                 from /cvmfs/cms.cern.ch/slc7_amd64_gcc820/cms/cmssw/CMSSW_10_6_4/external/slc7_amd64_gcc820/bin/../../../../../../../slc7_amd64_gcc820/lcg/root/6.14.09/include/TMatrixTBase.h:70,
                 from /cvmfs/cms.cern.ch/slc7_amd64_gcc820/cms/cmssw/CMSSW_10_6_4/external/slc7_amd64_gcc820/bin/../../../../../../../slc7_amd64_gcc820/lcg/root/6.14.09/include/TMatrixT.h:23,
                 from /cvmfs/cms.cern.ch/slc7_amd64_gcc820/cms/cmssw/CMSSW_10_6_4/external/slc7_amd64_gcc820/bin/../../../../../../../slc7_amd64_gcc820/lcg/root/6.14.09/include/TMatrixF.h:20,
                 from /cvmfs/cms.cern.ch/slc7_amd64_gcc820/cms/cmssw/CMSSW_10_6_4/external/slc7_amd64_gcc820/bin/../../../../../../../slc7_amd64_gcc820/lcg/root/6.14.09/include/TMatrix.h:23,
                 from /cvmfs/cms.cern.ch/slc7_amd64_gcc820/cms/cmssw/CMSSW_10_6_4/external/slc7_amd64_gcc820/bin/../../../../../../../slc7_amd64_gcc820/lcg/root/6.14.09/include/TVector3.h:16,
                 from /cvmfs/cms.cern.ch/slc7_amd64_gcc820/cms/cmssw/CMSSW_10_6_4/external/slc7_amd64_gcc820/bin/../../../../../../../slc7_amd64_gcc820/lcg/root/6.14.09/include/TLorentzVector.h:25,
                 from include/AnalyzerCore.h:4,
                 from include/JHAnalyzerBase.h:4,
                 from src/JHAnalyzerBase.C:1:
/cvmfs/cms.cern.ch/slc7_amd64_gcc820/external/gcc/8.2.0-pafccj/include/c++/8.3.1/bits/shared_ptr_base.h:1461:5: note: candidate: 'template<class _Tp, __gnu_cxx::_Lock_policy _Lp> bool std::operator<(std::nullptr_t, const std::__shared_ptr<_Tp, _Lp>&)'
     operator<(nullptr_t, const __shared_ptr<_Tp, _Lp>& __a) noexcept
     ^~~~~~~~
/cvmfs/cms.cern.ch/slc7_amd64_gcc820/external/gcc/8.2.0-pafccj/include/c++/8.3.1/bits/shared_ptr_base.h:1461:5: note:   template argument deduction/substitution failed:
src/JHAnalyzerBase.C:1029:45: note:   mismatched types 'const std::__shared_ptr<_Tp, _Lp>' and 'double'
   if(ElectronCollection[v_electronidx[1]] < ptmin2) return {};
                                             ^~~~~~
In file included from /cvmfs/cms.cern.ch/slc7_amd64_gcc820/external/gcc/8.2.0-pafccj/include/c++/8.3.1/memory:81,
                 from /cvmfs/cms.cern.ch/slc7_amd64_gcc820/cms/cmssw/CMSSW_10_6_4/external/slc7_amd64_gcc820/bin/../../../../../../../slc7_amd64_gcc820/lcg/root/6.14.09/include/ROOT/TypeTraits.hxx:15,
                 from /cvmfs/cms.cern.ch/slc7_amd64_gcc820/cms/cmssw/CMSSW_10_6_4/external/slc7_amd64_gcc820/bin/../../../../../../../slc7_amd64_gcc820/lcg/root/6.14.09/include/TString.h:29,
                 from /cvmfs/cms.cern.ch/slc7_amd64_gcc820/cms/cmssw/CMSSW_10_6_4/external/slc7_amd64_gcc820/bin/../../../../../../../slc7_amd64_gcc820/lcg/root/6.14.09/include/TNamed.h:26,
                 from /cvmfs/cms.cern.ch/slc7_amd64_gcc820/cms/cmssw/CMSSW_10_6_4/external/slc7_amd64_gcc820/bin/../../../../../../../slc7_amd64_gcc820/lcg/root/6.14.09/include/TMatrixTBase.h:70,
                 from /cvmfs/cms.cern.ch/slc7_amd64_gcc820/cms/cmssw/CMSSW_10_6_4/external/slc7_amd64_gcc820/bin/../../../../../../../slc7_amd64_gcc820/lcg/root/6.14.09/include/TMatrixT.h:23,
                 from /cvmfs/cms.cern.ch/slc7_amd64_gcc820/cms/cmssw/CMSSW_10_6_4/external/slc7_amd64_gcc820/bin/../../../../../../../slc7_amd64_gcc820/lcg/root/6.14.09/include/TMatrixF.h:20,
                 from /cvmfs/cms.cern.ch/slc7_amd64_gcc820/cms/cmssw/CMSSW_10_6_4/external/slc7_amd64_gcc820/bin/../../../../../../../slc7_amd64_gcc820/lcg/root/6.14.09/include/TMatrix.h:23,
                 from /cvmfs/cms.cern.ch/slc7_amd64_gcc820/cms/cmssw/CMSSW_10_6_4/external/slc7_amd64_gcc820/bin/../../../../../../../slc7_amd64_gcc820/lcg/root/6.14.09/include/TVector3.h:16,
                 from /cvmfs/cms.cern.ch/slc7_amd64_gcc820/cms/cmssw/CMSSW_10_6_4/external/slc7_amd64_gcc820/bin/../../../../../../../slc7_amd64_gcc820/lcg/root/6.14.09/include/TLorentzVector.h:25,
                 from include/AnalyzerCore.h:4,
                 from include/JHAnalyzerBase.h:4,
                 from src/JHAnalyzerBase.C:1:
/cvmfs/cms.cern.ch/slc7_amd64_gcc820/external/gcc/8.2.0-pafccj/include/c++/8.3.1/bits/shared_ptr.h:413:5: note: candidate: 'template<class _Tp, class _Up> bool std::operator<(const std::shared_ptr<_Tp>&, const std::shared_ptr<_Tp>&)'
     operator<(const shared_ptr<_Tp>& __a, const shared_ptr<_Up>& __b) noexcept
     ^~~~~~~~
/cvmfs/cms.cern.ch/slc7_amd64_gcc820/external/gcc/8.2.0-pafccj/include/c++/8.3.1/bits/shared_ptr.h:413:5: note:   template argument deduction/substitution failed:
src/JHAnalyzerBase.C:1029:45: note:   'const value_type' {aka 'const Electron'} is not derived from 'const std::shared_ptr<_Tp>'
   if(ElectronCollection[v_electronidx[1]] < ptmin2) return {};
                                             ^~~~~~
In file included from /cvmfs/cms.cern.ch/slc7_amd64_gcc820/external/gcc/8.2.0-pafccj/include/c++/8.3.1/memory:81,
                 from /cvmfs/cms.cern.ch/slc7_amd64_gcc820/cms/cmssw/CMSSW_10_6_4/external/slc7_amd64_gcc820/bin/../../../../../../../slc7_amd64_gcc820/lcg/root/6.14.09/include/ROOT/TypeTraits.hxx:15,
                 from /cvmfs/cms.cern.ch/slc7_amd64_gcc820/cms/cmssw/CMSSW_10_6_4/external/slc7_amd64_gcc820/bin/../../../../../../../slc7_amd64_gcc820/lcg/root/6.14.09/include/TString.h:29,
                 from /cvmfs/cms.cern.ch/slc7_amd64_gcc820/cms/cmssw/CMSSW_10_6_4/external/slc7_amd64_gcc820/bin/../../../../../../../slc7_amd64_gcc820/lcg/root/6.14.09/include/TNamed.h:26,
                 from /cvmfs/cms.cern.ch/slc7_amd64_gcc820/cms/cmssw/CMSSW_10_6_4/external/slc7_amd64_gcc820/bin/../../../../../../../slc7_amd64_gcc820/lcg/root/6.14.09/include/TMatrixTBase.h:70,
                 from /cvmfs/cms.cern.ch/slc7_amd64_gcc820/cms/cmssw/CMSSW_10_6_4/external/slc7_amd64_gcc820/bin/../../../../../../../slc7_amd64_gcc820/lcg/root/6.14.09/include/TMatrixT.h:23,
                 from /cvmfs/cms.cern.ch/slc7_amd64_gcc820/cms/cmssw/CMSSW_10_6_4/external/slc7_amd64_gcc820/bin/../../../../../../../slc7_amd64_gcc820/lcg/root/6.14.09/include/TMatrixF.h:20,
                 from /cvmfs/cms.cern.ch/slc7_amd64_gcc820/cms/cmssw/CMSSW_10_6_4/external/slc7_amd64_gcc820/bin/../../../../../../../slc7_amd64_gcc820/lcg/root/6.14.09/include/TMatrix.h:23,
                 from /cvmfs/cms.cern.ch/slc7_amd64_gcc820/cms/cmssw/CMSSW_10_6_4/external/slc7_amd64_gcc820/bin/../../../../../../../slc7_amd64_gcc820/lcg/root/6.14.09/include/TVector3.h:16,
                 from /cvmfs/cms.cern.ch/slc7_amd64_gcc820/cms/cmssw/CMSSW_10_6_4/external/slc7_amd64_gcc820/bin/../../../../../../../slc7_amd64_gcc820/lcg/root/6.14.09/include/TLorentzVector.h:25,
                 from include/AnalyzerCore.h:4,
                 from include/JHAnalyzerBase.h:4,
                 from src/JHAnalyzerBase.C:1:
/cvmfs/cms.cern.ch/slc7_amd64_gcc820/external/gcc/8.2.0-pafccj/include/c++/8.3.1/bits/shared_ptr.h:423:5: note: candidate: 'template<class _Tp> bool std::operator<(const std::shared_ptr<_Tp>&, std::nullptr_t)'
     operator<(const shared_ptr<_Tp>& __a, nullptr_t) noexcept
     ^~~~~~~~
/cvmfs/cms.cern.ch/slc7_amd64_gcc820/external/gcc/8.2.0-pafccj/include/c++/8.3.1/bits/shared_ptr.h:423:5: note:   template argument deduction/substitution failed:
src/JHAnalyzerBase.C:1029:45: note:   'const value_type' {aka 'const Electron'} is not derived from 'const std::shared_ptr<_Tp>'
   if(ElectronCollection[v_electronidx[1]] < ptmin2) return {};
                                             ^~~~~~
In file included from /cvmfs/cms.cern.ch/slc7_amd64_gcc820/external/gcc/8.2.0-pafccj/include/c++/8.3.1/memory:81,
                 from /cvmfs/cms.cern.ch/slc7_amd64_gcc820/cms/cmssw/CMSSW_10_6_4/external/slc7_amd64_gcc820/bin/../../../../../../../slc7_amd64_gcc820/lcg/root/6.14.09/include/ROOT/TypeTraits.hxx:15,
                 from /cvmfs/cms.cern.ch/slc7_amd64_gcc820/cms/cmssw/CMSSW_10_6_4/external/slc7_amd64_gcc820/bin/../../../../../../../slc7_amd64_gcc820/lcg/root/6.14.09/include/TString.h:29,
                 from /cvmfs/cms.cern.ch/slc7_amd64_gcc820/cms/cmssw/CMSSW_10_6_4/external/slc7_amd64_gcc820/bin/../../../../../../../slc7_amd64_gcc820/lcg/root/6.14.09/include/TNamed.h:26,
                 from /cvmfs/cms.cern.ch/slc7_amd64_gcc820/cms/cmssw/CMSSW_10_6_4/external/slc7_amd64_gcc820/bin/../../../../../../../slc7_amd64_gcc820/lcg/root/6.14.09/include/TMatrixTBase.h:70,
                 from /cvmfs/cms.cern.ch/slc7_amd64_gcc820/cms/cmssw/CMSSW_10_6_4/external/slc7_amd64_gcc820/bin/../../../../../../../slc7_amd64_gcc820/lcg/root/6.14.09/include/TMatrixT.h:23,
                 from /cvmfs/cms.cern.ch/slc7_amd64_gcc820/cms/cmssw/CMSSW_10_6_4/external/slc7_amd64_gcc820/bin/../../../../../../../slc7_amd64_gcc820/lcg/root/6.14.09/include/TMatrixF.h:20,
                 from /cvmfs/cms.cern.ch/slc7_amd64_gcc820/cms/cmssw/CMSSW_10_6_4/external/slc7_amd64_gcc820/bin/../../../../../../../slc7_amd64_gcc820/lcg/root/6.14.09/include/TMatrix.h:23,
                 from /cvmfs/cms.cern.ch/slc7_amd64_gcc820/cms/cmssw/CMSSW_10_6_4/external/slc7_amd64_gcc820/bin/../../../../../../../slc7_amd64_gcc820/lcg/root/6.14.09/include/TVector3.h:16,
                 from /cvmfs/cms.cern.ch/slc7_amd64_gcc820/cms/cmssw/CMSSW_10_6_4/external/slc7_amd64_gcc820/bin/../../../../../../../slc7_amd64_gcc820/lcg/root/6.14.09/include/TLorentzVector.h:25,
                 from include/AnalyzerCore.h:4,
                 from include/JHAnalyzerBase.h:4,
                 from src/JHAnalyzerBase.C:1:
/cvmfs/cms.cern.ch/slc7_amd64_gcc820/external/gcc/8.2.0-pafccj/include/c++/8.3.1/bits/shared_ptr.h:431:5: note: candidate: 'template<class _Tp> bool std::operator<(std::nullptr_t, const std::shared_ptr<_Tp>&)'
     operator<(nullptr_t, const shared_ptr<_Tp>& __a) noexcept
     ^~~~~~~~
/cvmfs/cms.cern.ch/slc7_amd64_gcc820/external/gcc/8.2.0-pafccj/include/c++/8.3.1/bits/shared_ptr.h:431:5: note:   template argument deduction/substitution failed:
src/JHAnalyzerBase.C:1029:45: note:   mismatched types 'const std::shared_ptr<_Tp>' and 'double'
   if(ElectronCollection[v_electronidx[1]] < ptmin2) return {};
                                             ^~~~~~
In file included from /cvmfs/cms.cern.ch/slc7_amd64_gcc820/external/gcc/8.2.0-pafccj/include/c++/8.3.1/bits/ios_base.h:46,
                 from /cvmfs/cms.cern.ch/slc7_amd64_gcc820/external/gcc/8.2.0-pafccj/include/c++/8.3.1/ios:42,
                 from /cvmfs/cms.cern.ch/slc7_amd64_gcc820/external/gcc/8.2.0-pafccj/include/c++/8.3.1/ostream:38,
                 from /cvmfs/cms.cern.ch/slc7_amd64_gcc820/external/gcc/8.2.0-pafccj/include/c++/8.3.1/iterator:64,
                 from /cvmfs/cms.cern.ch/slc7_amd64_gcc820/cms/cmssw/CMSSW_10_6_4/external/slc7_amd64_gcc820/bin/../../../../../../../slc7_amd64_gcc820/lcg/root/6.14.09/include/ROOT/span.hxx:27,
                 from /cvmfs/cms.cern.ch/slc7_amd64_gcc820/cms/cmssw/CMSSW_10_6_4/external/slc7_amd64_gcc820/bin/../../../../../../../slc7_amd64_gcc820/lcg/root/6.14.09/include/ROOT/RSpan.hxx:33,
                 from /cvmfs/cms.cern.ch/slc7_amd64_gcc820/cms/cmssw/CMSSW_10_6_4/external/slc7_amd64_gcc820/bin/../../../../../../../slc7_amd64_gcc820/lcg/root/6.14.09/include/ROOT/TypeTraits.hxx:18,
                 from /cvmfs/cms.cern.ch/slc7_amd64_gcc820/cms/cmssw/CMSSW_10_6_4/external/slc7_amd64_gcc820/bin/../../../../../../../slc7_amd64_gcc820/lcg/root/6.14.09/include/TString.h:29,
                 from /cvmfs/cms.cern.ch/slc7_amd64_gcc820/cms/cmssw/CMSSW_10_6_4/external/slc7_amd64_gcc820/bin/../../../../../../../slc7_amd64_gcc820/lcg/root/6.14.09/include/TNamed.h:26,
                 from /cvmfs/cms.cern.ch/slc7_amd64_gcc820/cms/cmssw/CMSSW_10_6_4/external/slc7_amd64_gcc820/bin/../../../../../../../slc7_amd64_gcc820/lcg/root/6.14.09/include/TMatrixTBase.h:70,
                 from /cvmfs/cms.cern.ch/slc7_amd64_gcc820/cms/cmssw/CMSSW_10_6_4/external/slc7_amd64_gcc820/bin/../../../../../../../slc7_amd64_gcc820/lcg/root/6.14.09/include/TMatrixT.h:23,
                 from /cvmfs/cms.cern.ch/slc7_amd64_gcc820/cms/cmssw/CMSSW_10_6_4/external/slc7_amd64_gcc820/bin/../../../../../../../slc7_amd64_gcc820/lcg/root/6.14.09/include/TMatrixF.h:20,
                 from /cvmfs/cms.cern.ch/slc7_amd64_gcc820/cms/cmssw/CMSSW_10_6_4/external/slc7_amd64_gcc820/bin/../../../../../../../slc7_amd64_gcc820/lcg/root/6.14.09/include/TMatrix.h:23,
                 from /cvmfs/cms.cern.ch/slc7_amd64_gcc820/cms/cmssw/CMSSW_10_6_4/external/slc7_amd64_gcc820/bin/../../../../../../../slc7_amd64_gcc820/lcg/root/6.14.09/include/TVector3.h:16,
                 from /cvmfs/cms.cern.ch/slc7_amd64_gcc820/cms/cmssw/CMSSW_10_6_4/external/slc7_amd64_gcc820/bin/../../../../../../../slc7_amd64_gcc820/lcg/root/6.14.09/include/TLorentzVector.h:25,
                 from include/AnalyzerCore.h:4,
                 from include/JHAnalyzerBase.h:4,
                 from src/JHAnalyzerBase.C:1:
/cvmfs/cms.cern.ch/slc7_amd64_gcc820/external/gcc/8.2.0-pafccj/include/c++/8.3.1/system_error:208:3: note: candidate: 'bool std::operator<(const std::error_code&, const std::error_code&)'
   operator<(const error_code& __lhs, const error_code& __rhs) noexcept
   ^~~~~~~~
/cvmfs/cms.cern.ch/slc7_amd64_gcc820/external/gcc/8.2.0-pafccj/include/c++/8.3.1/system_error:208:3: note:   no known conversion for argument 1 from 'const value_type' {aka 'const Electron'} to 'const std::error_code&'
/cvmfs/cms.cern.ch/slc7_amd64_gcc820/external/gcc/8.2.0-pafccj/include/c++/8.3.1/system_error:282:3: note: candidate: 'bool std::operator<(const std::error_condition&, const std::error_condition&)'
   operator<(const error_condition& __lhs,
   ^~~~~~~~
/cvmfs/cms.cern.ch/slc7_amd64_gcc820/external/gcc/8.2.0-pafccj/include/c++/8.3.1/system_error:282:3: note:   no known conversion for argument 1 from 'const value_type' {aka 'const Electron'} to 'const std::error_condition&'
In file included from /cvmfs/cms.cern.ch/slc7_amd64_gcc820/external/gcc/8.2.0-pafccj/include/c++/8.3.1/bits/node_handle.h:39,
                 from /cvmfs/cms.cern.ch/slc7_amd64_gcc820/external/gcc/8.2.0-pafccj/include/c++/8.3.1/bits/stl_tree.h:72,
                 from /cvmfs/cms.cern.ch/slc7_amd64_gcc820/external/gcc/8.2.0-pafccj/include/c++/8.3.1/map:60,
                 from /cvmfs/cms.cern.ch/slc7_amd64_gcc820/cms/cmssw/CMSSW_10_6_4/external/slc7_amd64_gcc820/bin/../../../../../../../slc7_amd64_gcc820/lcg/root/6.14.09/include/TClass.h:28,
                 from /cvmfs/cms.cern.ch/slc7_amd64_gcc820/cms/cmssw/CMSSW_10_6_4/external/slc7_amd64_gcc820/bin/../../../../../../../slc7_amd64_gcc820/lcg/root/6.14.09/include/TKey.h:18,
                 from /cvmfs/cms.cern.ch/slc7_amd64_gcc820/cms/cmssw/CMSSW_10_6_4/external/slc7_amd64_gcc820/bin/../../../../../../../slc7_amd64_gcc820/lcg/root/6.14.09/include/TBasket.h:28,
                 from /cvmfs/cms.cern.ch/slc7_amd64_gcc820/cms/cmssw/CMSSW_10_6_4/external/slc7_amd64_gcc820/bin/../../../../../../../slc7_amd64_gcc820/lcg/root/6.14.09/include/ROOT/TIOFeatures.hxx:14,
                 from /cvmfs/cms.cern.ch/slc7_amd64_gcc820/cms/cmssw/CMSSW_10_6_4/external/slc7_amd64_gcc820/bin/../../../../../../../slc7_amd64_gcc820/lcg/root/6.14.09/include/TTree.h:29,
                 from /cvmfs/cms.cern.ch/slc7_amd64_gcc820/cms/cmssw/CMSSW_10_6_4/external/slc7_amd64_gcc820/bin/../../../../../../../slc7_amd64_gcc820/lcg/root/6.14.09/include/TChain.h:24,
                 from include/SKFlatNtuple.h:5,
                 from include/AnalyzerCore.h:10,
                 from include/JHAnalyzerBase.h:4,
                 from src/JHAnalyzerBase.C:1:
/cvmfs/cms.cern.ch/slc7_amd64_gcc820/external/gcc/8.2.0-pafccj/include/c++/8.3.1/optional:1297:5: note: candidate: 'template<class _Tp, class _Up> constexpr std::__optional_relop_t<decltype ((declval<_Tp>() < declval<_Up>()))> std::operator<(const std::optional<_Tp>&, const std::optional<_Up>&)'
     operator<(const optional<_Tp>& __lhs, const optional<_Up>& __rhs)
     ^~~~~~~~
/cvmfs/cms.cern.ch/slc7_amd64_gcc820/external/gcc/8.2.0-pafccj/include/c++/8.3.1/optional:1297:5: note:   template argument deduction/substitution failed:
src/JHAnalyzerBase.C:1029:45: note:   'const value_type' {aka 'const Electron'} is not derived from 'const std::optional<_Tp>'
   if(ElectronCollection[v_electronidx[1]] < ptmin2) return {};
                                             ^~~~~~
In file included from /cvmfs/cms.cern.ch/slc7_amd64_gcc820/external/gcc/8.2.0-pafccj/include/c++/8.3.1/bits/node_handle.h:39,
                 from /cvmfs/cms.cern.ch/slc7_amd64_gcc820/external/gcc/8.2.0-pafccj/include/c++/8.3.1/bits/stl_tree.h:72,
                 from /cvmfs/cms.cern.ch/slc7_amd64_gcc820/external/gcc/8.2.0-pafccj/include/c++/8.3.1/map:60,
                 from /cvmfs/cms.cern.ch/slc7_amd64_gcc820/cms/cmssw/CMSSW_10_6_4/external/slc7_amd64_gcc820/bin/../../../../../../../slc7_amd64_gcc820/lcg/root/6.14.09/include/TClass.h:28,
                 from /cvmfs/cms.cern.ch/slc7_amd64_gcc820/cms/cmssw/CMSSW_10_6_4/external/slc7_amd64_gcc820/bin/../../../../../../../slc7_amd64_gcc820/lcg/root/6.14.09/include/TKey.h:18,
                 from /cvmfs/cms.cern.ch/slc7_amd64_gcc820/cms/cmssw/CMSSW_10_6_4/external/slc7_amd64_gcc820/bin/../../../../../../../slc7_amd64_gcc820/lcg/root/6.14.09/include/TBasket.h:28,
                 from /cvmfs/cms.cern.ch/slc7_amd64_gcc820/cms/cmssw/CMSSW_10_6_4/external/slc7_amd64_gcc820/bin/../../../../../../../slc7_amd64_gcc820/lcg/root/6.14.09/include/ROOT/TIOFeatures.hxx:14,
                 from /cvmfs/cms.cern.ch/slc7_amd64_gcc820/cms/cmssw/CMSSW_10_6_4/external/slc7_amd64_gcc820/bin/../../../../../../../slc7_amd64_gcc820/lcg/root/6.14.09/include/TTree.h:29,
                 from /cvmfs/cms.cern.ch/slc7_amd64_gcc820/cms/cmssw/CMSSW_10_6_4/external/slc7_amd64_gcc820/bin/../../../../../../../slc7_amd64_gcc820/lcg/root/6.14.09/include/TChain.h:24,
                 from include/SKFlatNtuple.h:5,
                 from include/AnalyzerCore.h:10,
                 from include/JHAnalyzerBase.h:4,
                 from src/JHAnalyzerBase.C:1:
/cvmfs/cms.cern.ch/slc7_amd64_gcc820/external/gcc/8.2.0-pafccj/include/c++/8.3.1/optional:1350:5: note: candidate: 'template<class _Tp> constexpr bool std::operator<(const std::optional<_Tp>&, std::nullopt_t)'
     operator<(const optional<_Tp>& /* __lhs */, nullopt_t) noexcept
     ^~~~~~~~
/cvmfs/cms.cern.ch/slc7_amd64_gcc820/external/gcc/8.2.0-pafccj/include/c++/8.3.1/optional:1350:5: note:   template argument deduction/substitution failed:
src/JHAnalyzerBase.C:1029:45: note:   'const value_type' {aka 'const Electron'} is not derived from 'const std::optional<_Tp>'
   if(ElectronCollection[v_electronidx[1]] < ptmin2) return {};
                                             ^~~~~~
In file included from /cvmfs/cms.cern.ch/slc7_amd64_gcc820/external/gcc/8.2.0-pafccj/include/c++/8.3.1/bits/node_handle.h:39,
                 from /cvmfs/cms.cern.ch/slc7_amd64_gcc820/external/gcc/8.2.0-pafccj/include/c++/8.3.1/bits/stl_tree.h:72,
                 from /cvmfs/cms.cern.ch/slc7_amd64_gcc820/external/gcc/8.2.0-pafccj/include/c++/8.3.1/map:60,
                 from /cvmfs/cms.cern.ch/slc7_amd64_gcc820/cms/cmssw/CMSSW_10_6_4/external/slc7_amd64_gcc820/bin/../../../../../../../slc7_amd64_gcc820/lcg/root/6.14.09/include/TClass.h:28,
                 from /cvmfs/cms.cern.ch/slc7_amd64_gcc820/cms/cmssw/CMSSW_10_6_4/external/slc7_amd64_gcc820/bin/../../../../../../../slc7_amd64_gcc820/lcg/root/6.14.09/include/TKey.h:18,
                 from /cvmfs/cms.cern.ch/slc7_amd64_gcc820/cms/cmssw/CMSSW_10_6_4/external/slc7_amd64_gcc820/bin/../../../../../../../slc7_amd64_gcc820/lcg/root/6.14.09/include/TBasket.h:28,
                 from /cvmfs/cms.cern.ch/slc7_amd64_gcc820/cms/cmssw/CMSSW_10_6_4/external/slc7_amd64_gcc820/bin/../../../../../../../slc7_amd64_gcc820/lcg/root/6.14.09/include/ROOT/TIOFeatures.hxx:14,
                 from /cvmfs/cms.cern.ch/slc7_amd64_gcc820/cms/cmssw/CMSSW_10_6_4/external/slc7_amd64_gcc820/bin/../../../../../../../slc7_amd64_gcc820/lcg/root/6.14.09/include/TTree.h:29,
                 from /cvmfs/cms.cern.ch/slc7_amd64_gcc820/cms/cmssw/CMSSW_10_6_4/external/slc7_amd64_gcc820/bin/../../../../../../../slc7_amd64_gcc820/lcg/root/6.14.09/include/TChain.h:24,
                 from include/SKFlatNtuple.h:5,
                 from include/AnalyzerCore.h:10,
                 from include/JHAnalyzerBase.h:4,
                 from src/JHAnalyzerBase.C:1:
/cvmfs/cms.cern.ch/slc7_amd64_gcc820/external/gcc/8.2.0-pafccj/include/c++/8.3.1/optional:1355:5: note: candidate: 'template<class _Tp> constexpr bool std::operator<(std::nullopt_t, const std::optional<_Tp>&)'
     operator<(nullopt_t, const optional<_Tp>& __rhs) noexcept
     ^~~~~~~~
/cvmfs/cms.cern.ch/slc7_amd64_gcc820/external/gcc/8.2.0-pafccj/include/c++/8.3.1/optional:1355:5: note:   template argument deduction/substitution failed:
src/JHAnalyzerBase.C:1029:45: note:   mismatched types 'const std::optional<_Tp>' and 'double'
   if(ElectronCollection[v_electronidx[1]] < ptmin2) return {};
                                             ^~~~~~
In file included from /cvmfs/cms.cern.ch/slc7_amd64_gcc820/external/gcc/8.2.0-pafccj/include/c++/8.3.1/bits/node_handle.h:39,
                 from /cvmfs/cms.cern.ch/slc7_amd64_gcc820/external/gcc/8.2.0-pafccj/include/c++/8.3.1/bits/stl_tree.h:72,
                 from /cvmfs/cms.cern.ch/slc7_amd64_gcc820/external/gcc/8.2.0-pafccj/include/c++/8.3.1/map:60,
                 from /cvmfs/cms.cern.ch/slc7_amd64_gcc820/cms/cmssw/CMSSW_10_6_4/external/slc7_amd64_gcc820/bin/../../../../../../../slc7_amd64_gcc820/lcg/root/6.14.09/include/TClass.h:28,
                 from /cvmfs/cms.cern.ch/slc7_amd64_gcc820/cms/cmssw/CMSSW_10_6_4/external/slc7_amd64_gcc820/bin/../../../../../../../slc7_amd64_gcc820/lcg/root/6.14.09/include/TKey.h:18,
                 from /cvmfs/cms.cern.ch/slc7_amd64_gcc820/cms/cmssw/CMSSW_10_6_4/external/slc7_amd64_gcc820/bin/../../../../../../../slc7_amd64_gcc820/lcg/root/6.14.09/include/TBasket.h:28,
                 from /cvmfs/cms.cern.ch/slc7_amd64_gcc820/cms/cmssw/CMSSW_10_6_4/external/slc7_amd64_gcc820/bin/../../../../../../../slc7_amd64_gcc820/lcg/root/6.14.09/include/ROOT/TIOFeatures.hxx:14,
                 from /cvmfs/cms.cern.ch/slc7_amd64_gcc820/cms/cmssw/CMSSW_10_6_4/external/slc7_amd64_gcc820/bin/../../../../../../../slc7_amd64_gcc820/lcg/root/6.14.09/include/TTree.h:29,
                 from /cvmfs/cms.cern.ch/slc7_amd64_gcc820/cms/cmssw/CMSSW_10_6_4/external/slc7_amd64_gcc820/bin/../../../../../../../slc7_amd64_gcc820/lcg/root/6.14.09/include/TChain.h:24,
                 from include/SKFlatNtuple.h:5,
                 from include/AnalyzerCore.h:10,
                 from include/JHAnalyzerBase.h:4,
                 from src/JHAnalyzerBase.C:1:
/cvmfs/cms.cern.ch/slc7_amd64_gcc820/external/gcc/8.2.0-pafccj/include/c++/8.3.1/optional:1415:5: note: candidate: 'template<class _Tp, class _Up> constexpr std::__optional_relop_t<decltype ((declval<_Tp>() < declval<_Up>()))> std::operator<(const std::optional<_Tp>&, const _Up&)'
     operator<(const optional<_Tp>& __lhs, const _Up& __rhs)
     ^~~~~~~~
/cvmfs/cms.cern.ch/slc7_amd64_gcc820/external/gcc/8.2.0-pafccj/include/c++/8.3.1/optional:1415:5: note:   template argument deduction/substitution failed:
src/JHAnalyzerBase.C:1029:45: note:   'const value_type' {aka 'const Electron'} is not derived from 'const std::optional<_Tp>'
   if(ElectronCollection[v_electronidx[1]] < ptmin2) return {};
                                             ^~~~~~
In file included from /cvmfs/cms.cern.ch/slc7_amd64_gcc820/external/gcc/8.2.0-pafccj/include/c++/8.3.1/bits/node_handle.h:39,
                 from /cvmfs/cms.cern.ch/slc7_amd64_gcc820/external/gcc/8.2.0-pafccj/include/c++/8.3.1/bits/stl_tree.h:72,
                 from /cvmfs/cms.cern.ch/slc7_amd64_gcc820/external/gcc/8.2.0-pafccj/include/c++/8.3.1/map:60,
                 from /cvmfs/cms.cern.ch/slc7_amd64_gcc820/cms/cmssw/CMSSW_10_6_4/external/slc7_amd64_gcc820/bin/../../../../../../../slc7_amd64_gcc820/lcg/root/6.14.09/include/TClass.h:28,
                 from /cvmfs/cms.cern.ch/slc7_amd64_gcc820/cms/cmssw/CMSSW_10_6_4/external/slc7_amd64_gcc820/bin/../../../../../../../slc7_amd64_gcc820/lcg/root/6.14.09/include/TKey.h:18,
                 from /cvmfs/cms.cern.ch/slc7_amd64_gcc820/cms/cmssw/CMSSW_10_6_4/external/slc7_amd64_gcc820/bin/../../../../../../../slc7_amd64_gcc820/lcg/root/6.14.09/include/TBasket.h:28,
                 from /cvmfs/cms.cern.ch/slc7_amd64_gcc820/cms/cmssw/CMSSW_10_6_4/external/slc7_amd64_gcc820/bin/../../../../../../../slc7_amd64_gcc820/lcg/root/6.14.09/include/ROOT/TIOFeatures.hxx:14,
                 from /cvmfs/cms.cern.ch/slc7_amd64_gcc820/cms/cmssw/CMSSW_10_6_4/external/slc7_amd64_gcc820/bin/../../../../../../../slc7_amd64_gcc820/lcg/root/6.14.09/include/TTree.h:29,
                 from /cvmfs/cms.cern.ch/slc7_amd64_gcc820/cms/cmssw/CMSSW_10_6_4/external/slc7_amd64_gcc820/bin/../../../../../../../slc7_amd64_gcc820/lcg/root/6.14.09/include/TChain.h:24,
                 from include/SKFlatNtuple.h:5,
                 from include/AnalyzerCore.h:10,
                 from include/JHAnalyzerBase.h:4,
                 from src/JHAnalyzerBase.C:1:
/cvmfs/cms.cern.ch/slc7_amd64_gcc820/external/gcc/8.2.0-pafccj/include/c++/8.3.1/optional:1421:5: note: candidate: 'template<class _Tp, class _Up> constexpr std::__optional_relop_t<decltype ((declval<_Up>() < declval<_Tp>()))> std::operator<(const _Up&, const std::optional<_Tp>&)'
     operator<(const _Up& __lhs, const optional<_Tp>& __rhs)
     ^~~~~~~~
/cvmfs/cms.cern.ch/slc7_amd64_gcc820/external/gcc/8.2.0-pafccj/include/c++/8.3.1/optional:1421:5: note:   template argument deduction/substitution failed:
src/JHAnalyzerBase.C:1029:45: note:   mismatched types 'const std::optional<_Tp>' and 'double'
   if(ElectronCollection[v_electronidx[1]] < ptmin2) return {};
                                             ^~~~~~
In file included from /cvmfs/cms.cern.ch/slc7_amd64_gcc820/external/gcc/8.2.0-pafccj/include/c++/8.3.1/map:60,
                 from /cvmfs/cms.cern.ch/slc7_amd64_gcc820/cms/cmssw/CMSSW_10_6_4/external/slc7_amd64_gcc820/bin/../../../../../../../slc7_amd64_gcc820/lcg/root/6.14.09/include/TClass.h:28,
                 from /cvmfs/cms.cern.ch/slc7_amd64_gcc820/cms/cmssw/CMSSW_10_6_4/external/slc7_amd64_gcc820/bin/../../../../../../../slc7_amd64_gcc820/lcg/root/6.14.09/include/TKey.h:18,
                 from /cvmfs/cms.cern.ch/slc7_amd64_gcc820/cms/cmssw/CMSSW_10_6_4/external/slc7_amd64_gcc820/bin/../../../../../../../slc7_amd64_gcc820/lcg/root/6.14.09/include/TBasket.h:28,
                 from /cvmfs/cms.cern.ch/slc7_amd64_gcc820/cms/cmssw/CMSSW_10_6_4/external/slc7_amd64_gcc820/bin/../../../../../../../slc7_amd64_gcc820/lcg/root/6.14.09/include/ROOT/TIOFeatures.hxx:14,
                 from /cvmfs/cms.cern.ch/slc7_amd64_gcc820/cms/cmssw/CMSSW_10_6_4/external/slc7_amd64_gcc820/bin/../../../../../../../slc7_amd64_gcc820/lcg/root/6.14.09/include/TTree.h:29,
                 from /cvmfs/cms.cern.ch/slc7_amd64_gcc820/cms/cmssw/CMSSW_10_6_4/external/slc7_amd64_gcc820/bin/../../../../../../../slc7_amd64_gcc820/lcg/root/6.14.09/include/TChain.h:24,
                 from include/SKFlatNtuple.h:5,
                 from include/AnalyzerCore.h:10,
                 from include/JHAnalyzerBase.h:4,
                 from src/JHAnalyzerBase.C:1:
/cvmfs/cms.cern.ch/slc7_amd64_gcc820/external/gcc/8.2.0-pafccj/include/c++/8.3.1/bits/stl_tree.h:1559:5: note: candidate: 'template<class _Key, class _Val, class _KeyOfValue, class _Compare, class _Alloc> bool std::operator<(const std::_Rb_tree<_Key, _Val, _KeyOfValue, _Compare, _Alloc>&, const std::_Rb_tree<_Key, _Val, _KeyOfValue, _Compare, _Alloc>&)'
     operator<(const _Rb_tree<_Key, _Val, _KeyOfValue, _Compare, _Alloc>& __x,
     ^~~~~~~~
/cvmfs/cms.cern.ch/slc7_amd64_gcc820/external/gcc/8.2.0-pafccj/include/c++/8.3.1/bits/stl_tree.h:1559:5: note:   template argument deduction/substitution failed:
src/JHAnalyzerBase.C:1029:45: note:   'const value_type' {aka 'const Electron'} is not derived from 'const std::_Rb_tree<_Key, _Val, _KeyOfValue, _Compare, _Alloc>'
   if(ElectronCollection[v_electronidx[1]] < ptmin2) return {};
                                             ^~~~~~
In file included from /cvmfs/cms.cern.ch/slc7_amd64_gcc820/external/gcc/8.2.0-pafccj/include/c++/8.3.1/map:61,
                 from /cvmfs/cms.cern.ch/slc7_amd64_gcc820/cms/cmssw/CMSSW_10_6_4/external/slc7_amd64_gcc820/bin/../../../../../../../slc7_amd64_gcc820/lcg/root/6.14.09/include/TClass.h:28,
                 from /cvmfs/cms.cern.ch/slc7_amd64_gcc820/cms/cmssw/CMSSW_10_6_4/external/slc7_amd64_gcc820/bin/../../../../../../../slc7_amd64_gcc820/lcg/root/6.14.09/include/TKey.h:18,
                 from /cvmfs/cms.cern.ch/slc7_amd64_gcc820/cms/cmssw/CMSSW_10_6_4/external/slc7_amd64_gcc820/bin/../../../../../../../slc7_amd64_gcc820/lcg/root/6.14.09/include/TBasket.h:28,
                 from /cvmfs/cms.cern.ch/slc7_amd64_gcc820/cms/cmssw/CMSSW_10_6_4/external/slc7_amd64_gcc820/bin/../../../../../../../slc7_amd64_gcc820/lcg/root/6.14.09/include/ROOT/TIOFeatures.hxx:14,
                 from /cvmfs/cms.cern.ch/slc7_amd64_gcc820/cms/cmssw/CMSSW_10_6_4/external/slc7_amd64_gcc820/bin/../../../../../../../slc7_amd64_gcc820/lcg/root/6.14.09/include/TTree.h:29,
                 from /cvmfs/cms.cern.ch/slc7_amd64_gcc820/cms/cmssw/CMSSW_10_6_4/external/slc7_amd64_gcc820/bin/../../../../../../../slc7_amd64_gcc820/lcg/root/6.14.09/include/TChain.h:24,
                 from include/SKFlatNtuple.h:5,
                 from include/AnalyzerCore.h:10,
                 from include/JHAnalyzerBase.h:4,
                 from src/JHAnalyzerBase.C:1:
/cvmfs/cms.cern.ch/slc7_amd64_gcc820/external/gcc/8.2.0-pafccj/include/c++/8.3.1/bits/stl_map.h:1451:5: note: candidate: 'template<class _Key, class _Tp, class _Compare, class _Alloc> bool std::operator<(const std::map<_Key, _Tp, _Compare, _Allocator>&, const std::map<_Key, _Tp, _Compare, _Allocator>&)'
     operator<(const map<_Key, _Tp, _Compare, _Alloc>& __x,
     ^~~~~~~~
/cvmfs/cms.cern.ch/slc7_amd64_gcc820/external/gcc/8.2.0-pafccj/include/c++/8.3.1/bits/stl_map.h:1451:5: note:   template argument deduction/substitution failed:
src/JHAnalyzerBase.C:1029:45: note:   'const value_type' {aka 'const Electron'} is not derived from 'const std::map<_Key, _Tp, _Compare, _Allocator>'
   if(ElectronCollection[v_electronidx[1]] < ptmin2) return {};
                                             ^~~~~~
In file included from /cvmfs/cms.cern.ch/slc7_amd64_gcc820/external/gcc/8.2.0-pafccj/include/c++/8.3.1/map:62,
                 from /cvmfs/cms.cern.ch/slc7_amd64_gcc820/cms/cmssw/CMSSW_10_6_4/external/slc7_amd64_gcc820/bin/../../../../../../../slc7_amd64_gcc820/lcg/root/6.14.09/include/TClass.h:28,
                 from /cvmfs/cms.cern.ch/slc7_amd64_gcc820/cms/cmssw/CMSSW_10_6_4/external/slc7_amd64_gcc820/bin/../../../../../../../slc7_amd64_gcc820/lcg/root/6.14.09/include/TKey.h:18,
                 from /cvmfs/cms.cern.ch/slc7_amd64_gcc820/cms/cmssw/CMSSW_10_6_4/external/slc7_amd64_gcc820/bin/../../../../../../../slc7_amd64_gcc820/lcg/root/6.14.09/include/TBasket.h:28,
                 from /cvmfs/cms.cern.ch/slc7_amd64_gcc820/cms/cmssw/CMSSW_10_6_4/external/slc7_amd64_gcc820/bin/../../../../../../../slc7_amd64_gcc820/lcg/root/6.14.09/include/ROOT/TIOFeatures.hxx:14,
                 from /cvmfs/cms.cern.ch/slc7_amd64_gcc820/cms/cmssw/CMSSW_10_6_4/external/slc7_amd64_gcc820/bin/../../../../../../../slc7_amd64_gcc820/lcg/root/6.14.09/include/TTree.h:29,
                 from /cvmfs/cms.cern.ch/slc7_amd64_gcc820/cms/cmssw/CMSSW_10_6_4/external/slc7_amd64_gcc820/bin/../../../../../../../slc7_amd64_gcc820/lcg/root/6.14.09/include/TChain.h:24,
                 from include/SKFlatNtuple.h:5,
                 from include/AnalyzerCore.h:10,
                 from include/JHAnalyzerBase.h:4,
                 from src/JHAnalyzerBase.C:1:
/cvmfs/cms.cern.ch/slc7_amd64_gcc820/external/gcc/8.2.0-pafccj/include/c++/8.3.1/bits/stl_multimap.h:1115:5: note: candidate: 'template<class _Key, class _Tp, class _Compare, class _Alloc> bool std::operator<(const std::multimap<_Key, _Tp, _Compare, _Allocator>&, const std::multimap<_Key, _Tp, _Compare, _Allocator>&)'
     operator<(const multimap<_Key, _Tp, _Compare, _Alloc>& __x,
     ^~~~~~~~
/cvmfs/cms.cern.ch/slc7_amd64_gcc820/external/gcc/8.2.0-pafccj/include/c++/8.3.1/bits/stl_multimap.h:1115:5: note:   template argument deduction/substitution failed:
src/JHAnalyzerBase.C:1029:45: note:   'const value_type' {aka 'const Electron'} is not derived from 'const std::multimap<_Key, _Tp, _Compare, _Allocator>'
   if(ElectronCollection[v_electronidx[1]] < ptmin2) return {};
                                             ^~~~~~
In file included from /cvmfs/cms.cern.ch/slc7_amd64_gcc820/external/gcc/8.2.0-pafccj/include/c++/8.3.1/set:61,
                 from /cvmfs/cms.cern.ch/slc7_amd64_gcc820/cms/cmssw/CMSSW_10_6_4/external/slc7_amd64_gcc820/bin/../../../../../../../slc7_amd64_gcc820/lcg/root/6.14.09/include/TClass.h:30,
                 from /cvmfs/cms.cern.ch/slc7_amd64_gcc820/cms/cmssw/CMSSW_10_6_4/external/slc7_amd64_gcc820/bin/../../../../../../../slc7_amd64_gcc820/lcg/root/6.14.09/include/TKey.h:18,
                 from /cvmfs/cms.cern.ch/slc7_amd64_gcc820/cms/cmssw/CMSSW_10_6_4/external/slc7_amd64_gcc820/bin/../../../../../../../slc7_amd64_gcc820/lcg/root/6.14.09/include/TBasket.h:28,
                 from /cvmfs/cms.cern.ch/slc7_amd64_gcc820/cms/cmssw/CMSSW_10_6_4/external/slc7_amd64_gcc820/bin/../../../../../../../slc7_amd64_gcc820/lcg/root/6.14.09/include/ROOT/TIOFeatures.hxx:14,
                 from /cvmfs/cms.cern.ch/slc7_amd64_gcc820/cms/cmssw/CMSSW_10_6_4/external/slc7_amd64_gcc820/bin/../../../../../../../slc7_amd64_gcc820/lcg/root/6.14.09/include/TTree.h:29,
                 from /cvmfs/cms.cern.ch/slc7_amd64_gcc820/cms/cmssw/CMSSW_10_6_4/external/slc7_amd64_gcc820/bin/../../../../../../../slc7_amd64_gcc820/lcg/root/6.14.09/include/TChain.h:24,
                 from include/SKFlatNtuple.h:5,
                 from include/AnalyzerCore.h:10,
                 from include/JHAnalyzerBase.h:4,
                 from src/JHAnalyzerBase.C:1:
/cvmfs/cms.cern.ch/slc7_amd64_gcc820/external/gcc/8.2.0-pafccj/include/c++/8.3.1/bits/stl_set.h:975:5: note: candidate: 'template<class _Key, class _Compare, class _Alloc> bool std::operator<(const std::set<_Key, _Compare, _Allocator>&, const std::set<_Key, _Compare, _Allocator>&)'
     operator<(const set<_Key, _Compare, _Alloc>& __x,
     ^~~~~~~~
/cvmfs/cms.cern.ch/slc7_amd64_gcc820/external/gcc/8.2.0-pafccj/include/c++/8.3.1/bits/stl_set.h:975:5: note:   template argument deduction/substitution failed:
src/JHAnalyzerBase.C:1029:45: note:   'const value_type' {aka 'const Electron'} is not derived from 'const std::set<_Key, _Compare, _Allocator>'
   if(ElectronCollection[v_electronidx[1]] < ptmin2) return {};
                                             ^~~~~~
In file included from /cvmfs/cms.cern.ch/slc7_amd64_gcc820/external/gcc/8.2.0-pafccj/include/c++/8.3.1/set:62,
                 from /cvmfs/cms.cern.ch/slc7_amd64_gcc820/cms/cmssw/CMSSW_10_6_4/external/slc7_amd64_gcc820/bin/../../../../../../../slc7_amd64_gcc820/lcg/root/6.14.09/include/TClass.h:30,
                 from /cvmfs/cms.cern.ch/slc7_amd64_gcc820/cms/cmssw/CMSSW_10_6_4/external/slc7_amd64_gcc820/bin/../../../../../../../slc7_amd64_gcc820/lcg/root/6.14.09/include/TKey.h:18,
                 from /cvmfs/cms.cern.ch/slc7_amd64_gcc820/cms/cmssw/CMSSW_10_6_4/external/slc7_amd64_gcc820/bin/../../../../../../../slc7_amd64_gcc820/lcg/root/6.14.09/include/TBasket.h:28,
                 from /cvmfs/cms.cern.ch/slc7_amd64_gcc820/cms/cmssw/CMSSW_10_6_4/external/slc7_amd64_gcc820/bin/../../../../../../../slc7_amd64_gcc820/lcg/root/6.14.09/include/ROOT/TIOFeatures.hxx:14,
                 from /cvmfs/cms.cern.ch/slc7_amd64_gcc820/cms/cmssw/CMSSW_10_6_4/external/slc7_amd64_gcc820/bin/../../../../../../../slc7_amd64_gcc820/lcg/root/6.14.09/include/TTree.h:29,
                 from /cvmfs/cms.cern.ch/slc7_amd64_gcc820/cms/cmssw/CMSSW_10_6_4/external/slc7_amd64_gcc820/bin/../../../../../../../slc7_amd64_gcc820/lcg/root/6.14.09/include/TChain.h:24,
                 from include/SKFlatNtuple.h:5,
                 from include/AnalyzerCore.h:10,
                 from include/JHAnalyzerBase.h:4,
                 from src/JHAnalyzerBase.C:1:
/cvmfs/cms.cern.ch/slc7_amd64_gcc820/external/gcc/8.2.0-pafccj/include/c++/8.3.1/bits/stl_multiset.h:960:5: note: candidate: 'template<class _Key, class _Compare, class _Alloc> bool std::operator<(const std::multiset<_Key, _Compare, _Allocator>&, const std::multiset<_Key, _Compare, _Allocator>&)'
     operator<(const multiset<_Key, _Compare, _Alloc>& __x,
     ^~~~~~~~
/cvmfs/cms.cern.ch/slc7_amd64_gcc820/external/gcc/8.2.0-pafccj/include/c++/8.3.1/bits/stl_multiset.h:960:5: note:   template argument deduction/substitution failed:
src/JHAnalyzerBase.C:1029:45: note:   'const value_type' {aka 'const Electron'} is not derived from 'const std::multiset<_Key, _Compare, _Allocator>'
   if(ElectronCollection[v_electronidx[1]] < ptmin2) return {};
                                             ^~~~~~
In file included from /cvmfs/cms.cern.ch/slc7_amd64_gcc820/external/gcc/8.2.0-pafccj/include/c++/8.3.1/list:63,
                 from /cvmfs/cms.cern.ch/slc7_amd64_gcc820/cms/cmssw/CMSSW_10_6_4/external/slc7_amd64_gcc820/bin/../../../../../../../slc7_amd64_gcc820/lcg/root/6.14.09/include/TFormula.h:22,
                 from /cvmfs/cms.cern.ch/slc7_amd64_gcc820/cms/cmssw/CMSSW_10_6_4/external/slc7_amd64_gcc820/bin/../../../../../../../slc7_amd64_gcc820/lcg/root/6.14.09/include/TF1.h:27,
                 from /data6/Users/jhchoi/SKFlatAnalyzers/test/ForTMVA/SKFlatAnalyzer/AnalyzerTools/include/BTagCalibrationStandalone.h:19,
                 from /data6/Users/jhchoi/SKFlatAnalyzers/test/ForTMVA/SKFlatAnalyzer/AnalyzerTools/include/MCCorrection.h:29,
                 from include/AnalyzerCore.h:25,
                 from include/JHAnalyzerBase.h:4,
                 from src/JHAnalyzerBase.C:1:
/cvmfs/cms.cern.ch/slc7_amd64_gcc820/external/gcc/8.2.0-pafccj/include/c++/8.3.1/bits/stl_list.h:2021:5: note: candidate: 'template<class _Tp, class _Alloc> bool std::operator<(const std::__cxx11::list<_Tp, _Alloc>&, const std::__cxx11::list<_Tp, _Alloc>&)'
     operator<(const list<_Tp, _Alloc>& __x, const list<_Tp, _Alloc>& __y)
     ^~~~~~~~
/cvmfs/cms.cern.ch/slc7_amd64_gcc820/external/gcc/8.2.0-pafccj/include/c++/8.3.1/bits/stl_list.h:2021:5: note:   template argument deduction/substitution failed:
src/JHAnalyzerBase.C:1029:45: note:   'const value_type' {aka 'const Electron'} is not derived from 'const std::__cxx11::list<_Tp, _Alloc>'
   if(ElectronCollection[v_electronidx[1]] < ptmin2) return {};
                                             ^~~~~~
make[1]: *** [/data6/Users/jhchoi/SKFlatAnalyzers/test/ForTMVA/SKFlatAnalyzer/makefile.common:39: JHAnalyzerBase.o] Error 1
make[1]: Leaving directory '/data6/Users/jhchoi/SKFlatAnalyzers/test/ForTMVA/SKFlatAnalyzer/Analyzers'
make: *** [makefile:19: Analyzers] Error 2
