/home/condor/dir_2211700
DataSetInfo              : [FIN_BDT_2017] : Added class "Signal"
                         : Add Tree OutTree/sig of type Signal with 903237 events
                         : Add Tree OutTree/sig of type Signal with 1201756 events
DataSetInfo              : [FIN_BDT_2017] : Added class "Background"
                         : Add Tree OutTree/bkg of type Background with 594513 events
                         : Add Tree OutTree/bkg of type Background with 789045 events
Factory                  : Booking method: [1mBDT[0m
                         : 
                         : Parsing option string: 
                         : ... "!H:V:NTrees=400:MinNodeSize=1%:MaxDepth=5:Shrinkage=0.01:BoostType=Grad:AdaBoostBeta=:UseBaggedBoost=True:BaggedSampleFraction=0.7:SeparationType=GiniIndex:nCuts=40:IgnoreNegWeightsInTraining=True:VarTransform=G"
                         : The following options are set:
                         : - By User:
                         :     <none>
                         : - Default:
                         :     Boost_num: "0" [Number of times the classifier will be boosted]
                         : Parsing option string: 
                         : ... "!H:V:NTrees=400:MinNodeSize=1%:MaxDepth=5:Shrinkage=0.01:BoostType=Grad:AdaBoostBeta=:UseBaggedBoost=True:BaggedSampleFraction=0.7:SeparationType=GiniIndex:nCuts=40:IgnoreNegWeightsInTraining=True:VarTransform=G"
                         : The following options are set:
                         : - By User:
                         :     V: "True" [Verbose output (short form of "VerbosityLevel" below - overrides the latter one)]
                         :     VarTransform: "G" [List of variable transformations performed before training, e.g., "D_Background,P_Signal,G,N_AllClasses" for: "Decorrelation, PCA-transformation, Gaussianisation, Normalisation, each for the given class of events ('AllClasses' denotes all events of all classes, if no class indication is given, 'All' is assumed)"]
                         :     H: "False" [Print method-specific help message]
                         :     IgnoreNegWeightsInTraining: "True" [Events with negative weights are ignored in the training (but are included for testing and performance evaluation)]
                         :     NTrees: "400" [Number of trees in the forest]
                         :     MaxDepth: "5" [Max depth of the decision tree allowed]
                         :     MinNodeSize: "1%" [Minimum percentage of training events required in a leaf node (default: Classification: 5%, Regression: 0.2%)]
                         :     nCuts: "40" [Number of grid points in variable range used in finding optimal cut in node splitting]
                         :     BoostType: "Grad" [Boosting type for the trees in the forest (note: AdaCost is still experimental)]
                         :     UseBaggedBoost: "True" [Use only a random subsample of all events for growing the trees in each boost iteration.]
                         :     Shrinkage: "1.000000e-02" [Learning rate for BoostType=Grad algorithm]
                         :     AdaBoostBeta: "5.000000e-01" [Learning rate  for AdaBoost algorithm]
                         :     BaggedSampleFraction: "7.000000e-01" [Relative size of bagged event sample to original size of the data sample (used whenever bagging is used (i.e. UseBaggedBoost, Bagging,)]
                         :     SeparationType: "GiniIndex" [Separation criterion for node splitting]
                         : - Default:
                         :     VerbosityLevel: "Default" [Verbosity level]
                         :     CreateMVAPdfs: "False" [Create PDFs for classifier outputs (signal and background)]
                         :     AdaBoostR2Loss: "Quadratic" [Type of Loss function in AdaBoostR2]
                         :     UseRandomisedTrees: "False" [Determine at each node splitting the cut variable only as the best out of a random subset of variables (like in RandomForests)]
                         :     UseNvars: "4" [Size of the subset of variables used with RandomisedTree option]
                         :     UsePoissonNvars: "True" [Interpret "UseNvars" not as fixed number but as mean of a Poisson distribution in each split with RandomisedTree option]
                         :     UseYesNoLeaf: "True" [Use Sig or Bkg categories, or the purity=S/(S+B) as classification of the leaf node -> Real-AdaBoost]
                         :     NegWeightTreatment: "InverseBoostNegWeights" [How to treat events with negative weights in the BDT training (particular the boosting) : IgnoreInTraining;  Boost With inverse boostweight; Pair events with negative and positive weights in training sample and *annihilate* them (experimental!)]
                         :     Css: "1.000000e+00" [AdaCost: cost of true signal selected signal]
                         :     Cts_sb: "1.000000e+00" [AdaCost: cost of true signal selected bkg]
                         :     Ctb_ss: "1.000000e+00" [AdaCost: cost of true bkg    selected signal]
                         :     Cbb: "1.000000e+00" [AdaCost: cost of true bkg    selected bkg ]
                         :     NodePurityLimit: "5.000000e-01" [In boosting/pruning, nodes with purity > NodePurityLimit are signal; background otherwise.]
                         :     RegressionLossFunctionBDTG: "Huber" [Loss function for BDTG regression.]
                         :     HuberQuantile: "7.000000e-01" [In the Huber loss function this is the quantile that separates the core from the tails in the residuals distribution.]
                         :     DoBoostMonitor: "False" [Create control plot with ROC integral vs tree number]
                         :     UseFisherCuts: "False" [Use multivariate splits using the Fisher criterion]
                         :     MinLinCorrForFisher: "8.000000e-01" [The minimum linear correlation between two variables demanded for use in Fisher criterion in node splitting]
                         :     UseExclusiveVars: "False" [Variables already used in fisher criterion are not anymore analysed individually for node splitting]
                         :     DoPreselection: "False" [and and apply automatic pre-selection for 100% efficient signal (bkg) cuts prior to training]
                         :     SigToBkgFraction: "1.000000e+00" [Sig to Bkg ratio used in Training (similar to NodePurityLimit, which cannot be used in real adaboost]
                         :     PruneMethod: "NoPruning" [Note: for BDTs use small trees (e.g.MaxDepth=3) and NoPruning:  Pruning: Method used for pruning (removal) of statistically insignificant branches ]
                         :     PruneStrength: "0.000000e+00" [Pruning strength]
                         :     PruningValFraction: "5.000000e-01" [Fraction of events to use for optimizing automatic pruning.]
                         :     SkipNormalization: "False" [Skip normalization at initialization, to keep expectation value of BDT output according to the fraction of events]
                         :     nEventsMin: "0" [deprecated: Use MinNodeSize (in % of training events) instead]
                         :     UseBaggedGrad: "False" [deprecated: Use *UseBaggedBoost* instead:  Use only a random subsample of all events for growing the trees in each iteration.]
                         :     GradBaggingFraction: "7.000000e-01" [deprecated: Use *BaggedSampleFraction* instead: Defines the fraction of events to be used in each iteration, e.g. when UseBaggedGrad=kTRUE. ]
                         :     UseNTrainEvents: "0" [deprecated: Use *BaggedSampleFraction* instead: Number of randomly picked training events used in randomised (and bagged) trees]
                         :     NNodesMax: "0" [deprecated: Use MaxDepth instead to limit the tree size]
BDT                      : [FIN_BDT_2017] : Create Transformation "G" with events from all classes.
                         : 
                         : Transformation, Variable selection : 
                         : Input : variable 'bmuon_dR_l_j<0.04?0.04:bmuon_dR_l_j' <---> Output : variable 'bmuon_dR_l_j<0.04?0.04:bmuon_dR_l_j'
                         : Input : variable '(bmuon_nsip3d<3.)?3.:(bmuon_nsip3d>10.)?10.:bmuon_nsip3d' <---> Output : variable '(bmuon_nsip3d<3.)?3.:(bmuon_nsip3d>10.)?10.:bmuon_nsip3d'
                         : Input : variable '(bmuon_P_jetrest<1.5)?1.5:(bmuon_P_jetrest>5.)?5.:bmuon_P_jetrest' <---> Output : variable '(bmuon_P_jetrest<1.5)?1.5:(bmuon_P_jetrest>5.)?5.:bmuon_P_jetrest'
                         : Input : variable 'bmuon_palongjet<30.?bmuon_palongjet:30.' <---> Output : variable 'bmuon_palongjet<30.?bmuon_palongjet:30.'
                         : Input : variable '(bmuon_ptwrtbjet<1.5)?1.5:(bmuon_ptwrtbjet>3.5)?3.5:bmuon_ptwrtbjet' <---> Output : variable '(bmuon_ptwrtbjet<1.5)?1.5:(bmuon_ptwrtbjet>3.5)?3.5:bmuon_ptwrtbjet'
                         : Input : variable 'bmuon_reliso<6.?bmuon_reliso:6.' <---> Output : variable 'bmuon_reliso<6.?bmuon_reliso:6.'
                         : Input : variable '(bjet_ChargedHadronEnergyFraction<0.35)?0.35:(bjet_ChargedHadronEnergyFraction>0.9)?0.9:bjet_ChargedHadronEnergyFraction' <---> Output : variable '(bjet_ChargedHadronEnergyFraction<0.35)?0.35:(bjet_ChargedHadronEnergyFraction>0.9)?0.9:bjet_ChargedHadronEnergyFraction'
                         : Input : variable '(bjet_MuonEnergyFraction<0.15)?0.15:(bjet_MuonEnergyFraction>0.45)?0.45:bjet_MuonEnergyFraction' <---> Output : variable '(bjet_MuonEnergyFraction<0.15)?0.15:(bjet_MuonEnergyFraction>0.45)?0.45:bjet_MuonEnergyFraction'
                         : Input : variable 'bjet_NeutralEmEnergyFraction<0.5?bjet_NeutralEmEnergyFraction:0.5' <---> Output : variable 'bjet_NeutralEmEnergyFraction<0.5?bjet_NeutralEmEnergyFraction:0.5'
                         : Input : variable '(bjet_NeutralHadronEnergyFraction<0.1)?0.1:(bjet_NeutralHadronEnergyFraction>0.4)?0.4:bjet_NeutralHadronEnergyFraction' <---> Output : variable '(bjet_NeutralHadronEnergyFraction<0.1)?0.1:(bjet_NeutralHadronEnergyFraction>0.4)?0.4:bjet_NeutralHadronEnergyFraction'
                         : Input : variable 'bjet_NeutralMultiplicity<30?bjet_NeutralMultiplicity:30' <---> Output : variable 'bjet_NeutralMultiplicity<30?bjet_NeutralMultiplicity:30'
                         : Input : variable 'fabs(bjet_charge)<0.5?fabs(bjet_charge):0.5' <---> Output : variable 'fabs(bjet_charge)<0.5?fabs(bjet_charge):0.5'
                         : Input : variable '(bjet_charge*bmuon_charge<-0.2)?-0.2:(bjet_charge*bmuon_charge>0.5)?0.5:bjet_charge*bmuon_charge' <---> Output : variable '(bjet_charge*bmuon_charge<-0.2)?-0.2:(bjet_charge*bmuon_charge>0.5)?0.5:bjet_charge*bmuon_charge'
                         : the option NegWeightTreatment=InverseBoostNegWeights does not exist for BoostType=Grad
                         : --> change to new default NegWeightTreatment=Pray
                         : Rebuilding Dataset FIN_BDT_2017
                         : Building event vectors for type 1 Signal
                         : Dataset[FIN_BDT_2017] :  create input formulas for tree sig
                         : Dataset[FIN_BDT_2017] :  create input formulas for tree sig
                         : Dataset[FIN_BDT_2017] :  create input formulas for tree sig
                         : Building event vectors for type 0 Signal
                         : Dataset[FIN_BDT_2017] :  create input formulas for tree sig
                         : Dataset[FIN_BDT_2017] :  create input formulas for tree sig
                         : Building event vectors for type 1 Background
                         : Dataset[FIN_BDT_2017] :  create input formulas for tree bkg
                         : Dataset[FIN_BDT_2017] :  create input formulas for tree bkg
                         : Dataset[FIN_BDT_2017] :  create input formulas for tree bkg
                         : Building event vectors for type 0 Background
                         : Dataset[FIN_BDT_2017] :  create input formulas for tree bkg
                         : Dataset[FIN_BDT_2017] :  create input formulas for tree bkg
DataSetFactory           : [FIN_BDT_2017] : Number of events in input trees
                         : Dataset[FIN_BDT_2017] :     Signal     requirement: "(bmuon_charge*bjet_partonFlavour < 0)&&Has_bMuon"
                         : Dataset[FIN_BDT_2017] :     Signal          -- number of events passed: 111973  / sum of weights: 57156.5
                         : Dataset[FIN_BDT_2017] :     Signal          -- efficiency             : 0.0447985
                         : Dataset[FIN_BDT_2017] :     Background requirement: "(bmuon_charge*bjet_partonFlavour > 0)&&Has_bMuon"
                         : Dataset[FIN_BDT_2017] :     Background      -- number of events passed: 54422  / sum of weights: 28288.5
                         : Dataset[FIN_BDT_2017] :     Background      -- efficiency             : 0.0332606
                         : Dataset[FIN_BDT_2017] :  you have opted for interpreting the requested number of training/testing events
                         :  to be the number of events AFTER your preselection cuts
                         : 
                         : Dataset[FIN_BDT_2017] :  you have opted for interpreting the requested number of training/testing events
                         :  to be the number of events AFTER your preselection cuts
                         : 
                         : Dataset[FIN_BDT_2017] : Weight renormalisation mode: "EqualNumEvents": renormalises all event classes ...
                         : Dataset[FIN_BDT_2017] :  such that the effective (weighted) number of events in each class is the same 
                         : Dataset[FIN_BDT_2017] :  (and equals the number of events (entries) given for class=0 )
                         : Dataset[FIN_BDT_2017] : ... i.e. such that Sum[i=1..N_j]{w_i} = N_classA, j=classA, classB, ...
                         : Dataset[FIN_BDT_2017] : ... (note that N_j is the sum of TRAINING events
                         : Dataset[FIN_BDT_2017] :  ..... Testing events are not renormalised nor included in the renormalisation factor!)
                         : Number of training and testing events
                         : ---------------------------------------------------------------------------
                         : Signal     -- training events            : 46020
                         : Signal     -- testing events             : 65953
                         : Signal     -- training and testing events: 111973
                         : Dataset[FIN_BDT_2017] : Signal     -- due to the preselection a scaling factor has been applied to the numbers of requested events: 0.053194
                         : Background -- training events            : 22429
                         : Background -- testing events             : 31993
                         : Background -- training and testing events: 54422
                         : Dataset[FIN_BDT_2017] : Background -- due to the preselection a scaling factor has been applied to the numbers of requested events: 0.0393348
                         : 
DataSetInfo              : Correlation matrix (Signal):
                         : ---------------------------------------------------------------------------------------------------------------------------------------------------------------------------------------------------------------------------------------------------------------------------------------------------------------------------------------------------------------------------------------------------------------------------------------------------------------------------------------------------------------------------------------------------------------------------------------------------------------------------------------------------------------------------------------------------------------------------------------------------------------------------------------------------------------------------------------------------------------------------------------------------------------------------------------------------------------------------------------------------------------------------------------------------------------------
                         :                                                                                                                           bmuon_dR_l_j_0.04_0.04:bmuon_dR_l_j _bmuon_nsip3d_3.__3.:_bmuon_nsip3d_10.__10.:bmuon_nsip3d _bmuon_P_jetrest_1.5__1.5:_bmuon_P_jetrest_5.__5.:bmuon_P_jetrest bmuon_palongjet_30._bmuon_palongjet:30. _bmuon_ptwrtbjet_1.5__1.5:_bmuon_ptwrtbjet_3.5__3.5:bmuon_ptwrtbjet bmuon_reliso_6._bmuon_reliso:6. _bjet_ChargedHadronEnergyFraction_0.35__0.35:_bjet_ChargedHadronEnergyFraction_0.9__0.9:bjet_ChargedHadronEnergyFraction _bjet_MuonEnergyFraction_0.15__0.15:_bjet_MuonEnergyFraction_0.45__0.45:bjet_MuonEnergyFraction bjet_NeutralEmEnergyFraction_0.5_bjet_NeutralEmEnergyFraction:0.5 _bjet_NeutralHadronEnergyFraction_0.1__0.1:_bjet_NeutralHadronEnergyFraction_0.4__0.4:bjet_NeutralHadronEnergyFraction bjet_NeutralMultiplicity_30_bjet_NeutralMultiplicity:30 fabs_bjet_charge__0.5_fabs_bjet_charge_:0.5 _bjet_charge_T_bmuon_charge__M_0.2___M_0.2:_bjet_charge_T_bmuon_charge_0.5__0.5:bjet_charge_T_bmuon_charge
                         :                                                                                      bmuon_dR_l_j_0.04_0.04:bmuon_dR_l_j:                              +1.000                                                   +0.178                                                            -0.054                                  -0.395                                                              +0.290                          +0.239                                                                                                                   +0.184                                                                                          -0.413                                                            +0.062                                                                                                                 +0.112                                                  -0.017                                      -0.225                                                                                                     -0.242
                         :                                                                 _bmuon_nsip3d_3.__3.:_bmuon_nsip3d_10.__10.:bmuon_nsip3d:                              +0.178                                                   +1.000                                                            -0.081                                  -0.105                                                              +0.007                          +0.104                                                                                                                   +0.054                                                                                          -0.187                                                            +0.097                                                                                                                 +0.048                                                  +0.062                                      -0.096                                                                                                     -0.111
                         :                                                        _bmuon_P_jetrest_1.5__1.5:_bmuon_P_jetrest_5.__5.:bmuon_P_jetrest:                              -0.054                                                   -0.081                                                            +1.000                                  +0.402                                                              +0.671                          -0.349                                                                                                                   -0.237                                                                                          +0.423                                                            -0.150                                                                                                                 -0.086                                                  +0.103                                      +0.261                                                                                                     +0.259
                         :                                                                                  bmuon_palongjet_30._bmuon_palongjet:30.:                              -0.395                                                   -0.105                                                            +0.402                                  +1.000                                                              +0.154                          -0.508                                                                                                                   -0.205                                                                                          +0.557                                                            -0.289                                                                                                                 -0.069                                                  -0.194                                      +0.293                                                                                                     +0.318
                         :                                                      _bmuon_ptwrtbjet_1.5__1.5:_bmuon_ptwrtbjet_3.5__3.5:bmuon_ptwrtbjet:                              +0.290                                                   +0.007                                                            +0.671                                  +0.154                                                              +1.000                          -0.123                                                                                                                   -0.071                                                                                          +0.080                                                            -0.054                                                                                                                 -0.012                                                  +0.063                                      +0.050                                                                                                     +0.061
                         :                                                                                          bmuon_reliso_6._bmuon_reliso:6.:                              +0.239                                                   +0.104                                                            -0.349                                  -0.508                                                              -0.123                          +1.000                                                                                                                   +0.415                                                                                          -0.750                                                            +0.320                                                                                                                 +0.130                                                  +0.244                                      -0.359                                                                                                     -0.407
                         : _bjet_ChargedHadronEnergyFraction_0.35__0.35:_bjet_ChargedHadronEnergyFraction_0.9__0.9:bjet_ChargedHadronEnergyFraction:                              +0.184                                                   +0.054                                                            -0.237                                  -0.205                                                              -0.071                          +0.415                                                                                                                   +1.000                                                                                          -0.532                                                            -0.295                                                                                                                 -0.237                                                  -0.187                                      -0.340                                                                                                     -0.338
                         :                          _bjet_MuonEnergyFraction_0.15__0.15:_bjet_MuonEnergyFraction_0.45__0.45:bjet_MuonEnergyFraction:                              -0.413                                                   -0.187                                                            +0.423                                  +0.557                                                              +0.080                          -0.750                                                                                                                   -0.532                                                                                          +1.000                                                            -0.303                                                                                                                 -0.157                                                  -0.211                                      +0.482                                                                                                     +0.517
                         :                                                        bjet_NeutralEmEnergyFraction_0.5_bjet_NeutralEmEnergyFraction:0.5:                              +0.062                                                   +0.097                                                            -0.150                                  -0.289                                                              -0.054                          +0.320                                                                                                                   -0.295                                                                                          -0.303                                                            +1.000                                                                                                                 -0.058                                                  +0.464                                      -0.071                                                                                                     -0.066
                         :   _bjet_NeutralHadronEnergyFraction_0.1__0.1:_bjet_NeutralHadronEnergyFraction_0.4__0.4:bjet_NeutralHadronEnergyFraction:                              +0.112                                                   +0.048                                                            -0.086                                  -0.069                                                              -0.012                          +0.130                                                                                                                   -0.237                                                                                          -0.157                                                            -0.058                                                                                                                 +1.000                                                  +0.105                                      -0.028                                                                                                     -0.020
                         :                                                                  bjet_NeutralMultiplicity_30_bjet_NeutralMultiplicity:30:                              -0.017                                                   +0.062                                                            +0.103                                  -0.194                                                              +0.063                          +0.244                                                                                                                   -0.187                                                                                          -0.211                                                            +0.464                                                                                                                 +0.105                                                  +1.000                                      -0.036                                                                                                     -0.037
                         :                                                                              fabs_bjet_charge__0.5_fabs_bjet_charge_:0.5:                              -0.225                                                   -0.096                                                            +0.261                                  +0.293                                                              +0.050                          -0.359                                                                                                                   -0.340                                                                                          +0.482                                                            -0.071                                                                                                                 -0.028                                                  -0.036                                      +1.000                                                                                                     +0.821
                         :               _bjet_charge_T_bmuon_charge__M_0.2___M_0.2:_bjet_charge_T_bmuon_charge_0.5__0.5:bjet_charge_T_bmuon_charge:                              -0.242                                                   -0.111                                                            +0.259                                  +0.318                                                              +0.061                          -0.407                                                                                                                   -0.338                                                                                          +0.517                                                            -0.066                                                                                                                 -0.020                                                  -0.037                                      +0.821                                                                                                     +1.000
                         : ---------------------------------------------------------------------------------------------------------------------------------------------------------------------------------------------------------------------------------------------------------------------------------------------------------------------------------------------------------------------------------------------------------------------------------------------------------------------------------------------------------------------------------------------------------------------------------------------------------------------------------------------------------------------------------------------------------------------------------------------------------------------------------------------------------------------------------------------------------------------------------------------------------------------------------------------------------------------------------------------------------------------------------------------------------------------
DataSetInfo              : Correlation matrix (Background):
                         : ---------------------------------------------------------------------------------------------------------------------------------------------------------------------------------------------------------------------------------------------------------------------------------------------------------------------------------------------------------------------------------------------------------------------------------------------------------------------------------------------------------------------------------------------------------------------------------------------------------------------------------------------------------------------------------------------------------------------------------------------------------------------------------------------------------------------------------------------------------------------------------------------------------------------------------------------------------------------------------------------------------------------------------------------------------------------
                         :                                                                                                                           bmuon_dR_l_j_0.04_0.04:bmuon_dR_l_j _bmuon_nsip3d_3.__3.:_bmuon_nsip3d_10.__10.:bmuon_nsip3d _bmuon_P_jetrest_1.5__1.5:_bmuon_P_jetrest_5.__5.:bmuon_P_jetrest bmuon_palongjet_30._bmuon_palongjet:30. _bmuon_ptwrtbjet_1.5__1.5:_bmuon_ptwrtbjet_3.5__3.5:bmuon_ptwrtbjet bmuon_reliso_6._bmuon_reliso:6. _bjet_ChargedHadronEnergyFraction_0.35__0.35:_bjet_ChargedHadronEnergyFraction_0.9__0.9:bjet_ChargedHadronEnergyFraction _bjet_MuonEnergyFraction_0.15__0.15:_bjet_MuonEnergyFraction_0.45__0.45:bjet_MuonEnergyFraction bjet_NeutralEmEnergyFraction_0.5_bjet_NeutralEmEnergyFraction:0.5 _bjet_NeutralHadronEnergyFraction_0.1__0.1:_bjet_NeutralHadronEnergyFraction_0.4__0.4:bjet_NeutralHadronEnergyFraction bjet_NeutralMultiplicity_30_bjet_NeutralMultiplicity:30 fabs_bjet_charge__0.5_fabs_bjet_charge_:0.5 _bjet_charge_T_bmuon_charge__M_0.2___M_0.2:_bjet_charge_T_bmuon_charge_0.5__0.5:bjet_charge_T_bmuon_charge
                         :                                                                                      bmuon_dR_l_j_0.04_0.04:bmuon_dR_l_j:                              +1.000                                                   +0.121                                                            +0.123                                  -0.214                                                              +0.367                          +0.047                                                                                                                   +0.051                                                                                          -0.195                                                            -0.023                                                                                                                 +0.053                                                  -0.082                                      -0.032                                                                                                     -0.068
                         :                                                                 _bmuon_nsip3d_3.__3.:_bmuon_nsip3d_10.__10.:bmuon_nsip3d:                              +0.121                                                   +1.000                                                            +0.014                                  -0.004                                                              +0.050                          -0.026                                                                                                                   -0.072                                                                                          +0.001                                                            +0.006                                                                                                                 +0.047                                                  -0.000                                      +0.009                                                                                                     -0.011
                         :                                                        _bmuon_P_jetrest_1.5__1.5:_bmuon_P_jetrest_5.__5.:bmuon_P_jetrest:                              +0.123                                                   +0.014                                                            +1.000                                  +0.335                                                              +0.729                          -0.315                                                                                                                   -0.156                                                                                          +0.417                                                            -0.133                                                                                                                 -0.063                                                  +0.024                                      +0.216                                                                                                     +0.284
                         :                                                                                  bmuon_palongjet_30._bmuon_palongjet:30.:                              -0.214                                                   -0.004                                                            +0.335                                  +1.000                                                              +0.138                          -0.420                                                                                                                   -0.067                                                                                          +0.455                                                            -0.200                                                                                                                 -0.065                                                  -0.224                                      +0.153                                                                                                     +0.275
                         :                                                      _bmuon_ptwrtbjet_1.5__1.5:_bmuon_ptwrtbjet_3.5__3.5:bmuon_ptwrtbjet:                              +0.367                                                   +0.050                                                            +0.729                                  +0.138                                                              +1.000                          -0.155                                                                                                                   -0.075                                                                                          +0.151                                                            -0.069                                                                                                                 -0.017                                                  +0.011                                      +0.087                                                                                                     +0.124
                         :                                                                                          bmuon_reliso_6._bmuon_reliso:6.:                              +0.047                                                   -0.026                                                            -0.315                                  -0.420                                                              -0.155                          +1.000                                                                                                                   +0.298                                                                                          -0.670                                                            +0.287                                                                                                                 +0.102                                                  +0.250                                      -0.174                                                                                                     -0.384
                         : _bjet_ChargedHadronEnergyFraction_0.35__0.35:_bjet_ChargedHadronEnergyFraction_0.9__0.9:bjet_ChargedHadronEnergyFraction:                              +0.051                                                   -0.072                                                            -0.156                                  -0.067                                                              -0.075                          +0.298                                                                                                                   +1.000                                                                                          -0.399                                                            -0.362                                                                                                                 -0.287                                                  -0.200                                      -0.189                                                                                                     -0.301
                         :                          _bjet_MuonEnergyFraction_0.15__0.15:_bjet_MuonEnergyFraction_0.45__0.45:bjet_MuonEnergyFraction:                              -0.195                                                   +0.001                                                            +0.417                                  +0.455                                                              +0.151                          -0.670                                                                                                                   -0.399                                                                                          +1.000                                                            -0.240                                                                                                                 -0.113                                                  -0.204                                      +0.300                                                                                                     +0.489
                         :                                                        bjet_NeutralEmEnergyFraction_0.5_bjet_NeutralEmEnergyFraction:0.5:                              -0.023                                                   +0.006                                                            -0.133                                  -0.200                                                              -0.069                          +0.287                                                                                                                   -0.362                                                                                          -0.240                                                            +1.000                                                                                                                 -0.121                                                  +0.450                                      -0.062                                                                                                     +0.002
                         :   _bjet_NeutralHadronEnergyFraction_0.1__0.1:_bjet_NeutralHadronEnergyFraction_0.4__0.4:bjet_NeutralHadronEnergyFraction:                              +0.053                                                   +0.047                                                            -0.063                                  -0.065                                                              -0.017                          +0.102                                                                                                                   -0.287                                                                                          -0.113                                                            -0.121                                                                                                                 +1.000                                                  +0.073                                      -0.006                                                                                                     +0.045
                         :                                                                  bjet_NeutralMultiplicity_30_bjet_NeutralMultiplicity:30:                              -0.082                                                   -0.000                                                            +0.024                                  -0.224                                                              +0.011                          +0.250                                                                                                                   -0.200                                                                                          -0.204                                                            +0.450                                                                                                                 +0.073                                                  +1.000                                      +0.002                                                                                                     +0.005
                         :                                                                              fabs_bjet_charge__0.5_fabs_bjet_charge_:0.5:                              -0.032                                                   +0.009                                                            +0.216                                  +0.153                                                              +0.087                          -0.174                                                                                                                   -0.189                                                                                          +0.300                                                            -0.062                                                                                                                 -0.006                                                  +0.002                                      +1.000                                                                                                     +0.487
                         :               _bjet_charge_T_bmuon_charge__M_0.2___M_0.2:_bjet_charge_T_bmuon_charge_0.5__0.5:bjet_charge_T_bmuon_charge:                              -0.068                                                   -0.011                                                            +0.284                                  +0.275                                                              +0.124                          -0.384                                                                                                                   -0.301                                                                                          +0.489                                                            +0.002                                                                                                                 +0.045                                                  +0.005                                      +0.487                                                                                                     +1.000
                         : ---------------------------------------------------------------------------------------------------------------------------------------------------------------------------------------------------------------------------------------------------------------------------------------------------------------------------------------------------------------------------------------------------------------------------------------------------------------------------------------------------------------------------------------------------------------------------------------------------------------------------------------------------------------------------------------------------------------------------------------------------------------------------------------------------------------------------------------------------------------------------------------------------------------------------------------------------------------------------------------------------------------------------------------------------------------------
DataSetFactory           : [FIN_BDT_2017] :  
                         : 
Factory                  : [1mTrain all methods[0m
Factory                  : [FIN_BDT_2017] : Create Transformation "I" with events from all classes.
                         : 
                         : Transformation, Variable selection : 
                         : Input : variable 'bmuon_dR_l_j<0.04?0.04:bmuon_dR_l_j' <---> Output : variable 'bmuon_dR_l_j<0.04?0.04:bmuon_dR_l_j'
                         : Input : variable '(bmuon_nsip3d<3.)?3.:(bmuon_nsip3d>10.)?10.:bmuon_nsip3d' <---> Output : variable '(bmuon_nsip3d<3.)?3.:(bmuon_nsip3d>10.)?10.:bmuon_nsip3d'
                         : Input : variable '(bmuon_P_jetrest<1.5)?1.5:(bmuon_P_jetrest>5.)?5.:bmuon_P_jetrest' <---> Output : variable '(bmuon_P_jetrest<1.5)?1.5:(bmuon_P_jetrest>5.)?5.:bmuon_P_jetrest'
                         : Input : variable 'bmuon_palongjet<30.?bmuon_palongjet:30.' <---> Output : variable 'bmuon_palongjet<30.?bmuon_palongjet:30.'
                         : Input : variable '(bmuon_ptwrtbjet<1.5)?1.5:(bmuon_ptwrtbjet>3.5)?3.5:bmuon_ptwrtbjet' <---> Output : variable '(bmuon_ptwrtbjet<1.5)?1.5:(bmuon_ptwrtbjet>3.5)?3.5:bmuon_ptwrtbjet'
                         : Input : variable 'bmuon_reliso<6.?bmuon_reliso:6.' <---> Output : variable 'bmuon_reliso<6.?bmuon_reliso:6.'
                         : Input : variable '(bjet_ChargedHadronEnergyFraction<0.35)?0.35:(bjet_ChargedHadronEnergyFraction>0.9)?0.9:bjet_ChargedHadronEnergyFraction' <---> Output : variable '(bjet_ChargedHadronEnergyFraction<0.35)?0.35:(bjet_ChargedHadronEnergyFraction>0.9)?0.9:bjet_ChargedHadronEnergyFraction'
                         : Input : variable '(bjet_MuonEnergyFraction<0.15)?0.15:(bjet_MuonEnergyFraction>0.45)?0.45:bjet_MuonEnergyFraction' <---> Output : variable '(bjet_MuonEnergyFraction<0.15)?0.15:(bjet_MuonEnergyFraction>0.45)?0.45:bjet_MuonEnergyFraction'
                         : Input : variable 'bjet_NeutralEmEnergyFraction<0.5?bjet_NeutralEmEnergyFraction:0.5' <---> Output : variable 'bjet_NeutralEmEnergyFraction<0.5?bjet_NeutralEmEnergyFraction:0.5'
                         : Input : variable '(bjet_NeutralHadronEnergyFraction<0.1)?0.1:(bjet_NeutralHadronEnergyFraction>0.4)?0.4:bjet_NeutralHadronEnergyFraction' <---> Output : variable '(bjet_NeutralHadronEnergyFraction<0.1)?0.1:(bjet_NeutralHadronEnergyFraction>0.4)?0.4:bjet_NeutralHadronEnergyFraction'
                         : Input : variable 'bjet_NeutralMultiplicity<30?bjet_NeutralMultiplicity:30' <---> Output : variable 'bjet_NeutralMultiplicity<30?bjet_NeutralMultiplicity:30'
                         : Input : variable 'fabs(bjet_charge)<0.5?fabs(bjet_charge):0.5' <---> Output : variable 'fabs(bjet_charge)<0.5?fabs(bjet_charge):0.5'
                         : Input : variable '(bjet_charge*bmuon_charge<-0.2)?-0.2:(bjet_charge*bmuon_charge>0.5)?0.5:bjet_charge*bmuon_charge' <---> Output : variable '(bjet_charge*bmuon_charge<-0.2)?-0.2:(bjet_charge*bmuon_charge>0.5)?0.5:bjet_charge*bmuon_charge'
TFHandler_Factory        :                                                                                                                 Variable                                                                                                                        Mean                                                                                                                        RMS                                                                                                                [        Min                                                                                                                        Max ]
                         : -------------------------------------------------------------------------------------------------------------------------------------------------------------------------------------------------------------------------------------------------------------------------------------------------------------------------------------------------------------------------------------------------------------------------------------------------------------------------------------------------------------------------------------------------------------------------------------------------------------------------------------------
                         :                                                                                      bmuon_dR_l_j<0.04?0.04:bmuon_dR_l_j:                                                                                                                  0.088928                                                                                                                  0.056398   [                                                                                                                  0.040000                                                                                                                   0.39984 ]
                         :                                                                 (bmuon_nsip3d<3.)?3.:(bmuon_nsip3d>10.)?10.:bmuon_nsip3d:                                                                                                                    7.5756                                                                                                                    2.9322   [                                                                                                                    3.0000                                                                                                                    10.000 ]
                         :                                                        (bmuon_P_jetrest<1.5)?1.5:(bmuon_P_jetrest>5.)?5.:bmuon_P_jetrest:                                                                                                                    1.7390                                                                                                                   0.50254   [                                                                                                                    1.5000                                                                                                                    5.0000 ]
                         :                                                                                  bmuon_palongjet<30.?bmuon_palongjet:30.:                                                                                                                    19.954                                                                                                                    8.7173   [                                                                                                                    4.8232                                                                                                                    30.000 ]
                         :                                                      (bmuon_ptwrtbjet<1.5)?1.5:(bmuon_ptwrtbjet>3.5)?3.5:bmuon_ptwrtbjet:                                                                                                                    1.5792                                                                                                                   0.26225   [                                                                                                                    1.5000                                                                                                                    3.5000 ]
                         :                                                                                          bmuon_reliso<6.?bmuon_reliso:6.:                                                                                                                    2.5976                                                                                                                    1.8873   [                                                                                                                    0.0000                                                                                                                    6.0000 ]
                         : (bjet_ChargedHadronEnergyFraction<0.35)?0.35:(bjet_ChargedHadronEnergyFraction>0.9)?0.9:bjet_ChargedHadronEnergyFraction:                                                                                                                   0.48689                                                                                                                   0.14417   [                                                                                                                   0.35000                                                                                                                   0.90000 ]
                         :                          (bjet_MuonEnergyFraction<0.15)?0.15:(bjet_MuonEnergyFraction>0.45)?0.45:bjet_MuonEnergyFraction:                                                                                                                   0.25008                                                                                                                   0.11088   [                                                                                                                   0.15000                                                                                                                   0.45000 ]
                         :                                                        bjet_NeutralEmEnergyFraction<0.5?bjet_NeutralEmEnergyFraction:0.5:                                                                                                                   0.19218                                                                                                                   0.12539   [                                                                                                                    0.0000                                                                                                                   0.50000 ]
                         :   (bjet_NeutralHadronEnergyFraction<0.1)?0.1:(bjet_NeutralHadronEnergyFraction>0.4)?0.4:bjet_NeutralHadronEnergyFraction:                                                                                                                   0.12824                                                                                                                  0.062884   [                                                                                                                   0.10000                                                                                                                   0.40000 ]
                         :                                                                  bjet_NeutralMultiplicity<30?bjet_NeutralMultiplicity:30:                                                                                                                    9.9290                                                                                                                    5.1345   [                                                                                                                    0.0000                                                                                                                    30.000 ]
                         :                                                                              fabs(bjet_charge)<0.5?fabs(bjet_charge):0.5:                                                                                                                   0.27927                                                                                                                   0.16695   [                                                                                                                5.1672e-06                                                                                                                   0.50000 ]
                         :                         (bjet_charge*bmuon_charge<-0.2)?-0.2:(bjet_charge*bmuon_charge>0.5)?0.5:bjet_charge*bmuon_charge:                                                                                                                   0.19050                                                                                                                   0.24593   [                                                                                                                  -0.20000                                                                                                                   0.50000 ]
                         : -------------------------------------------------------------------------------------------------------------------------------------------------------------------------------------------------------------------------------------------------------------------------------------------------------------------------------------------------------------------------------------------------------------------------------------------------------------------------------------------------------------------------------------------------------------------------------------------------------------------------------------------
                         : Ranking input variables (method unspecific)...
IdTransformation         : Ranking result (top variable is best ranked)
                         : -------------------------------------------------------------------------------------------------------------------------------------------------
                         : Rank : Variable                                                                                                                 : Separation
                         : -------------------------------------------------------------------------------------------------------------------------------------------------
                         :    1 : (bjet_charge*bmuon_charge<-0.2)?-0.2:(bjet_charge*bmuon_charge>0.5)?0.5:bjet_charge*bmuon_charge                         : 1.332e-01
                         :    2 : (bjet_MuonEnergyFraction<0.15)?0.15:(bjet_MuonEnergyFraction>0.45)?0.45:bjet_MuonEnergyFraction                          : 8.144e-02
                         :    3 : fabs(bjet_charge)<0.5?fabs(bjet_charge):0.5                                                                              : 6.686e-02
                         :    4 : (bmuon_P_jetrest<1.5)?1.5:(bmuon_P_jetrest>5.)?5.:bmuon_P_jetrest                                                        : 6.519e-02
                         :    5 : bmuon_reliso<6.?bmuon_reliso:6.                                                                                          : 5.659e-02
                         :    6 : bmuon_palongjet<30.?bmuon_palongjet:30.                                                                                  : 2.937e-02
                         :    7 : (bmuon_ptwrtbjet<1.5)?1.5:(bmuon_ptwrtbjet>3.5)?3.5:bmuon_ptwrtbjet                                                      : 2.560e-02
                         :    8 : (bjet_ChargedHadronEnergyFraction<0.35)?0.35:(bjet_ChargedHadronEnergyFraction>0.9)?0.9:bjet_ChargedHadronEnergyFraction : 1.640e-02
                         :    9 : bmuon_dR_l_j<0.04?0.04:bmuon_dR_l_j                                                                                      : 7.810e-03
                         :   10 : (bmuon_nsip3d<3.)?3.:(bmuon_nsip3d>10.)?10.:bmuon_nsip3d                                                                 : 7.388e-03
                         :   11 : bjet_NeutralEmEnergyFraction<0.5?bjet_NeutralEmEnergyFraction:0.5                                                        : 6.317e-03
                         :   12 : bjet_NeutralMultiplicity<30?bjet_NeutralMultiplicity:30                                                                  : 4.071e-03
                         :   13 : (bjet_NeutralHadronEnergyFraction<0.1)?0.1:(bjet_NeutralHadronEnergyFraction>0.4)?0.4:bjet_NeutralHadronEnergyFraction   : 2.533e-03
                         : -------------------------------------------------------------------------------------------------------------------------------------------------
Factory                  : Train method: BDT for Classification
                         : 
                         : Preparing the Gaussian transformation...
TFHandler_BDT            :                                                                                                                 Variable                                                                                                                        Mean                                                                                                                        RMS                                                                                                                [        Min                                                                                                                        Max ]
                         : -------------------------------------------------------------------------------------------------------------------------------------------------------------------------------------------------------------------------------------------------------------------------------------------------------------------------------------------------------------------------------------------------------------------------------------------------------------------------------------------------------------------------------------------------------------------------------------------------------------------------------------------
                         :                                                                                      bmuon_dR_l_j<0.04?0.04:bmuon_dR_l_j:                                                                                                                  -0.71993                                                                                                                    1.5456   [                                                                                                                   -2.9787                                                                                                                    5.7307 ]
                         :                                                                 (bmuon_nsip3d<3.)?3.:(bmuon_nsip3d>10.)?10.:bmuon_nsip3d:                                                                                                                    2.4698                                                                                                                    3.5272   [                                                                                                                   -2.7133                                                                                                                    5.7307 ]
                         :                                                        (bmuon_P_jetrest<1.5)?1.5:(bmuon_P_jetrest>5.)?5.:bmuon_P_jetrest:                                                                                                                   -1.7457                                                                                                                    1.5435   [                                                                                                                   -2.8077                                                                                                                    5.4200 ]
                         :                                                                                  bmuon_palongjet<30.?bmuon_palongjet:30.:                                                                                                                    1.6498                                                                                                                    2.6253   [                                                                                                                   -3.2060                                                                                                                    5.4200 ]
                         :                                                      (bmuon_ptwrtbjet<1.5)?1.5:(bmuon_ptwrtbjet>3.5)?3.5:bmuon_ptwrtbjet:                                                                                                                   -2.1017                                                                                                                    1.1923   [                                                                                                                   -2.5726                                                                                                                    5.7307 ]
                         :                                                                                          bmuon_reliso<6.?bmuon_reliso:6.:                                                                                                                   0.58278                                                                                                                    2.0267   [                                                                                                                   -3.1098                                                                                                                    5.7307 ]
                         : (bjet_ChargedHadronEnergyFraction<0.35)?0.35:(bjet_ChargedHadronEnergyFraction>0.9)?0.9:bjet_ChargedHadronEnergyFraction:                                                                                                                  -0.90042                                                                                                                    1.7451   [                                                                                                                   -3.0251                                                                                                                    5.7307 ]
                         :                          (bjet_MuonEnergyFraction<0.15)?0.15:(bjet_MuonEnergyFraction>0.45)?0.45:bjet_MuonEnergyFraction:                                                                                                                  -0.26468                                                                                                                    2.7527   [                                                                                                                   -2.9887                                                                                                                    5.7307 ]
                         :                                                        bjet_NeutralEmEnergyFraction<0.5?bjet_NeutralEmEnergyFraction:0.5:                                                                                                                   0.13778                                                                                                                    1.3863   [                                                                                                                   -3.2568                                                                                                                    5.7307 ]
                         :   (bjet_NeutralHadronEnergyFraction<0.1)?0.1:(bjet_NeutralHadronEnergyFraction>0.4)?0.4:bjet_NeutralHadronEnergyFraction:                                                                                                                   -1.8560                                                                                                                    1.6274   [                                                                                                                   -2.7664                                                                                                                    5.7307 ]
                         :                                                                  bjet_NeutralMultiplicity<30?bjet_NeutralMultiplicity:30:                                                                                                                 0.0017615                                                                                                                    1.0474   [                                                                                                                   -5.0108                                                                                                                    5.7307 ]
                         :                                                                              fabs(bjet_charge)<0.5?fabs(bjet_charge):0.5:                                                                                                                    1.1593                                                                                                                    2.4638   [                                                                                                                   -3.1628                                                                                                                    5.7307 ]
                         :                         (bjet_charge*bmuon_charge<-0.2)?-0.2:(bjet_charge*bmuon_charge>0.5)?0.5:bjet_charge*bmuon_charge:                                                                                                                   0.74991                                                                                                                    2.7065   [                                                                                                                   -3.0289                                                                                                                    5.7307 ]
                         : -------------------------------------------------------------------------------------------------------------------------------------------------------------------------------------------------------------------------------------------------------------------------------------------------------------------------------------------------------------------------------------------------------------------------------------------------------------------------------------------------------------------------------------------------------------------------------------------------------------------------------------------
                         : Events with weight == 0 are going to be simply ignored 
BDT                      : #events: (reweighted) sig: 23476.5 bkg: 23476.5
                         : #events: (unweighted) sig: 31479 bkg: 15474
                         : Training 400 Decision Trees ... patience please
                         : Elapsed time for training with 68449 events: 41.9 sec         
BDT                      : [FIN_BDT_2017] : Evaluation of BDT on training sample (68449 events)
                         : Elapsed time for evaluation of 68449 events: 5.3 sec       
                         : Creating xml weight file: [0;36mFIN_BDT_2017/weights/FIN_BDT_2017_BDT.weights.xml[0m
                         : Creating standalone class: [0;36mFIN_BDT_2017/weights/FIN_BDT_2017_BDT.class.C[0m
                         : FIN_BDT_2017.root:/FIN_BDT_2017/Method_BDT/BDT
Factory                  : Training finished
                         : 
                         : Ranking input variables (method specific)...
BDT                      : Ranking result (top variable is best ranked)
                         : ----------------------------------------------------------------------------------------------------------------------------------------------------------
                         : Rank : Variable                                                                                                                 : Variable Importance
                         : ----------------------------------------------------------------------------------------------------------------------------------------------------------
                         :    1 : (bjet_charge*bmuon_charge<-0.2)?-0.2:(bjet_charge*bmuon_charge>0.5)?0.5:bjet_charge*bmuon_charge                         : 2.326e-01
                         :    2 : bmuon_dR_l_j<0.04?0.04:bmuon_dR_l_j                                                                                      : 9.325e-02
                         :    3 : (bjet_MuonEnergyFraction<0.15)?0.15:(bjet_MuonEnergyFraction>0.45)?0.45:bjet_MuonEnergyFraction                          : 9.262e-02
                         :    4 : (bmuon_P_jetrest<1.5)?1.5:(bmuon_P_jetrest>5.)?5.:bmuon_P_jetrest                                                        : 7.730e-02
                         :    5 : bmuon_reliso<6.?bmuon_reliso:6.                                                                                          : 6.465e-02
                         :    6 : (bmuon_nsip3d<3.)?3.:(bmuon_nsip3d>10.)?10.:bmuon_nsip3d                                                                 : 6.337e-02
                         :    7 : bmuon_palongjet<30.?bmuon_palongjet:30.                                                                                  : 5.969e-02
                         :    8 : (bjet_ChargedHadronEnergyFraction<0.35)?0.35:(bjet_ChargedHadronEnergyFraction>0.9)?0.9:bjet_ChargedHadronEnergyFraction : 5.711e-02
                         :    9 : bjet_NeutralEmEnergyFraction<0.5?bjet_NeutralEmEnergyFraction:0.5                                                        : 5.687e-02
                         :   10 : fabs(bjet_charge)<0.5?fabs(bjet_charge):0.5                                                                              : 5.553e-02
                         :   11 : (bjet_NeutralHadronEnergyFraction<0.1)?0.1:(bjet_NeutralHadronEnergyFraction>0.4)?0.4:bjet_NeutralHadronEnergyFraction   : 5.420e-02
                         :   12 : bjet_NeutralMultiplicity<30?bjet_NeutralMultiplicity:30                                                                  : 5.205e-02
                         :   13 : (bmuon_ptwrtbjet<1.5)?1.5:(bmuon_ptwrtbjet>3.5)?3.5:bmuon_ptwrtbjet                                                      : 4.074e-02
                         : ----------------------------------------------------------------------------------------------------------------------------------------------------------
Factory                  : === Destroy and recreate all methods via weight files for testing ===
                         : 
                         : Reading weight file: [0;36mFIN_BDT_2017/weights/FIN_BDT_2017_BDT.weights.xml[0m
Factory                  : [1mTest all methods[0m
Factory                  : Test method: BDT for Classification performance
                         : 
BDT                      : [FIN_BDT_2017] : Evaluation of BDT on testing sample (97946 events)
                         : Elapsed time for evaluation of 97946 events: 6.14 sec       
Factory                  : [1mEvaluate all methods[0m
Factory                  : Evaluate classifier: BDT
                         : 
TFHandler_BDT            :                                                                                                                 Variable                                                                                                                        Mean                                                                                                                        RMS                                                                                                                [        Min                                                                                                                        Max ]
                         : -------------------------------------------------------------------------------------------------------------------------------------------------------------------------------------------------------------------------------------------------------------------------------------------------------------------------------------------------------------------------------------------------------------------------------------------------------------------------------------------------------------------------------------------------------------------------------------------------------------------------------------------
                         :                                                                                      bmuon_dR_l_j<0.04?0.04:bmuon_dR_l_j:                                                                                                                  -0.72873                                                                                                                    1.5649   [                                                                                                                   -2.9787                                                                                                                    5.7307 ]
                         :                                                                 (bmuon_nsip3d<3.)?3.:(bmuon_nsip3d>10.)?10.:bmuon_nsip3d:                                                                                                                    2.4184                                                                                                                    3.5442   [                                                                                                                   -2.7133                                                                                                                    5.7307 ]
                         :                                                        (bmuon_P_jetrest<1.5)?1.5:(bmuon_P_jetrest>5.)?5.:bmuon_P_jetrest:                                                                                                                   -1.5827                                                                                                                    1.6388   [                                                                                                                   -2.8077                                                                                                                    5.4200 ]
                         :                                                                                  bmuon_palongjet<30.?bmuon_palongjet:30.:                                                                                                                    1.8235                                                                                                                    2.6510   [                                                                                                                   -3.4680                                                                                                                    5.4200 ]
                         :                                                      (bmuon_ptwrtbjet<1.5)?1.5:(bmuon_ptwrtbjet>3.5)?3.5:bmuon_ptwrtbjet:                                                                                                                   -2.0184                                                                                                                    1.3126   [                                                                                                                   -2.5726                                                                                                                    5.7307 ]
                         :                                                                                          bmuon_reliso<6.?bmuon_reliso:6.:                                                                                                                   0.50332                                                                                                                    1.9987   [                                                                                                                   -3.1098                                                                                                                    5.7307 ]
                         : (bjet_ChargedHadronEnergyFraction<0.35)?0.35:(bjet_ChargedHadronEnergyFraction>0.9)?0.9:bjet_ChargedHadronEnergyFraction:                                                                                                                  -0.94817                                                                                                                    1.7408   [                                                                                                                   -3.0251                                                                                                                    5.7307 ]
                         :                          (bjet_MuonEnergyFraction<0.15)?0.15:(bjet_MuonEnergyFraction>0.45)?0.45:bjet_MuonEnergyFraction:                                                                                                                 -0.078220                                                                                                                    2.8346   [                                                                                                                   -2.9887                                                                                                                    5.7307 ]
                         :                                                        bjet_NeutralEmEnergyFraction<0.5?bjet_NeutralEmEnergyFraction:0.5:                                                                                                                   0.12411                                                                                                                    1.3853   [                                                                                                                   -3.2568                                                                                                                    5.7307 ]
                         :   (bjet_NeutralHadronEnergyFraction<0.1)?0.1:(bjet_NeutralHadronEnergyFraction>0.4)?0.4:bjet_NeutralHadronEnergyFraction:                                                                                                                   -1.8981                                                                                                                    1.5971   [                                                                                                                   -2.7664                                                                                                                    5.7307 ]
                         :                                                                  bjet_NeutralMultiplicity<30?bjet_NeutralMultiplicity:30:                                                                                                                 0.0048026                                                                                                                    1.0522   [                                                                                                                   -5.0108                                                                                                                    5.7307 ]
                         :                                                                              fabs(bjet_charge)<0.5?fabs(bjet_charge):0.5:                                                                                                                    1.3475                                                                                                                    2.5414   [                                                                                                                   -3.1603                                                                                                                    5.7307 ]
                         :                         (bjet_charge*bmuon_charge<-0.2)?-0.2:(bjet_charge*bmuon_charge>0.5)?0.5:bjet_charge*bmuon_charge:                                                                                                                    1.0291                                                                                                                    2.7553   [                                                                                                                   -3.0289                                                                                                                    5.7307 ]
                         : -------------------------------------------------------------------------------------------------------------------------------------------------------------------------------------------------------------------------------------------------------------------------------------------------------------------------------------------------------------------------------------------------------------------------------------------------------------------------------------------------------------------------------------------------------------------------------------------------------------------------------------------
BDT                      : [FIN_BDT_2017] : Loop over test events and fill histograms with classifier response...
                         : 
TFHandler_BDT            :                                                                                                                 Variable                                                                                                                        Mean                                                                                                                        RMS                                                                                                                [        Min                                                                                                                        Max ]
                         : -------------------------------------------------------------------------------------------------------------------------------------------------------------------------------------------------------------------------------------------------------------------------------------------------------------------------------------------------------------------------------------------------------------------------------------------------------------------------------------------------------------------------------------------------------------------------------------------------------------------------------------------
                         :                                                                                      bmuon_dR_l_j<0.04?0.04:bmuon_dR_l_j:                                                                                                                  -0.72873                                                                                                                    1.5649   [                                                                                                                   -2.9787                                                                                                                    5.7307 ]
                         :                                                                 (bmuon_nsip3d<3.)?3.:(bmuon_nsip3d>10.)?10.:bmuon_nsip3d:                                                                                                                    2.4184                                                                                                                    3.5442   [                                                                                                                   -2.7133                                                                                                                    5.7307 ]
                         :                                                        (bmuon_P_jetrest<1.5)?1.5:(bmuon_P_jetrest>5.)?5.:bmuon_P_jetrest:                                                                                                                   -1.5827                                                                                                                    1.6388   [                                                                                                                   -2.8077                                                                                                                    5.4200 ]
                         :                                                                                  bmuon_palongjet<30.?bmuon_palongjet:30.:                                                                                                                    1.8235                                                                                                                    2.6510   [                                                                                                                   -3.4680                                                                                                                    5.4200 ]
                         :                                                      (bmuon_ptwrtbjet<1.5)?1.5:(bmuon_ptwrtbjet>3.5)?3.5:bmuon_ptwrtbjet:                                                                                                                   -2.0184                                                                                                                    1.3126   [                                                                                                                   -2.5726                                                                                                                    5.7307 ]
                         :                                                                                          bmuon_reliso<6.?bmuon_reliso:6.:                                                                                                                   0.50332                                                                                                                    1.9987   [                                                                                                                   -3.1098                                                                                                                    5.7307 ]
                         : (bjet_ChargedHadronEnergyFraction<0.35)?0.35:(bjet_ChargedHadronEnergyFraction>0.9)?0.9:bjet_ChargedHadronEnergyFraction:                                                                                                                  -0.94817                                                                                                                    1.7408   [                                                                                                                   -3.0251                                                                                                                    5.7307 ]
                         :                          (bjet_MuonEnergyFraction<0.15)?0.15:(bjet_MuonEnergyFraction>0.45)?0.45:bjet_MuonEnergyFraction:                                                                                                                 -0.078220                                                                                                                    2.8346   [                                                                                                                   -2.9887                                                                                                                    5.7307 ]
                         :                                                        bjet_NeutralEmEnergyFraction<0.5?bjet_NeutralEmEnergyFraction:0.5:                                                                                                                   0.12411                                                                                                                    1.3853   [                                                                                                                   -3.2568                                                                                                                    5.7307 ]
                         :   (bjet_NeutralHadronEnergyFraction<0.1)?0.1:(bjet_NeutralHadronEnergyFraction>0.4)?0.4:bjet_NeutralHadronEnergyFraction:                                                                                                                   -1.8981                                                                                                                    1.5971   [                                                                                                                   -2.7664                                                                                                                    5.7307 ]
                         :                                                                  bjet_NeutralMultiplicity<30?bjet_NeutralMultiplicity:30:                                                                                                                 0.0048026                                                                                                                    1.0522   [                                                                                                                   -5.0108                                                                                                                    5.7307 ]
                         :                                                                              fabs(bjet_charge)<0.5?fabs(bjet_charge):0.5:                                                                                                                    1.3475                                                                                                                    2.5414   [                                                                                                                   -3.1603                                                                                                                    5.7307 ]
                         :                         (bjet_charge*bmuon_charge<-0.2)?-0.2:(bjet_charge*bmuon_charge>0.5)?0.5:bjet_charge*bmuon_charge:                                                                                                                    1.0291                                                                                                                    2.7553   [                                                                                                                   -3.0289                                                                                                                    5.7307 ]
                         : -------------------------------------------------------------------------------------------------------------------------------------------------------------------------------------------------------------------------------------------------------------------------------------------------------------------------------------------------------------------------------------------------------------------------------------------------------------------------------------------------------------------------------------------------------------------------------------------------------------------------------------------
                         : 
                         : Evaluation results ranked by best signal efficiency and purity (area)
                         : -------------------------------------------------------------------------------------------------------------------
                         : DataSet       MVA                       
                         : Name:         Method:          ROC-integ
                         : FIN_BDT_2017  BDT            : 0.752
                         : -------------------------------------------------------------------------------------------------------------------
                         : 
                         : Testing efficiency compared to training efficiency (overtraining check)
                         : -------------------------------------------------------------------------------------------------------------------
                         : DataSet              MVA              Signal efficiency: from test sample (from training sample) 
                         : Name:                Method:          @B=0.01             @B=0.10            @B=0.30   
                         : -------------------------------------------------------------------------------------------------------------------
                         : FIN_BDT_2017         BDT            : 0.084 (0.087)       0.371 (0.399)      0.672 (0.684)
                         : -------------------------------------------------------------------------------------------------------------------
                         : 
Dataset:FIN_BDT_2017     : Created tree 'TestTree' with 97946 events
                         : 
Dataset:FIN_BDT_2017     : Created tree 'TrainTree' with 68449 events
                         : 
Factory                  : [1mThank you for using TMVA![0m
                         : [1mFor citation information, please visit: http://tmva.sf.net/citeTMVA.html[0m
['bmuon_dR_l_j < 0.04 ? 0.04 : bmuon_dR_l_j', '(bmuon_nsip3d<3.)?3.:(bmuon_nsip3d>10.)?10.:bmuon_nsip3d', '(bmuon_P_jetrest<1.5)?1.5:(bmuon_P_jetrest>5.)?5.:bmuon_P_jetrest', 'bmuon_palongjet < 30. ? bmuon_palongjet : 30.', '(bmuon_ptwrtbjet<1.5)?1.5:(bmuon_ptwrtbjet>3.5)?3.5:bmuon_ptwrtbjet', 'bmuon_reliso < 6. ? bmuon_reliso : 6.', '(bjet_ChargedHadronEnergyFraction < 0.35)?0.35:(bjet_ChargedHadronEnergyFraction>0.9)?0.9:bjet_ChargedHadronEnergyFraction', '(bjet_MuonEnergyFraction < 0.15) ? 0.15 : (bjet_MuonEnergyFraction >0.45) ? 0.45 : bjet_MuonEnergyFraction', 'bjet_NeutralEmEnergyFraction < 0.5 ? bjet_NeutralEmEnergyFraction : 0.5', '(bjet_NeutralHadronEnergyFraction<0.1)?0.1:(bjet_NeutralHadronEnergyFraction>0.4)?0.4:bjet_NeutralHadronEnergyFraction', 'bjet_NeutralMultiplicity<30 ? bjet_NeutralMultiplicity:30', 'fabs(bjet_charge) < 0.5 ? fabs(bjet_charge) : 0.5', '(bjet_charge*bmuon_charge < -0.2) ? -0.2 : (bjet_charge*bmuon_charge > 0.5) ? 0.5 : bjet_charge*bmuon_charge'] ['belectron_dR_l_j < 0.1 ? 0.1 : belectron_dR_l_j', 'belectron_nsip3d < 6. ? belectron_nsip3d : 6.', '(belectron_P_jetrest < 2.) ? belectron_P_jetrest : 2.', '(belectron_ptwrtbjet < 3.) ? belectron_ptwrtbjet : 3.', 'bjet_ChargedEmEnergyFraction < 0.2 ? bjet_ChargedEmEnergyFraction : 0.2', 'bjet_ChargedHadronEnergyFraction < 0.6 ? 0.6 : bjet_ChargedHadronEnergyFraction', '(bjet_NeutralEmEnergyFraction<0.2)?0.2:(bjet_NeutralEmEnergyFraction>0.65)?0.65:bjet_NeutralEmEnergyFraction', 'fabs(bjet_charge)<0.35 ? fabs(bjet_charge) : 0.35', '(bjet_charge*belectron_charge<-0.4)?-0.4:(bjet_charge*belectron_charge>0.3)?0.3:bjet_charge*belectron_charge'] ['bjet_ChargedHadronEnergyFraction<0.3?0.3:bjet_ChargedHadronEnergyFraction', 'bjet_NeutralEmEnergyFraction<0.05?0.05:bjet_NeutralEmEnergyFraction>0.7?0.7:bjet_NeutralEmEnergyFraction', '(log(bjet_NeutralHadronEnergyFraction)<-4)?-4:(log(bjet_NeutralHadronEnergyFraction)>-1)?-1:log(bjet_NeutralHadronEnergyFraction)', 'bjet_NeutralMultiplicity<30?bjet_NeutralMultiplicity:30', 'fabs(bjet_charge) < 0.4 ? fabs(bjet_charge) : 0.4']
(bmuon_charge*bjet_partonFlavour < 0)&&Has_bMuon (bmuon_charge*bjet_partonFlavour > 0)&&Has_bMuon (belectron_charge*bjet_partonFlavour < 0)&&(Has_bElectron) (belectron_charge*bjet_partonFlavour > 0)&&(Has_bElectron) (bjet_charge*bjet_partonFlavour < 0)&&(!Has_bElectron)&&(!Has_bMuon) (bjet_charge*bjet_partonFlavour > 0)&&(!Has_bElectron)&&(!Has_bMuon)
sigcut= (bmuon_charge*bjet_partonFlavour < 0)&&Has_bMuon
bkgcut= (bmuon_charge*bjet_partonFlavour > 0)&&Has_bMuon
<sig cut>= (bmuon_charge*bjet_partonFlavour < 0)&&Has_bMuon
<bkg cut>= (bmuon_charge*bjet_partonFlavour > 0)&&Has_bMuon
---sig_test---
<self.testtree_sig> OutTree/sig
/pnfs/knu.ac.kr/data/cms/store/user/jhchoi/JetChargeTagScore/TMVA_TOOL/inputs/EEMu_MuMuE_Method/v2512.5_2017/2017/EEMu_MuMuE_Method_DYJetsToEE_MiNNLO.root
/pnfs/knu.ac.kr/data/cms/store/user/jhchoi/JetChargeTagScore/TMVA_TOOL/inputs/EEMu_MuMuE_Method/v2512.5_2017/2017/EEMu_MuMuE_Method_DYJetsToMuMu_MiNNLO.root
--bkg_test---
<self.testtree_bkg> OutTree/bkg
/pnfs/knu.ac.kr/data/cms/store/user/jhchoi/JetChargeTagScore/TMVA_TOOL/inputs/EEMu_MuMuE_Method/v2512.5_2017/2017/EEMu_MuMuE_Method_DYJetsToEE_MiNNLO.root
/pnfs/knu.ac.kr/data/cms/store/user/jhchoi/JetChargeTagScore/TMVA_TOOL/inputs/EEMu_MuMuE_Method/v2512.5_2017/2017/EEMu_MuMuE_Method_DYJetsToMuMu_MiNNLO.root
---sig_train---
<self.traintree_sig> OutTree/sig
/pnfs/knu.ac.kr/data/cms/store/user/jhchoi/JetChargeTagScore/TMVA_TOOL/inputs/EEMu_MuMuE_Method/v2512.5_2017/2017/EEMu_MuMuE_Method_DYJets.root
---bkg_train---
<self.traintree_bkg> OutTree/bkg
/pnfs/knu.ac.kr/data/cms/store/user/jhchoi/JetChargeTagScore/TMVA_TOOL/inputs/EEMu_MuMuE_Method/v2512.5_2017/2017/EEMu_MuMuE_Method_DYJets.root
>>>>self.dataloader.PrepareTrainingAndTestTree
Set sig cut -> (bmuon_charge*bjet_partonFlavour < 0)&&Has_bMuon
Set bkg cut -> (bmuon_charge*bjet_partonFlavour > 0)&&Has_bMuon
auc= 0.7519555647607854
END of RUNNING...run_single
FIN_BDT_2017
FIN_BDT_2017.root
_condor_stderr
_condor_stdout
run.sh
tmp
var
myerr=0
[ntry=1]
