DataSetInfo              : [BDT_2018] : Added class "Signal"
                         : Add Tree OutTree/sig of type Signal with 1209174 events
                         : Add Tree OutTree/sig of type Signal with 1198085 events
DataSetInfo              : [BDT_2018] : Added class "Background"
                         : Add Tree OutTree/bkg of type Background with 729378 events
                         : Add Tree OutTree/bkg of type Background with 713810 events
Factory                  : Booking method: [1mBDT[0m
                         : 
                         : Parsing option string: 
                         : ... "!H:V:NTrees=1000:MinNodeSize=1%:MaxDepth=6:Shrinkage=0.005:BoostType=Grad:AdaBoostBeta=:UseBaggedBoost=True:BaggedSampleFraction=0.6:SeparationType=CrossEntropy:nCuts=20:IgnoreNegWeightsInTraining=True:VarTransform=G"
                         : The following options are set:
                         : - By User:
                         :     <none>
                         : - Default:
                         :     Boost_num: "0" [Number of times the classifier will be boosted]
                         : Parsing option string: 
                         : ... "!H:V:NTrees=1000:MinNodeSize=1%:MaxDepth=6:Shrinkage=0.005:BoostType=Grad:AdaBoostBeta=:UseBaggedBoost=True:BaggedSampleFraction=0.6:SeparationType=CrossEntropy:nCuts=20:IgnoreNegWeightsInTraining=True:VarTransform=G"
                         : The following options are set:
                         : - By User:
                         :     V: "True" [Verbose output (short form of "VerbosityLevel" below - overrides the latter one)]
                         :     VarTransform: "G" [List of variable transformations performed before training, e.g., "D_Background,P_Signal,G,N_AllClasses" for: "Decorrelation, PCA-transformation, Gaussianisation, Normalisation, each for the given class of events ('AllClasses' denotes all events of all classes, if no class indication is given, 'All' is assumed)"]
                         :     H: "False" [Print method-specific help message]
                         :     IgnoreNegWeightsInTraining: "True" [Events with negative weights are ignored in the training (but are included for testing and performance evaluation)]
                         :     NTrees: "1000" [Number of trees in the forest]
                         :     MaxDepth: "6" [Max depth of the decision tree allowed]
                         :     MinNodeSize: "1%" [Minimum percentage of training events required in a leaf node (default: Classification: 5%, Regression: 0.2%)]
                         :     nCuts: "20" [Number of grid points in variable range used in finding optimal cut in node splitting]
                         :     BoostType: "Grad" [Boosting type for the trees in the forest (note: AdaCost is still experimental)]
                         :     UseBaggedBoost: "True" [Use only a random subsample of all events for growing the trees in each boost iteration.]
                         :     Shrinkage: "5.000000e-03" [Learning rate for BoostType=Grad algorithm]
                         :     AdaBoostBeta: "5.000000e-01" [Learning rate  for AdaBoost algorithm]
                         :     BaggedSampleFraction: "6.000000e-01" [Relative size of bagged event sample to original size of the data sample (used whenever bagging is used (i.e. UseBaggedBoost, Bagging,)]
                         :     SeparationType: "CrossEntropy" [Separation criterion for node splitting]
                         : - Default:
                         :     VerbosityLevel: "Default" [Verbosity level]
                         :     CreateMVAPdfs: "False" [Create PDFs for classifier outputs (signal and background)]
                         :     AdaBoostR2Loss: "Quadratic" [Type of Loss function in AdaBoostR2]
                         :     UseRandomisedTrees: "False" [Determine at each node splitting the cut variable only as the best out of a random subset of variables (like in RandomForests)]
                         :     UseNvars: "4" [Size of the subset of variables used with RandomisedTree option]
                         :     UsePoissonNvars: "True" [Interpret "UseNvars" not as fixed number but as mean of a Poisson distribution in each split with RandomisedTree option]
                         :     UseYesNoLeaf: "True" [Use Sig or Bkg categories, or the purity=S/(S+B) as classification of the leaf node -> Real-AdaBoost]
                         :     NegWeightTreatment: "InverseBoostNegWeights" [How to treat events with negative weights in the BDT training (particular the boosting) : IgnoreInTraining;  Boost With inverse boostweight; Pair events with negative and positive weights in training sample and *annihilate* them (experimental!)]
                         :     Css: "1.000000e+00" [AdaCost: cost of true signal selected signal]
                         :     Cts_sb: "1.000000e+00" [AdaCost: cost of true signal selected bkg]
                         :     Ctb_ss: "1.000000e+00" [AdaCost: cost of true bkg    selected signal]
                         :     Cbb: "1.000000e+00" [AdaCost: cost of true bkg    selected bkg ]
                         :     NodePurityLimit: "5.000000e-01" [In boosting/pruning, nodes with purity > NodePurityLimit are signal; background otherwise.]
                         :     RegressionLossFunctionBDTG: "Huber" [Loss function for BDTG regression.]
                         :     HuberQuantile: "7.000000e-01" [In the Huber loss function this is the quantile that separates the core from the tails in the residuals distribution.]
                         :     DoBoostMonitor: "False" [Create control plot with ROC integral vs tree number]
                         :     UseFisherCuts: "False" [Use multivariate splits using the Fisher criterion]
                         :     MinLinCorrForFisher: "8.000000e-01" [The minimum linear correlation between two variables demanded for use in Fisher criterion in node splitting]
                         :     UseExclusiveVars: "False" [Variables already used in fisher criterion are not anymore analysed individually for node splitting]
                         :     DoPreselection: "False" [and and apply automatic pre-selection for 100% efficient signal (bkg) cuts prior to training]
                         :     SigToBkgFraction: "1.000000e+00" [Sig to Bkg ratio used in Training (similar to NodePurityLimit, which cannot be used in real adaboost]
                         :     PruneMethod: "NoPruning" [Note: for BDTs use small trees (e.g.MaxDepth=3) and NoPruning:  Pruning: Method used for pruning (removal) of statistically insignificant branches ]
                         :     PruneStrength: "0.000000e+00" [Pruning strength]
                         :     PruningValFraction: "5.000000e-01" [Fraction of events to use for optimizing automatic pruning.]
                         :     SkipNormalization: "False" [Skip normalization at initialization, to keep expectation value of BDT output according to the fraction of events]
                         :     nEventsMin: "0" [deprecated: Use MinNodeSize (in % of training events) instead]
                         :     UseBaggedGrad: "False" [deprecated: Use *UseBaggedBoost* instead:  Use only a random subsample of all events for growing the trees in each iteration.]
                         :     GradBaggingFraction: "6.000000e-01" [deprecated: Use *BaggedSampleFraction* instead: Defines the fraction of events to be used in each iteration, e.g. when UseBaggedGrad=kTRUE. ]
                         :     UseNTrainEvents: "0" [deprecated: Use *BaggedSampleFraction* instead: Number of randomly picked training events used in randomised (and bagged) trees]
                         :     NNodesMax: "0" [deprecated: Use MaxDepth instead to limit the tree size]
BDT                      : [BDT_2018] : Create Transformation "G" with events from all classes.
                         : 
                         : Transformation, Variable selection : 
                         : Input : variable 'bmuon_dR_l_j' <---> Output : variable 'bmuon_dR_l_j'
                         : Input : variable 'bmuon_nsip3d<0.1?0.1:bmuon_nsip3d>10.?10.:bmuon_nsip3d' <---> Output : variable 'bmuon_nsip3d<0.1?0.1:bmuon_nsip3d>10.?10.:bmuon_nsip3d'
                         : Input : variable 'bmuon_P_jetrest<1.?1.:bmuon_P_jetrest>4.?4.:bmuon_P_jetrest' <---> Output : variable 'bmuon_P_jetrest<1.?1.:bmuon_P_jetrest>4.?4.:bmuon_P_jetrest'
                         : Input : variable 'bmuon_palongjet>10.?10.:bmuon_palongjet' <---> Output : variable 'bmuon_palongjet>10.?10.:bmuon_palongjet'
                         : Input : variable 'bmuon_palongjetratio>0.4?0.4:bmuon_palongjetratio' <---> Output : variable 'bmuon_palongjetratio>0.4?0.4:bmuon_palongjetratio'
                         : Input : variable 'bmuon_ptwrtbjet<1.?1.:bmuon_ptwrtbjet>3.5?3.5:bmuon_ptwrtbjet' <---> Output : variable 'bmuon_ptwrtbjet<1.?1.:bmuon_ptwrtbjet>3.5?3.5:bmuon_ptwrtbjet'
                         : Input : variable 'log10(1.+bmuon_reliso)>1.2?1.2:log10(1.+bmuon_reliso)' <---> Output : variable 'log10(1.+bmuon_reliso)>1.2?1.2:log10(1.+bmuon_reliso)'
                         : Input : variable 'bjet_ChargedHadronEnergyFraction<0.2?0.2:bjet_ChargedHadronEnergyFraction>0.9?0.9:bjet_ChargedHadronEnergyFraction' <---> Output : variable 'bjet_ChargedHadronEnergyFraction<0.2?0.2:bjet_ChargedHadronEnergyFraction>0.9?0.9:bjet_ChargedHadronEnergyFraction'
                         : Input : variable 'bjet_MuonEnergyFraction<0.2?0.2:bjet_MuonEnergyFraction>0.4?0.4:bjet_MuonEnergyFraction' <---> Output : variable 'bjet_MuonEnergyFraction<0.2?0.2:bjet_MuonEnergyFraction>0.4?0.4:bjet_MuonEnergyFraction'
                         : Input : variable 'bjet_NeutralEmEnergyFraction>0.5?0.5:bjet_NeutralEmEnergyFraction' <---> Output : variable 'bjet_NeutralEmEnergyFraction>0.5?0.5:bjet_NeutralEmEnergyFraction'
                         : Input : variable 'bjet_NeutralHadronEnergyFraction<0.1?0.1:bjet_NeutralHadronEnergyFraction>0.3?0.3:bjet_NeutralHadronEnergyFraction' <---> Output : variable 'bjet_NeutralHadronEnergyFraction<0.1?0.1:bjet_NeutralHadronEnergyFraction>0.3?0.3:bjet_NeutralHadronEnergyFraction'
                         : Input : variable 'bjet_NeutralMultiplicity>25?25:bjet_NeutralMultiplicity' <---> Output : variable 'bjet_NeutralMultiplicity>25?25:bjet_NeutralMultiplicity'
                         : Input : variable 'bjet_charge*bmuon_charge<-0.3?-0.3:bjet_charge*bmuon_charge>0.5?0.5:bjet_charge*bmuon_charge' <---> Output : variable 'bjet_charge*bmuon_charge<-0.3?-0.3:bjet_charge*bmuon_charge>0.5?0.5:bjet_charge*bmuon_charge'
                         : Input : variable 'fabs(bjet_charge)>0.5?0.5:fabs(bjet_charge)' <---> Output : variable 'fabs(bjet_charge)>0.5?0.5:fabs(bjet_charge)'
                         : the option NegWeightTreatment=InverseBoostNegWeights does not exist for BoostType=Grad
                         : --> change to new default NegWeightTreatment=Pray
                         : Rebuilding Dataset BDT_2018
                         : Building event vectors for type 1 Signal
                         : Dataset[BDT_2018] :  create input formulas for tree sig
                         : Dataset[BDT_2018] :  create input formulas for tree sig
                         : Dataset[BDT_2018] :  create input formulas for tree sig
                         : Building event vectors for type 0 Signal
                         : Dataset[BDT_2018] :  create input formulas for tree sig
                         : Dataset[BDT_2018] :  create input formulas for tree sig
                         : Building event vectors for type 1 Background
                         : Dataset[BDT_2018] :  create input formulas for tree bkg
                         : Dataset[BDT_2018] :  create input formulas for tree bkg
                         : Dataset[BDT_2018] :  create input formulas for tree bkg
                         : Building event vectors for type 0 Background
                         : Dataset[BDT_2018] :  create input formulas for tree bkg
                         : Dataset[BDT_2018] :  create input formulas for tree bkg
DataSetFactory           : [BDT_2018] : Number of events in input trees
                         : Dataset[BDT_2018] :     Signal     requirement: "(bmuon_charge*bjet_partonFlavour < 0)&&Has_bMuon"
                         : Dataset[BDT_2018] :     Signal          -- number of events passed: 141734  / sum of weights: 89506
                         : Dataset[BDT_2018] :     Signal          -- efficiency             : 0.0488529
                         : Dataset[BDT_2018] :     Background requirement: "(bmuon_charge*bjet_partonFlavour > 0)&&Has_bMuon"
                         : Dataset[BDT_2018] :     Background      -- number of events passed: 72577  / sum of weights: 46526.4
                         : Dataset[BDT_2018] :     Background      -- efficiency             : 0.0423798
                         : Dataset[BDT_2018] :  you have opted for interpreting the requested number of training/testing events
                         :  to be the number of events AFTER your preselection cuts
                         : 
                         : Dataset[BDT_2018] :  you have opted for interpreting the requested number of training/testing events
                         :  to be the number of events AFTER your preselection cuts
                         : 
                         : Dataset[BDT_2018] : Weight renormalisation mode: "EqualNumEvents": renormalises all event classes ...
                         : Dataset[BDT_2018] :  such that the effective (weighted) number of events in each class is the same 
                         : Dataset[BDT_2018] :  (and equals the number of events (entries) given for class=0 )
                         : Dataset[BDT_2018] : ... i.e. such that Sum[i=1..N_j]{w_i} = N_classA, j=classA, classB, ...
                         : Dataset[BDT_2018] : ... (note that N_j is the sum of TRAINING events
                         : Dataset[BDT_2018] :  ..... Testing events are not renormalised nor included in the renormalisation factor!)
                         : Number of training and testing events
                         : ---------------------------------------------------------------------------
                         : Signal     -- training events            : 49551
                         : Signal     -- testing events             : 92183
                         : Signal     -- training and testing events: 141734
                         : Dataset[BDT_2018] : Signal     -- due to the preselection a scaling factor has been applied to the numbers of requested events: 0.0588778
                         : Background -- training events            : 25162
                         : Background -- testing events             : 47415
                         : Background -- training and testing events: 72577
                         : Dataset[BDT_2018] : Background -- due to the preselection a scaling factor has been applied to the numbers of requested events: 0.0502894
                         : 
DataSetInfo              : Correlation matrix (Signal):
                         : --------------------------------------------------------------------------------------------------------------------------------------------------------------------------------------------------------------------------------------------------------------------------------------------------------------------------------------------------------------------------------------------------------------------------------------------------------------------------------------------------------------------------------------------------------------------------------------------------------------------------------------------------------------------------------------------------------------------------------------------------------------------------------------------------------------------------------------------------------------------------------------------------------------------------------------------------------------------------------------------------------------------------------------------------------------------------------
                         :                                                                                                                     bmuon_dR_l_j bmuon_nsip3d_0.1_0.1:bmuon_nsip3d_10._10.:bmuon_nsip3d bmuon_P_jetrest_1._1.:bmuon_P_jetrest_4._4.:bmuon_P_jetrest bmuon_palongjet_10._10.:bmuon_palongjet bmuon_palongjetratio_0.4_0.4:bmuon_palongjetratio bmuon_ptwrtbjet_1._1.:bmuon_ptwrtbjet_3.5_3.5:bmuon_ptwrtbjet log10_1._P_bmuon_reliso__1.2_1.2:log10_1._P_bmuon_reliso_ bjet_ChargedHadronEnergyFraction_0.2_0.2:bjet_ChargedHadronEnergyFraction_0.9_0.9:bjet_ChargedHadronEnergyFraction bjet_MuonEnergyFraction_0.2_0.2:bjet_MuonEnergyFraction_0.4_0.4:bjet_MuonEnergyFraction bjet_NeutralEmEnergyFraction_0.5_0.5:bjet_NeutralEmEnergyFraction bjet_NeutralHadronEnergyFraction_0.1_0.1:bjet_NeutralHadronEnergyFraction_0.3_0.3:bjet_NeutralHadronEnergyFraction bjet_NeutralMultiplicity_25_25:bjet_NeutralMultiplicity bjet_charge_T_bmuon_charge__M_0.3__M_0.3:bjet_charge_T_bmuon_charge_0.5_0.5:bjet_charge_T_bmuon_charge fabs_bjet_charge__0.5_0.5:fabs_bjet_charge_
                         :                                                                                                       bmuon_dR_l_j:       +1.000                                                 +0.155                                                      -0.001                                  -0.264                                            -0.390                                                        +0.437                                                    +0.233                                                                                                             +0.184                                                                                  -0.390                                                            +0.064                                                                                                             +0.096                                                  -0.001                                                                                                 -0.221                                      -0.227
                         :                                                             bmuon_nsip3d_0.1_0.1:bmuon_nsip3d_10._10.:bmuon_nsip3d:       +0.155                                                 +1.000                                                      -0.088                                  -0.035                                            -0.178                                                        +0.021                                                    +0.097                                                                                                             +0.062                                                                                  -0.178                                                            +0.080                                                                                                             +0.049                                                  +0.043                                                                                                 -0.110                                      -0.099
                         :                                                        bmuon_P_jetrest_1._1.:bmuon_P_jetrest_4._4.:bmuon_P_jetrest:       -0.001                                                 -0.088                                                      +1.000                                  +0.243                                            +0.554                                                        +0.709                                                    -0.479                                                                                                             -0.324                                                                                  +0.521                                                            -0.199                                                                                                             -0.115                                                  +0.033                                                                                                 +0.320                                      +0.309
                         :                                                                            bmuon_palongjet_10._10.:bmuon_palongjet:       -0.264                                                 -0.035                                                      +0.243                                  +1.000                                            +0.372                                                        +0.121                                                    -0.382                                                                                                             -0.166                                                                                  +0.324                                                            -0.152                                                                                                             -0.028                                                  -0.088                                                                                                 +0.227                                      +0.183
                         :                                                                  bmuon_palongjetratio_0.4_0.4:bmuon_palongjetratio:       -0.390                                                 -0.178                                                      +0.554                                  +0.372                                            +1.000                                                        +0.158                                                    -0.839                                                                                                             -0.482                                                                                  +0.912                                                            -0.294                                                                                                             -0.169                                                  -0.249                                                                                                 +0.525                                      +0.461
                         :                                                      bmuon_ptwrtbjet_1._1.:bmuon_ptwrtbjet_3.5_3.5:bmuon_ptwrtbjet:       +0.437                                                 +0.021                                                      +0.709                                  +0.121                                            +0.158                                                        +1.000                                                    -0.167                                                                                                             -0.094                                                                                  +0.117                                                            -0.076                                                                                                             -0.021                                                  +0.045                                                                                                 +0.078                                      +0.070
                         :                                                          log10_1._P_bmuon_reliso__1.2_1.2:log10_1._P_bmuon_reliso_:       +0.233                                                 +0.097                                                      -0.479                                  -0.382                                            -0.839                                                        -0.167                                                    +1.000                                                                                                             +0.452                                                                                  -0.743                                                            +0.349                                                                                                             +0.154                                                  +0.319                                                                                                 -0.429                                      -0.368
                         : bjet_ChargedHadronEnergyFraction_0.2_0.2:bjet_ChargedHadronEnergyFraction_0.9_0.9:bjet_ChargedHadronEnergyFraction:       +0.184                                                 +0.062                                                      -0.324                                  -0.166                                            -0.482                                                        -0.094                                                    +0.452                                                                                                             +1.000                                                                                  -0.534                                                            -0.252                                                                                                             -0.225                                                  -0.091                                                                                                 -0.338                                      -0.331
                         :                            bjet_MuonEnergyFraction_0.2_0.2:bjet_MuonEnergyFraction_0.4_0.4:bjet_MuonEnergyFraction:       -0.390                                                 -0.178                                                      +0.521                                  +0.324                                            +0.912                                                        +0.117                                                    -0.743                                                                                                             -0.534                                                                                  +1.000                                                            -0.304                                                                                                             -0.161                                                  -0.238                                                                                                 +0.498                                      +0.467
                         :                                                  bjet_NeutralEmEnergyFraction_0.5_0.5:bjet_NeutralEmEnergyFraction:       +0.064                                                 +0.080                                                      -0.199                                  -0.152                                            -0.294                                                        -0.076                                                    +0.349                                                                                                             -0.252                                                                                  -0.304                                                            +1.000                                                                                                             -0.088                                                  +0.483                                                                                                 -0.092                                      -0.107
                         : bjet_NeutralHadronEnergyFraction_0.1_0.1:bjet_NeutralHadronEnergyFraction_0.3_0.3:bjet_NeutralHadronEnergyFraction:       +0.096                                                 +0.049                                                      -0.115                                  -0.028                                            -0.169                                                        -0.021                                                    +0.154                                                                                                             -0.225                                                                                  -0.161                                                            -0.088                                                                                                             +1.000                                                  +0.048                                                                                                 -0.051                                      -0.051
                         :                                                            bjet_NeutralMultiplicity_25_25:bjet_NeutralMultiplicity:       -0.001                                                 +0.043                                                      +0.033                                  -0.088                                            -0.249                                                        +0.045                                                    +0.319                                                                                                             -0.091                                                                                  -0.238                                                            +0.483                                                                                                             +0.048                                                  +1.000                                                                                                 -0.094                                      -0.101
                         :             bjet_charge_T_bmuon_charge__M_0.3__M_0.3:bjet_charge_T_bmuon_charge_0.5_0.5:bjet_charge_T_bmuon_charge:       -0.221                                                 -0.110                                                      +0.320                                  +0.227                                            +0.525                                                        +0.078                                                    -0.429                                                                                                             -0.338                                                                                  +0.498                                                            -0.092                                                                                                             -0.051                                                  -0.094                                                                                                 +1.000                                      +0.776
                         :                                                                        fabs_bjet_charge__0.5_0.5:fabs_bjet_charge_:       -0.227                                                 -0.099                                                      +0.309                                  +0.183                                            +0.461                                                        +0.070                                                    -0.368                                                                                                             -0.331                                                                                  +0.467                                                            -0.107                                                                                                             -0.051                                                  -0.101                                                                                                 +0.776                                      +1.000
                         : --------------------------------------------------------------------------------------------------------------------------------------------------------------------------------------------------------------------------------------------------------------------------------------------------------------------------------------------------------------------------------------------------------------------------------------------------------------------------------------------------------------------------------------------------------------------------------------------------------------------------------------------------------------------------------------------------------------------------------------------------------------------------------------------------------------------------------------------------------------------------------------------------------------------------------------------------------------------------------------------------------------------------------------------------------------------------------
DataSetInfo              : Correlation matrix (Background):
                         : --------------------------------------------------------------------------------------------------------------------------------------------------------------------------------------------------------------------------------------------------------------------------------------------------------------------------------------------------------------------------------------------------------------------------------------------------------------------------------------------------------------------------------------------------------------------------------------------------------------------------------------------------------------------------------------------------------------------------------------------------------------------------------------------------------------------------------------------------------------------------------------------------------------------------------------------------------------------------------------------------------------------------------------------------------------------------------
                         :                                                                                                                     bmuon_dR_l_j bmuon_nsip3d_0.1_0.1:bmuon_nsip3d_10._10.:bmuon_nsip3d bmuon_P_jetrest_1._1.:bmuon_P_jetrest_4._4.:bmuon_P_jetrest bmuon_palongjet_10._10.:bmuon_palongjet bmuon_palongjetratio_0.4_0.4:bmuon_palongjetratio bmuon_ptwrtbjet_1._1.:bmuon_ptwrtbjet_3.5_3.5:bmuon_ptwrtbjet log10_1._P_bmuon_reliso__1.2_1.2:log10_1._P_bmuon_reliso_ bjet_ChargedHadronEnergyFraction_0.2_0.2:bjet_ChargedHadronEnergyFraction_0.9_0.9:bjet_ChargedHadronEnergyFraction bjet_MuonEnergyFraction_0.2_0.2:bjet_MuonEnergyFraction_0.4_0.4:bjet_MuonEnergyFraction bjet_NeutralEmEnergyFraction_0.5_0.5:bjet_NeutralEmEnergyFraction bjet_NeutralHadronEnergyFraction_0.1_0.1:bjet_NeutralHadronEnergyFraction_0.3_0.3:bjet_NeutralHadronEnergyFraction bjet_NeutralMultiplicity_25_25:bjet_NeutralMultiplicity bjet_charge_T_bmuon_charge__M_0.3__M_0.3:bjet_charge_T_bmuon_charge_0.5_0.5:bjet_charge_T_bmuon_charge fabs_bjet_charge__0.5_0.5:fabs_bjet_charge_
                         :                                                                                                       bmuon_dR_l_j:       +1.000                                                 +0.134                                                      +0.150                                  -0.184                                            -0.201                                                        +0.461                                                    +0.050                                                                                                             +0.014                                                                                  -0.193                                                            -0.003                                                                                                             +0.073                                                  -0.043                                                                                                 -0.078                                      -0.059
                         :                                                             bmuon_nsip3d_0.1_0.1:bmuon_nsip3d_10._10.:bmuon_nsip3d:       +0.134                                                 +1.000                                                      +0.017                                  +0.003                                            +0.005                                                        +0.067                                                    -0.056                                                                                                             -0.050                                                                                  +0.025                                                            -0.001                                                                                                             +0.011                                                  -0.020                                                                                                 +0.023                                      +0.042
                         :                                                        bmuon_P_jetrest_1._1.:bmuon_P_jetrest_4._4.:bmuon_P_jetrest:       +0.150                                                 +0.017                                                      +1.000                                  +0.222                                            +0.572                                                        +0.766                                                    -0.449                                                                                                             -0.249                                                                                  +0.522                                                            -0.123                                                                                                             -0.050                                                  +0.020                                                                                                 +0.386                                      +0.253
                         :                                                                            bmuon_palongjet_10._10.:bmuon_palongjet:       -0.184                                                 +0.003                                                      +0.222                                  +1.000                                            +0.329                                                        +0.122                                                    -0.339                                                                                                             -0.071                                                                                  +0.257                                                            -0.139                                                                                                             -0.022                                                  -0.096                                                                                                 +0.211                                      +0.065
                         :                                                                  bmuon_palongjetratio_0.4_0.4:bmuon_palongjetratio:       -0.201                                                 +0.005                                                      +0.572                                  +0.329                                            +1.000                                                        +0.240                                                    -0.796                                                                                                             -0.369                                                                                  +0.858                                                            -0.196                                                                                                             -0.097                                                  -0.222                                                                                                 +0.524                                      +0.261
                         :                                                      bmuon_ptwrtbjet_1._1.:bmuon_ptwrtbjet_3.5_3.5:bmuon_ptwrtbjet:       +0.461                                                 +0.067                                                      +0.766                                  +0.122                                            +0.240                                                        +1.000                                                    -0.237                                                                                                             -0.140                                                                                  +0.194                                                            -0.060                                                                                                             +0.006                                                  +0.009                                                                                                 +0.198                                      +0.119
                         :                                                          log10_1._P_bmuon_reliso__1.2_1.2:log10_1._P_bmuon_reliso_:       +0.050                                                 -0.056                                                      -0.449                                  -0.339                                            -0.796                                                        -0.237                                                    +1.000                                                                                                             +0.337                                                                                  -0.621                                                            +0.283                                                                                                             +0.098                                                  +0.312                                                                                                 -0.403                                      -0.185
                         : bjet_ChargedHadronEnergyFraction_0.2_0.2:bjet_ChargedHadronEnergyFraction_0.9_0.9:bjet_ChargedHadronEnergyFraction:       +0.014                                                 -0.050                                                      -0.249                                  -0.071                                            -0.369                                                        -0.140                                                    +0.337                                                                                                             +1.000                                                                                  -0.425                                                            -0.358                                                                                                             -0.334                                                  -0.164                                                                                                 -0.304                                      -0.206
                         :                            bjet_MuonEnergyFraction_0.2_0.2:bjet_MuonEnergyFraction_0.4_0.4:bjet_MuonEnergyFraction:       -0.193                                                 +0.025                                                      +0.522                                  +0.257                                            +0.858                                                        +0.194                                                    -0.621                                                                                                             -0.425                                                                                  +1.000                                                            -0.180                                                                                                             -0.095                                                  -0.178                                                                                                 +0.475                                      +0.303
                         :                                                  bjet_NeutralEmEnergyFraction_0.5_0.5:bjet_NeutralEmEnergyFraction:       -0.003                                                 -0.001                                                      -0.123                                  -0.139                                            -0.196                                                        -0.060                                                    +0.283                                                                                                             -0.358                                                                                  -0.180                                                            +1.000                                                                                                             -0.098                                                  +0.488                                                                                                 +0.025                                      -0.047
                         : bjet_NeutralHadronEnergyFraction_0.1_0.1:bjet_NeutralHadronEnergyFraction_0.3_0.3:bjet_NeutralHadronEnergyFraction:       +0.073                                                 +0.011                                                      -0.050                                  -0.022                                            -0.097                                                        +0.006                                                    +0.098                                                                                                             -0.334                                                                                  -0.095                                                            -0.098                                                                                                             +1.000                                                  +0.063                                                                                                 +0.049                                      +0.007
                         :                                                            bjet_NeutralMultiplicity_25_25:bjet_NeutralMultiplicity:       -0.043                                                 -0.020                                                      +0.020                                  -0.096                                            -0.222                                                        +0.009                                                    +0.312                                                                                                             -0.164                                                                                  -0.178                                                            +0.488                                                                                                             +0.063                                                  +1.000                                                                                                 -0.032                                      -0.061
                         :             bjet_charge_T_bmuon_charge__M_0.3__M_0.3:bjet_charge_T_bmuon_charge_0.5_0.5:bjet_charge_T_bmuon_charge:       -0.078                                                 +0.023                                                      +0.386                                  +0.211                                            +0.524                                                        +0.198                                                    -0.403                                                                                                             -0.304                                                                                  +0.475                                                            +0.025                                                                                                             +0.049                                                  -0.032                                                                                                 +1.000                                      +0.345
                         :                                                                        fabs_bjet_charge__0.5_0.5:fabs_bjet_charge_:       -0.059                                                 +0.042                                                      +0.253                                  +0.065                                            +0.261                                                        +0.119                                                    -0.185                                                                                                             -0.206                                                                                  +0.303                                                            -0.047                                                                                                             +0.007                                                  -0.061                                                                                                 +0.345                                      +1.000
                         : --------------------------------------------------------------------------------------------------------------------------------------------------------------------------------------------------------------------------------------------------------------------------------------------------------------------------------------------------------------------------------------------------------------------------------------------------------------------------------------------------------------------------------------------------------------------------------------------------------------------------------------------------------------------------------------------------------------------------------------------------------------------------------------------------------------------------------------------------------------------------------------------------------------------------------------------------------------------------------------------------------------------------------------------------------------------------------
DataSetFactory           : [BDT_2018] :  
                         : 
Factory                  : [1mTrain all methods[0m
Factory                  : [BDT_2018] : Create Transformation "I" with events from all classes.
                         : 
                         : Transformation, Variable selection : 
                         : Input : variable 'bmuon_dR_l_j' <---> Output : variable 'bmuon_dR_l_j'
                         : Input : variable 'bmuon_nsip3d<0.1?0.1:bmuon_nsip3d>10.?10.:bmuon_nsip3d' <---> Output : variable 'bmuon_nsip3d<0.1?0.1:bmuon_nsip3d>10.?10.:bmuon_nsip3d'
                         : Input : variable 'bmuon_P_jetrest<1.?1.:bmuon_P_jetrest>4.?4.:bmuon_P_jetrest' <---> Output : variable 'bmuon_P_jetrest<1.?1.:bmuon_P_jetrest>4.?4.:bmuon_P_jetrest'
                         : Input : variable 'bmuon_palongjet>10.?10.:bmuon_palongjet' <---> Output : variable 'bmuon_palongjet>10.?10.:bmuon_palongjet'
                         : Input : variable 'bmuon_palongjetratio>0.4?0.4:bmuon_palongjetratio' <---> Output : variable 'bmuon_palongjetratio>0.4?0.4:bmuon_palongjetratio'
                         : Input : variable 'bmuon_ptwrtbjet<1.?1.:bmuon_ptwrtbjet>3.5?3.5:bmuon_ptwrtbjet' <---> Output : variable 'bmuon_ptwrtbjet<1.?1.:bmuon_ptwrtbjet>3.5?3.5:bmuon_ptwrtbjet'
                         : Input : variable 'log10(1.+bmuon_reliso)>1.2?1.2:log10(1.+bmuon_reliso)' <---> Output : variable 'log10(1.+bmuon_reliso)>1.2?1.2:log10(1.+bmuon_reliso)'
                         : Input : variable 'bjet_ChargedHadronEnergyFraction<0.2?0.2:bjet_ChargedHadronEnergyFraction>0.9?0.9:bjet_ChargedHadronEnergyFraction' <---> Output : variable 'bjet_ChargedHadronEnergyFraction<0.2?0.2:bjet_ChargedHadronEnergyFraction>0.9?0.9:bjet_ChargedHadronEnergyFraction'
                         : Input : variable 'bjet_MuonEnergyFraction<0.2?0.2:bjet_MuonEnergyFraction>0.4?0.4:bjet_MuonEnergyFraction' <---> Output : variable 'bjet_MuonEnergyFraction<0.2?0.2:bjet_MuonEnergyFraction>0.4?0.4:bjet_MuonEnergyFraction'
                         : Input : variable 'bjet_NeutralEmEnergyFraction>0.5?0.5:bjet_NeutralEmEnergyFraction' <---> Output : variable 'bjet_NeutralEmEnergyFraction>0.5?0.5:bjet_NeutralEmEnergyFraction'
                         : Input : variable 'bjet_NeutralHadronEnergyFraction<0.1?0.1:bjet_NeutralHadronEnergyFraction>0.3?0.3:bjet_NeutralHadronEnergyFraction' <---> Output : variable 'bjet_NeutralHadronEnergyFraction<0.1?0.1:bjet_NeutralHadronEnergyFraction>0.3?0.3:bjet_NeutralHadronEnergyFraction'
                         : Input : variable 'bjet_NeutralMultiplicity>25?25:bjet_NeutralMultiplicity' <---> Output : variable 'bjet_NeutralMultiplicity>25?25:bjet_NeutralMultiplicity'
                         : Input : variable 'bjet_charge*bmuon_charge<-0.3?-0.3:bjet_charge*bmuon_charge>0.5?0.5:bjet_charge*bmuon_charge' <---> Output : variable 'bjet_charge*bmuon_charge<-0.3?-0.3:bjet_charge*bmuon_charge>0.5?0.5:bjet_charge*bmuon_charge'
                         : Input : variable 'fabs(bjet_charge)>0.5?0.5:fabs(bjet_charge)' <---> Output : variable 'fabs(bjet_charge)>0.5?0.5:fabs(bjet_charge)'
TFHandler_Factory        :                                                                                                           Variable                                                                                                                  Mean                                                                                                                  RMS                                                                                                          [        Min                                                                                                                  Max ]
                         : -------------------------------------------------------------------------------------------------------------------------------------------------------------------------------------------------------------------------------------------------------------------------------------------------------------------------------------------------------------------------------------------------------------------------------------------------------------------------------------------------------------------------------------------------------------------------------------------------------------
                         :                                                                                                       bmuon_dR_l_j:                                                                                                            0.084752                                                                                                            0.059882   [                                                                                                          0.00024795                                                                                                             0.39863 ]
                         :                                                             bmuon_nsip3d<0.1?0.1:bmuon_nsip3d>10.?10.:bmuon_nsip3d:                                                                                                              7.0701                                                                                                              3.5065   [                                                                                                             0.10000                                                                                                              10.000 ]
                         :                                                        bmuon_P_jetrest<1.?1.:bmuon_P_jetrest>4.?4.:bmuon_P_jetrest:                                                                                                              1.4509                                                                                                             0.61254   [                                                                                                              1.0000                                                                                                              4.0000 ]
                         :                                                                            bmuon_palongjet>10.?10.:bmuon_palongjet:                                                                                                              9.5164                                                                                                              1.1348   [                                                                                                              4.6923                                                                                                              10.000 ]
                         :                                                                  bmuon_palongjetratio>0.4?0.4:bmuon_palongjetratio:                                                                                                             0.21909                                                                                                             0.11217   [                                                                                                            0.010714                                                                                                             0.40000 ]
                         :                                                      bmuon_ptwrtbjet<1.?1.:bmuon_ptwrtbjet>3.5?3.5:bmuon_ptwrtbjet:                                                                                                              1.2074                                                                                                             0.40398   [                                                                                                              1.0000                                                                                                              3.5000 ]
                         :                                                              log10(1.+bmuon_reliso)>1.2?1.2:log10(1.+bmuon_reliso):                                                                                                             0.53433                                                                                                             0.28467   [                                                                                                              0.0000                                                                                                              1.2000 ]
                         : bjet_ChargedHadronEnergyFraction<0.2?0.2:bjet_ChargedHadronEnergyFraction>0.9?0.9:bjet_ChargedHadronEnergyFraction:                                                                                                             0.47086                                                                                                             0.18345   [                                                                                                             0.20000                                                                                                             0.90000 ]
                         :                            bjet_MuonEnergyFraction<0.2?0.2:bjet_MuonEnergyFraction>0.4?0.4:bjet_MuonEnergyFraction:                                                                                                             0.25916                                                                                                            0.079455   [                                                                                                             0.20000                                                                                                             0.40000 ]
                         :                                                  bjet_NeutralEmEnergyFraction>0.5?0.5:bjet_NeutralEmEnergyFraction:                                                                                                             0.19062                                                                                                             0.12679   [                                                                                                              0.0000                                                                                                             0.50000 ]
                         : bjet_NeutralHadronEnergyFraction<0.1?0.1:bjet_NeutralHadronEnergyFraction>0.3?0.3:bjet_NeutralHadronEnergyFraction:                                                                                                             0.12727                                                                                                            0.055189   [                                                                                                             0.10000                                                                                                             0.30000 ]
                         :                                                            bjet_NeutralMultiplicity>25?25:bjet_NeutralMultiplicity:                                                                                                              9.4387                                                                                                              4.8051   [                                                                                                              0.0000                                                                                                              25.000 ]
                         :                       bjet_charge*bmuon_charge<-0.3?-0.3:bjet_charge*bmuon_charge>0.5?0.5:bjet_charge*bmuon_charge:                                                                                                             0.17085                                                                                                             0.26390   [                                                                                                            -0.30000                                                                                                             0.50000 ]
                         :                                                                        fabs(bjet_charge)>0.5?0.5:fabs(bjet_charge):                                                                                                             0.27720                                                                                                             0.16709   [                                                                                                          6.3158e-06                                                                                                             0.50000 ]
                         : -------------------------------------------------------------------------------------------------------------------------------------------------------------------------------------------------------------------------------------------------------------------------------------------------------------------------------------------------------------------------------------------------------------------------------------------------------------------------------------------------------------------------------------------------------------------------------------------------------------
                         : Ranking input variables (method unspecific)...
IdTransformation         : Ranking result (top variable is best ranked)
                         : -------------------------------------------------------------------------------------------------------------------------------------------
                         : Rank : Variable                                                                                                           : Separation
                         : -------------------------------------------------------------------------------------------------------------------------------------------
                         :    1 : bjet_charge*bmuon_charge<-0.3?-0.3:bjet_charge*bmuon_charge>0.5?0.5:bjet_charge*bmuon_charge                       : 1.396e-01
                         :    2 : bmuon_P_jetrest<1.?1.:bmuon_P_jetrest>4.?4.:bmuon_P_jetrest                                                        : 1.029e-01
                         :    3 : bmuon_palongjetratio>0.4?0.4:bmuon_palongjetratio                                                                  : 8.252e-02
                         :    4 : bjet_MuonEnergyFraction<0.2?0.2:bjet_MuonEnergyFraction>0.4?0.4:bjet_MuonEnergyFraction                            : 8.056e-02
                         :    5 : fabs(bjet_charge)>0.5?0.5:fabs(bjet_charge)                                                                        : 6.252e-02
                         :    6 : bmuon_ptwrtbjet<1.?1.:bmuon_ptwrtbjet>3.5?3.5:bmuon_ptwrtbjet                                                      : 5.871e-02
                         :    7 : log10(1.+bmuon_reliso)>1.2?1.2:log10(1.+bmuon_reliso)                                                              : 5.870e-02
                         :    8 : bjet_ChargedHadronEnergyFraction<0.2?0.2:bjet_ChargedHadronEnergyFraction>0.9?0.9:bjet_ChargedHadronEnergyFraction : 1.966e-02
                         :    9 : bmuon_palongjet>10.?10.:bmuon_palongjet                                                                            : 1.616e-02
                         :   10 : bmuon_nsip3d<0.1?0.1:bmuon_nsip3d>10.?10.:bmuon_nsip3d                                                             : 9.896e-03
                         :   11 : bmuon_dR_l_j                                                                                                       : 7.369e-03
                         :   12 : bjet_NeutralEmEnergyFraction>0.5?0.5:bjet_NeutralEmEnergyFraction                                                  : 7.304e-03
                         :   13 : bjet_NeutralMultiplicity>25?25:bjet_NeutralMultiplicity                                                            : 4.830e-03
                         :   14 : bjet_NeutralHadronEnergyFraction<0.1?0.1:bjet_NeutralHadronEnergyFraction>0.3?0.3:bjet_NeutralHadronEnergyFraction : 2.978e-03
                         : -------------------------------------------------------------------------------------------------------------------------------------------
Factory                  : Train method: BDT for Classification
                         : 
                         : Preparing the Gaussian transformation...
TFHandler_BDT            :                                                                                                           Variable                                                                                                                  Mean                                                                                                                  RMS                                                                                                          [        Min                                                                                                                  Max ]
                         : -------------------------------------------------------------------------------------------------------------------------------------------------------------------------------------------------------------------------------------------------------------------------------------------------------------------------------------------------------------------------------------------------------------------------------------------------------------------------------------------------------------------------------------------------------------------------------------------------------------
                         :                                                                                                       bmuon_dR_l_j:                                                                                                           0.0036893                                                                                                              1.0002   [                                                                                                             -3.2902                                                                                                              5.7307 ]
                         :                                                             bmuon_nsip3d<0.1?0.1:bmuon_nsip3d>10.?10.:bmuon_nsip3d:                                                                                                              2.8050                                                                                                              2.9519   [                                                                                                             -2.8782                                                                                                              5.7307 ]
                         :                                                        bmuon_P_jetrest<1.?1.:bmuon_P_jetrest>4.?4.:bmuon_P_jetrest:                                                                                                             -1.0962                                                                                                              1.7405   [                                                                                                             -2.9296                                                                                                              5.4200 ]
                         :                                                                            bmuon_palongjet>10.?10.:bmuon_palongjet:                                                                                                              4.5631                                                                                                              2.3479   [                                                                                                             -2.8307                                                                                                              5.7307 ]
                         :                                                                  bmuon_palongjetratio>0.4?0.4:bmuon_palongjetratio:                                                                                                             0.80829                                                                                                              2.1345   [                                                                                                             -3.2587                                                                                                              5.4200 ]
                         :                                                      bmuon_ptwrtbjet<1.?1.:bmuon_ptwrtbjet>3.5?3.5:bmuon_ptwrtbjet:                                                                                                             -1.6917                                                                                                              1.6104   [                                                                                                             -2.8180                                                                                                              5.7307 ]
                         :                                                              log10(1.+bmuon_reliso)>1.2?1.2:log10(1.+bmuon_reliso):                                                                                                            0.073825                                                                                                              1.2446   [                                                                                                             -3.2612                                                                                                              5.4200 ]
                         : bjet_ChargedHadronEnergyFraction<0.2?0.2:bjet_ChargedHadronEnergyFraction>0.9?0.9:bjet_ChargedHadronEnergyFraction:                                                                                                            -0.22613                                                                                                              1.4364   [                                                                                                             -3.0892                                                                                                              5.7307 ]
                         :                            bjet_MuonEnergyFraction<0.2?0.2:bjet_MuonEnergyFraction>0.4?0.4:bjet_MuonEnergyFraction:                                                                                                            -0.53562                                                                                                              3.1009   [                                                                                                             -2.8269                                                                                                              5.7307 ]
                         :                                                  bjet_NeutralEmEnergyFraction>0.5?0.5:bjet_NeutralEmEnergyFraction:                                                                                                             0.14217                                                                                                              1.4019   [                                                                                                             -3.2703                                                                                                              5.7307 ]
                         : bjet_NeutralHadronEnergyFraction<0.1?0.1:bjet_NeutralHadronEnergyFraction>0.3?0.3:bjet_NeutralHadronEnergyFraction:                                                                                                             -1.6308                                                                                                              2.0548   [                                                                                                             -2.7364                                                                                                              5.7307 ]
                         :                                                            bjet_NeutralMultiplicity>25?25:bjet_NeutralMultiplicity:                                                                                                            0.032422                                                                                                              1.1182   [                                                                                                             -4.9902                                                                                                              5.7307 ]
                         :                       bjet_charge*bmuon_charge<-0.3?-0.3:bjet_charge*bmuon_charge>0.5?0.5:bjet_charge*bmuon_charge:                                                                                                             0.82293                                                                                                              2.5867   [                                                                                                             -3.0786                                                                                                              5.7307 ]
                         :                                                                        fabs(bjet_charge)>0.5?0.5:fabs(bjet_charge):                                                                                                              1.1384                                                                                                              2.4497   [                                                                                                             -3.2018                                                                                                              5.7307 ]
                         : -------------------------------------------------------------------------------------------------------------------------------------------------------------------------------------------------------------------------------------------------------------------------------------------------------------------------------------------------------------------------------------------------------------------------------------------------------------------------------------------------------------------------------------------------------------------------------------------------------------
                         : Events with weight == 0 are going to be simply ignored 
BDT                      : #events: (reweighted) sig: 25788.5 bkg: 25788.5
                         : #events: (unweighted) sig: 34106 bkg: 17471
                         : Training 1000 Decision Trees ... patience please
                         : Elapsed time for training with 74713 events: 108 sec         
BDT                      : [BDT_2018] : Evaluation of BDT on training sample (74713 events)
                         : Elapsed time for evaluation of 74713 events: 22.8 sec       
                         : Creating xml weight file: [0;36mBDT_2018/weights/BDT_2018_BDT.weights.xml[0m
                         : Creating standalone class: [0;36mBDT_2018/weights/BDT_2018_BDT.class.C[0m
                         : BDT_2018.root:/BDT_2018/Method_BDT/BDT
Factory                  : Training finished
                         : 
                         : Ranking input variables (method specific)...
BDT                      : Ranking result (top variable is best ranked)
                         : ----------------------------------------------------------------------------------------------------------------------------------------------------
                         : Rank : Variable                                                                                                           : Variable Importance
                         : ----------------------------------------------------------------------------------------------------------------------------------------------------
                         :    1 : bjet_charge*bmuon_charge<-0.3?-0.3:bjet_charge*bmuon_charge>0.5?0.5:bjet_charge*bmuon_charge                       : 1.834e-01
                         :    2 : bmuon_P_jetrest<1.?1.:bmuon_P_jetrest>4.?4.:bmuon_P_jetrest                                                        : 1.005e-01
                         :    3 : bmuon_nsip3d<0.1?0.1:bmuon_nsip3d>10.?10.:bmuon_nsip3d                                                             : 7.066e-02
                         :    4 : bmuon_dR_l_j                                                                                                       : 7.066e-02
                         :    5 : bjet_ChargedHadronEnergyFraction<0.2?0.2:bjet_ChargedHadronEnergyFraction>0.9?0.9:bjet_ChargedHadronEnergyFraction : 6.926e-02
                         :    6 : log10(1.+bmuon_reliso)>1.2?1.2:log10(1.+bmuon_reliso)                                                              : 6.638e-02
                         :    7 : bjet_MuonEnergyFraction<0.2?0.2:bjet_MuonEnergyFraction>0.4?0.4:bjet_MuonEnergyFraction                            : 6.609e-02
                         :    8 : bmuon_ptwrtbjet<1.?1.:bmuon_ptwrtbjet>3.5?3.5:bmuon_ptwrtbjet                                                      : 6.514e-02
                         :    9 : bmuon_palongjetratio>0.4?0.4:bmuon_palongjetratio                                                                  : 6.094e-02
                         :   10 : bjet_NeutralEmEnergyFraction>0.5?0.5:bjet_NeutralEmEnergyFraction                                                  : 6.041e-02
                         :   11 : bjet_NeutralMultiplicity>25?25:bjet_NeutralMultiplicity                                                            : 5.328e-02
                         :   12 : fabs(bjet_charge)>0.5?0.5:fabs(bjet_charge)                                                                        : 5.241e-02
                         :   13 : bjet_NeutralHadronEnergyFraction<0.1?0.1:bjet_NeutralHadronEnergyFraction>0.3?0.3:bjet_NeutralHadronEnergyFraction : 4.830e-02
                         :   14 : bmuon_palongjet>10.?10.:bmuon_palongjet                                                                            : 3.257e-02
                         : ----------------------------------------------------------------------------------------------------------------------------------------------------
Factory                  : === Destroy and recreate all methods via weight files for testing ===
                         : 
                         : Reading weight file: [0;36mBDT_2018/weights/BDT_2018_BDT.weights.xml[0m
Factory                  : [1mTest all methods[0m
Factory                  : Test method: BDT for Classification performance
                         : 
BDT                      : [BDT_2018] : Evaluation of BDT on testing sample (139598 events)
                         : Elapsed time for evaluation of 139598 events: 27.4 sec       
Factory                  : [1mEvaluate all methods[0m
Factory                  : Evaluate classifier: BDT
                         : 
TFHandler_BDT            :                                                                                                           Variable                                                                                                                  Mean                                                                                                                  RMS                                                                                                          [        Min                                                                                                                  Max ]
                         : -------------------------------------------------------------------------------------------------------------------------------------------------------------------------------------------------------------------------------------------------------------------------------------------------------------------------------------------------------------------------------------------------------------------------------------------------------------------------------------------------------------------------------------------------------------------------------------------------------------
                         :                                                                                                       bmuon_dR_l_j:                                                                                                           0.0012356                                                                                                              1.0153   [                                                                                                             -3.3166                                                                                                              5.7307 ]
                         :                                                             bmuon_nsip3d<0.1?0.1:bmuon_nsip3d>10.?10.:bmuon_nsip3d:                                                                                                              2.7652                                                                                                              2.9573   [                                                                                                             -2.8782                                                                                                              5.7307 ]
                         :                                                        bmuon_P_jetrest<1.?1.:bmuon_P_jetrest>4.?4.:bmuon_P_jetrest:                                                                                                            -0.90829                                                                                                              1.7892   [                                                                                                             -2.9296                                                                                                              5.4200 ]
                         :                                                                            bmuon_palongjet>10.?10.:bmuon_palongjet:                                                                                                              4.6461                                                                                                              2.2788   [                                                                                                             -2.6701                                                                                                              5.7307 ]
                         :                                                                  bmuon_palongjetratio>0.4?0.4:bmuon_palongjetratio:                                                                                                             0.91806                                                                                                              2.2092   [                                                                                                             -3.3419                                                                                                              5.4199 ]
                         :                                                      bmuon_ptwrtbjet<1.?1.:bmuon_ptwrtbjet>3.5?3.5:bmuon_ptwrtbjet:                                                                                                             -1.5599                                                                                                              1.6826   [                                                                                                             -2.8180                                                                                                              5.7307 ]
                         :                                                              log10(1.+bmuon_reliso)>1.2?1.2:log10(1.+bmuon_reliso):                                                                                                            0.052740                                                                                                              1.2725   [                                                                                                             -3.2612                                                                                                              5.4185 ]
                         : bjet_ChargedHadronEnergyFraction<0.2?0.2:bjet_ChargedHadronEnergyFraction>0.9?0.9:bjet_ChargedHadronEnergyFraction:                                                                                                            -0.26164                                                                                                              1.4316   [                                                                                                             -3.0892                                                                                                              5.7307 ]
                         :                            bjet_MuonEnergyFraction<0.2?0.2:bjet_MuonEnergyFraction>0.4?0.4:bjet_MuonEnergyFraction:                                                                                                            -0.35646                                                                                                              3.1898   [                                                                                                             -2.8269                                                                                                              5.7307 ]
                         :                                                  bjet_NeutralEmEnergyFraction>0.5?0.5:bjet_NeutralEmEnergyFraction:                                                                                                             0.14135                                                                                                              1.4115   [                                                                                                             -3.2703                                                                                                              5.7307 ]
                         : bjet_NeutralHadronEnergyFraction<0.1?0.1:bjet_NeutralHadronEnergyFraction>0.3?0.3:bjet_NeutralHadronEnergyFraction:                                                                                                             -1.6687                                                                                                              2.0153   [                                                                                                             -2.7364                                                                                                              5.7307 ]
                         :                                                            bjet_NeutralMultiplicity>25?25:bjet_NeutralMultiplicity:                                                                                                            0.048807                                                                                                              1.1243   [                                                                                                             -4.9902                                                                                                              5.7307 ]
                         :                       bjet_charge*bmuon_charge<-0.3?-0.3:bjet_charge*bmuon_charge>0.5?0.5:bjet_charge*bmuon_charge:                                                                                                              1.0580                                                                                                              2.6297   [                                                                                                             -3.0786                                                                                                              5.7307 ]
                         :                                                                        fabs(bjet_charge)>0.5?0.5:fabs(bjet_charge):                                                                                                              1.2934                                                                                                              2.5153   [                                                                                                             -3.2007                                                                                                              5.7307 ]
                         : -------------------------------------------------------------------------------------------------------------------------------------------------------------------------------------------------------------------------------------------------------------------------------------------------------------------------------------------------------------------------------------------------------------------------------------------------------------------------------------------------------------------------------------------------------------------------------------------------------------
BDT                      : [BDT_2018] : Loop over test events and fill histograms with classifier response...
                         : 
TFHandler_BDT            :                                                                                                           Variable                                                                                                                  Mean                                                                                                                  RMS                                                                                                          [        Min                                                                                                                  Max ]
                         : -------------------------------------------------------------------------------------------------------------------------------------------------------------------------------------------------------------------------------------------------------------------------------------------------------------------------------------------------------------------------------------------------------------------------------------------------------------------------------------------------------------------------------------------------------------------------------------------------------------
                         :                                                                                                       bmuon_dR_l_j:                                                                                                           0.0012356                                                                                                              1.0153   [                                                                                                             -3.3166                                                                                                              5.7307 ]
                         :                                                             bmuon_nsip3d<0.1?0.1:bmuon_nsip3d>10.?10.:bmuon_nsip3d:                                                                                                              2.7652                                                                                                              2.9573   [                                                                                                             -2.8782                                                                                                              5.7307 ]
                         :                                                        bmuon_P_jetrest<1.?1.:bmuon_P_jetrest>4.?4.:bmuon_P_jetrest:                                                                                                            -0.90829                                                                                                              1.7892   [                                                                                                             -2.9296                                                                                                              5.4200 ]
                         :                                                                            bmuon_palongjet>10.?10.:bmuon_palongjet:                                                                                                              4.6461                                                                                                              2.2788   [                                                                                                             -2.6701                                                                                                              5.7307 ]
                         :                                                                  bmuon_palongjetratio>0.4?0.4:bmuon_palongjetratio:                                                                                                             0.91806                                                                                                              2.2092   [                                                                                                             -3.3419                                                                                                              5.4199 ]
                         :                                                      bmuon_ptwrtbjet<1.?1.:bmuon_ptwrtbjet>3.5?3.5:bmuon_ptwrtbjet:                                                                                                             -1.5599                                                                                                              1.6826   [                                                                                                             -2.8180                                                                                                              5.7307 ]
                         :                                                              log10(1.+bmuon_reliso)>1.2?1.2:log10(1.+bmuon_reliso):                                                                                                            0.052740                                                                                                              1.2725   [                                                                                                             -3.2612                                                                                                              5.4185 ]
                         : bjet_ChargedHadronEnergyFraction<0.2?0.2:bjet_ChargedHadronEnergyFraction>0.9?0.9:bjet_ChargedHadronEnergyFraction:                                                                                                            -0.26164                                                                                                              1.4316   [                                                                                                             -3.0892                                                                                                              5.7307 ]
                         :                            bjet_MuonEnergyFraction<0.2?0.2:bjet_MuonEnergyFraction>0.4?0.4:bjet_MuonEnergyFraction:                                                                                                            -0.35646                                                                                                              3.1898   [                                                                                                             -2.8269                                                                                                              5.7307 ]
                         :                                                  bjet_NeutralEmEnergyFraction>0.5?0.5:bjet_NeutralEmEnergyFraction:                                                                                                             0.14135                                                                                                              1.4115   [                                                                                                             -3.2703                                                                                                              5.7307 ]
                         : bjet_NeutralHadronEnergyFraction<0.1?0.1:bjet_NeutralHadronEnergyFraction>0.3?0.3:bjet_NeutralHadronEnergyFraction:                                                                                                             -1.6687                                                                                                              2.0153   [                                                                                                             -2.7364                                                                                                              5.7307 ]
                         :                                                            bjet_NeutralMultiplicity>25?25:bjet_NeutralMultiplicity:                                                                                                            0.048807                                                                                                              1.1243   [                                                                                                             -4.9902                                                                                                              5.7307 ]
                         :                       bjet_charge*bmuon_charge<-0.3?-0.3:bjet_charge*bmuon_charge>0.5?0.5:bjet_charge*bmuon_charge:                                                                                                              1.0580                                                                                                              2.6297   [                                                                                                             -3.0786                                                                                                              5.7307 ]
                         :                                                                        fabs(bjet_charge)>0.5?0.5:fabs(bjet_charge):                                                                                                              1.2934                                                                                                              2.5153   [                                                                                                             -3.2007                                                                                                              5.7307 ]
                         : -------------------------------------------------------------------------------------------------------------------------------------------------------------------------------------------------------------------------------------------------------------------------------------------------------------------------------------------------------------------------------------------------------------------------------------------------------------------------------------------------------------------------------------------------------------------------------------------------------------
                         : 
                         : Evaluation results ranked by best signal efficiency and purity (area)
                         : -------------------------------------------------------------------------------------------------------------------
                         : DataSet       MVA                       
                         : Name:         Method:          ROC-integ
                         : BDT_2018      BDT            : 0.755
                         : -------------------------------------------------------------------------------------------------------------------
                         : 
                         : Testing efficiency compared to training efficiency (overtraining check)
                         : -------------------------------------------------------------------------------------------------------------------
                         : DataSet              MVA              Signal efficiency: from test sample (from training sample) 
                         : Name:                Method:          @B=0.01             @B=0.10            @B=0.30   
                         : -------------------------------------------------------------------------------------------------------------------
                         : BDT_2018             BDT            : 0.089 (0.103)       0.385 (0.425)      0.679 (0.692)
                         : -------------------------------------------------------------------------------------------------------------------
                         : 
Dataset:BDT_2018         : Created tree 'TestTree' with 139598 events
                         : 
Dataset:BDT_2018         : Created tree 'TrainTree' with 74713 events
                         : 
Factory                  : [1mThank you for using TMVA![0m
                         : [1mFor citation information, please visit: http://tmva.sf.net/citeTMVA.html[0m
['bmuon_dR_l_j', 'bmuon_nsip3d < 0.1 ? 0.1 : bmuon_nsip3d > 10. ? 10. : bmuon_nsip3d', 'bmuon_P_jetrest < 1. ? 1. : bmuon_P_jetrest > 4. ? 4. : bmuon_P_jetrest', 'bmuon_palongjet > 10. ? 10. : bmuon_palongjet', 'bmuon_palongjetratio > 0.4 ? 0.4 : bmuon_palongjetratio', 'bmuon_ptwrtbjet < 1. ? 1. : bmuon_ptwrtbjet > 3.5 ? 3.5 : bmuon_ptwrtbjet', 'log10(1.+bmuon_reliso) > 1.2 ? 1.2 : log10(1.+bmuon_reliso)', 'bjet_ChargedHadronEnergyFraction < 0.2 ? 0.2 : bjet_ChargedHadronEnergyFraction > 0.9 ? 0.9 : bjet_ChargedHadronEnergyFraction', 'bjet_MuonEnergyFraction < 0.2 ? 0.2 : bjet_MuonEnergyFraction > 0.4 ? 0.4 : bjet_MuonEnergyFraction', 'bjet_NeutralEmEnergyFraction > 0.5 ? 0.5 : bjet_NeutralEmEnergyFraction', 'bjet_NeutralHadronEnergyFraction < 0.1 ? 0.1 : bjet_NeutralHadronEnergyFraction > 0.3 ? 0.3 : bjet_NeutralHadronEnergyFraction', 'bjet_NeutralMultiplicity > 25 ? 25 : bjet_NeutralMultiplicity', 'bjet_charge*bmuon_charge < -0.3 ? -0.3 : bjet_charge*bmuon_charge > 0.5 ? 0.5 : bjet_charge*bmuon_charge', 'fabs(bjet_charge) > 0.5 ? 0.5 : fabs(bjet_charge)'] ['belectron_dR_l_j < 0.1 ? 0.1 : belectron_dR_l_j', 'belectron_nsip3d > 10. ? 10. : belectron_nsip3d', 'belectron_P_jetrest > 3. ? 3. : belectron_P_jetrest', 'belectron_palongjet > 15.? 15. : belectron_palongjet', 'belectron_palongjetratio > 0.15 ? 0.15 : belectron_palongjetratio', 'belectron_ptwrtbjet > 3. ? 3. : belectron_ptwrtbjet', 'log10(1.+belectron_reliso) > 1.2 ? 1.2 : log10(1.+belectron_reliso) < 0.3 ? 0.3 : log10(1.+belectron_reliso)', 'bjet_ChargedEmEnergyFraction > 0.1 ? 0.1 : bjet_ChargedEmEnergyFraction', 'bjet_ChargedHadronEnergyFraction < 0.5 ? 0.5 : bjet_ChargedHadronEnergyFraction', 'bjet_NeutralEmEnergyFraction < 0.15 ? 0.15 : bjet_NeutralEmEnergyFraction > 0.6 ? 0.6 : bjet_NeutralEmEnergyFraction', 'bjet_charge*belectron_charge < -0.4 ? -0.4 : bjet_charge*belectron_charge > 0.2 ? 0.2 : bjet_charge*belectron_charge', 'fabs(bjet_charge) > 0.35 ? 0.35 : fabs(bjet_charge)'] ['bjet_ChargedHadronEnergyFraction < 0.15 ? 0.15 : bjet_ChargedHadronEnergyFraction', 'bjet_NeutralEmEnergyFraction > 0.7 ? 0.7 : bjet_NeutralEmEnergyFraction', 'bjet_NeutralHadronEnergyFraction < 0.05 ? 0.05 : bjet_NeutralHadronEnergyFraction > 0.5 ? 0.5 : bjet_NeutralHadronEnergyFraction', 'bjet_NeutralMultiplicity > 30 ? 30 : bjet_NeutralMultiplicity', 'fabs(bjet_charge) > 0.4 ? 0.4 : fabs(bjet_charge)']
(bmuon_charge*bjet_partonFlavour < 0)&&Has_bMuon (bmuon_charge*bjet_partonFlavour > 0)&&Has_bMuon (belectron_charge*bjet_partonFlavour < 0)&&(Has_bElectron) (belectron_charge*bjet_partonFlavour > 0)&&(Has_bElectron) (bjet_charge*bjet_partonFlavour < 0)&&(!Has_bElectron)&&(!Has_bMuon) (bjet_charge*bjet_partonFlavour > 0)&&(!Has_bElectron)&&(!Has_bMuon)
sigcut= (bmuon_charge*bjet_partonFlavour < 0)&&Has_bMuon
bkgcut= (bmuon_charge*bjet_partonFlavour > 0)&&Has_bMuon
<sig cut>= (bmuon_charge*bjet_partonFlavour < 0)&&Has_bMuon
<bkg cut>= (bmuon_charge*bjet_partonFlavour > 0)&&Has_bMuon
---sig_test---
<self.testtree_sig> OutTree/sig
/data9/Users/jhchoi/Generate_BDT_Model/TMVA_TOOL/inputs/EEMu_MuMuE_Method/v2608.2/2018/EEMu_MuMuE_Method_DYJetsToEE_MiNNLO.root
/data9/Users/jhchoi/Generate_BDT_Model/TMVA_TOOL/inputs/EEMu_MuMuE_Method/v2608.2/2018/EEMu_MuMuE_Method_DYJetsToMuMu_MiNNLO.root
--bkg_test---
<self.testtree_bkg> OutTree/bkg
/data9/Users/jhchoi/Generate_BDT_Model/TMVA_TOOL/inputs/EEMu_MuMuE_Method/v2608.2/2018/EEMu_MuMuE_Method_DYJetsToEE_MiNNLO.root
/data9/Users/jhchoi/Generate_BDT_Model/TMVA_TOOL/inputs/EEMu_MuMuE_Method/v2608.2/2018/EEMu_MuMuE_Method_DYJetsToMuMu_MiNNLO.root
---sig_train---
<self.traintree_sig> OutTree/sig
/data9/Users/jhchoi/Generate_BDT_Model/TMVA_TOOL/inputs/EEMu_MuMuE_Method/v2608.2/2018/EEMu_MuMuE_Method_DYJets.root
---bkg_train---
<self.traintree_bkg> OutTree/bkg
/data9/Users/jhchoi/Generate_BDT_Model/TMVA_TOOL/inputs/EEMu_MuMuE_Method/v2608.2/2018/EEMu_MuMuE_Method_DYJets.root
>>>>self.dataloader.PrepareTrainingAndTestTree
Set sig cut -> (bmuon_charge*bjet_partonFlavour < 0)&&Has_bMuon
Set bkg cut -> (bmuon_charge*bjet_partonFlavour > 0)&&Has_bMuon
----AUC and Efficiency----
auc= 0.7550193306431433
BDT_2018 BDT
B = 0.005 : 0.0580 (0.0740)
B = 0.010 : 0.0890 (0.1030)
B = 0.015 : 0.1160 (0.1370)
B = 0.020 : 0.1410 (0.1630)
B = 0.025 : 0.1660 (0.1940)
B = 0.030 : 0.1870 (0.2120)
B = 0.035 : 0.2060 (0.2410)
B = 0.040 : 0.2250 (0.2640)
B = 0.045 : 0.2440 (0.2880)
B = 0.050 : 0.2610 (0.3020)
B = 0.100 : 0.3850 (0.4250)
B = 0.200 : 0.5580 (0.5740)
B = 0.300 : 0.6790 (0.6920)
B = 0.400 : 0.7680 (0.7730)
B = 0.500 : 0.8330 (0.8370)
B = 0.600 : 0.8860 (0.8870)
END of RUNNING...run_single
myerr=0
[ntry=1]
