/home/condor/dir_107753
DataSetInfo              : [FIN_BDT_2016postVFP] : Added class "Signal"
                         : Add Tree OutTree/sig of type Signal with 387726 events
                         : Add Tree OutTree/sig of type Signal with 440734 events
DataSetInfo              : [FIN_BDT_2016postVFP] : Added class "Background"
                         : Add Tree OutTree/bkg of type Background with 273702 events
                         : Add Tree OutTree/bkg of type Background with 310379 events
Factory                  : Booking method: [1mBDT[0m
                         : 
                         : Parsing option string: 
                         : ... "!H:V:NTrees=400:MinNodeSize=1%:MaxDepth=4:Shrinkage=0.01:BoostType=Grad:AdaBoostBeta=:UseBaggedBoost=True:BaggedSampleFraction=0.3:SeparationType=GiniIndex:nCuts=20:IgnoreNegWeightsInTraining=True:VarTransform=G"
                         : The following options are set:
                         : - By User:
                         :     <none>
                         : - Default:
                         :     Boost_num: "0" [Number of times the classifier will be boosted]
                         : Parsing option string: 
                         : ... "!H:V:NTrees=400:MinNodeSize=1%:MaxDepth=4:Shrinkage=0.01:BoostType=Grad:AdaBoostBeta=:UseBaggedBoost=True:BaggedSampleFraction=0.3:SeparationType=GiniIndex:nCuts=20:IgnoreNegWeightsInTraining=True:VarTransform=G"
                         : The following options are set:
                         : - By User:
                         :     V: "True" [Verbose output (short form of "VerbosityLevel" below - overrides the latter one)]
                         :     VarTransform: "G" [List of variable transformations performed before training, e.g., "D_Background,P_Signal,G,N_AllClasses" for: "Decorrelation, PCA-transformation, Gaussianisation, Normalisation, each for the given class of events ('AllClasses' denotes all events of all classes, if no class indication is given, 'All' is assumed)"]
                         :     H: "False" [Print method-specific help message]
                         :     IgnoreNegWeightsInTraining: "True" [Events with negative weights are ignored in the training (but are included for testing and performance evaluation)]
                         :     NTrees: "400" [Number of trees in the forest]
                         :     MaxDepth: "4" [Max depth of the decision tree allowed]
                         :     MinNodeSize: "1%" [Minimum percentage of training events required in a leaf node (default: Classification: 5%, Regression: 0.2%)]
                         :     nCuts: "20" [Number of grid points in variable range used in finding optimal cut in node splitting]
                         :     BoostType: "Grad" [Boosting type for the trees in the forest (note: AdaCost is still experimental)]
                         :     UseBaggedBoost: "True" [Use only a random subsample of all events for growing the trees in each boost iteration.]
                         :     Shrinkage: "1.000000e-02" [Learning rate for BoostType=Grad algorithm]
                         :     AdaBoostBeta: "5.000000e-01" [Learning rate  for AdaBoost algorithm]
                         :     BaggedSampleFraction: "3.000000e-01" [Relative size of bagged event sample to original size of the data sample (used whenever bagging is used (i.e. UseBaggedBoost, Bagging,)]
                         :     SeparationType: "GiniIndex" [Separation criterion for node splitting]
                         : - Default:
                         :     VerbosityLevel: "Default" [Verbosity level]
                         :     CreateMVAPdfs: "False" [Create PDFs for classifier outputs (signal and background)]
                         :     AdaBoostR2Loss: "Quadratic" [Type of Loss function in AdaBoostR2]
                         :     UseRandomisedTrees: "False" [Determine at each node splitting the cut variable only as the best out of a random subset of variables (like in RandomForests)]
                         :     UseNvars: "4" [Size of the subset of variables used with RandomisedTree option]
                         :     UsePoissonNvars: "True" [Interpret "UseNvars" not as fixed number but as mean of a Poisson distribution in each split with RandomisedTree option]
                         :     UseYesNoLeaf: "True" [Use Sig or Bkg categories, or the purity=S/(S+B) as classification of the leaf node -> Real-AdaBoost]
                         :     NegWeightTreatment: "InverseBoostNegWeights" [How to treat events with negative weights in the BDT training (particular the boosting) : IgnoreInTraining;  Boost With inverse boostweight; Pair events with negative and positive weights in training sample and *annihilate* them (experimental!)]
                         :     Css: "1.000000e+00" [AdaCost: cost of true signal selected signal]
                         :     Cts_sb: "1.000000e+00" [AdaCost: cost of true signal selected bkg]
                         :     Ctb_ss: "1.000000e+00" [AdaCost: cost of true bkg    selected signal]
                         :     Cbb: "1.000000e+00" [AdaCost: cost of true bkg    selected bkg ]
                         :     NodePurityLimit: "5.000000e-01" [In boosting/pruning, nodes with purity > NodePurityLimit are signal; background otherwise.]
                         :     RegressionLossFunctionBDTG: "Huber" [Loss function for BDTG regression.]
                         :     HuberQuantile: "7.000000e-01" [In the Huber loss function this is the quantile that separates the core from the tails in the residuals distribution.]
                         :     DoBoostMonitor: "False" [Create control plot with ROC integral vs tree number]
                         :     UseFisherCuts: "False" [Use multivariate splits using the Fisher criterion]
                         :     MinLinCorrForFisher: "8.000000e-01" [The minimum linear correlation between two variables demanded for use in Fisher criterion in node splitting]
                         :     UseExclusiveVars: "False" [Variables already used in fisher criterion are not anymore analysed individually for node splitting]
                         :     DoPreselection: "False" [and and apply automatic pre-selection for 100% efficient signal (bkg) cuts prior to training]
                         :     SigToBkgFraction: "1.000000e+00" [Sig to Bkg ratio used in Training (similar to NodePurityLimit, which cannot be used in real adaboost]
                         :     PruneMethod: "NoPruning" [Note: for BDTs use small trees (e.g.MaxDepth=3) and NoPruning:  Pruning: Method used for pruning (removal) of statistically insignificant branches ]
                         :     PruneStrength: "0.000000e+00" [Pruning strength]
                         :     PruningValFraction: "5.000000e-01" [Fraction of events to use for optimizing automatic pruning.]
                         :     SkipNormalization: "False" [Skip normalization at initialization, to keep expectation value of BDT output according to the fraction of events]
                         :     nEventsMin: "0" [deprecated: Use MinNodeSize (in % of training events) instead]
                         :     UseBaggedGrad: "False" [deprecated: Use *UseBaggedBoost* instead:  Use only a random subsample of all events for growing the trees in each iteration.]
                         :     GradBaggingFraction: "3.000000e-01" [deprecated: Use *BaggedSampleFraction* instead: Defines the fraction of events to be used in each iteration, e.g. when UseBaggedGrad=kTRUE. ]
                         :     UseNTrainEvents: "0" [deprecated: Use *BaggedSampleFraction* instead: Number of randomly picked training events used in randomised (and bagged) trees]
                         :     NNodesMax: "0" [deprecated: Use MaxDepth instead to limit the tree size]
BDT                      : [FIN_BDT_2016postVFP] : Create Transformation "G" with events from all classes.
                         : 
                         : Transformation, Variable selection : 
                         : Input : variable 'bmuon_dR_l_j<0.04?0.04:bmuon_dR_l_j' <---> Output : variable 'bmuon_dR_l_j<0.04?0.04:bmuon_dR_l_j'
                         : Input : variable 'bmuon_nsip3d<10.?bmuon_nsip3d:10.' <---> Output : variable 'bmuon_nsip3d<10.?bmuon_nsip3d:10.'
                         : Input : variable '(bmuon_P_jetrest<1.5)?1.5:(bmuon_P_jetrest>4.)?4.:bmuon_P_jetrest' <---> Output : variable '(bmuon_P_jetrest<1.5)?1.5:(bmuon_P_jetrest>4.)?4.:bmuon_P_jetrest'
                         : Input : variable 'bmuon_palongjet<30.?bmuon_palongjet:30.' <---> Output : variable 'bmuon_palongjet<30.?bmuon_palongjet:30.'
                         : Input : variable '(bmuon_ptwrtbjet<1.)?1.:(bmuon_ptwrtbjet>3.)?3.:bmuon_ptwrtbjet' <---> Output : variable '(bmuon_ptwrtbjet<1.)?1.:(bmuon_ptwrtbjet>3.)?3.:bmuon_ptwrtbjet'
                         : Input : variable 'bmuon_reliso<6.?bmuon_reliso:6.' <---> Output : variable 'bmuon_reliso<6.?bmuon_reliso:6.'
                         : Input : variable '(bjet_ChargedHadronEnergyFraction<0.2)?0.2:(bjet_ChargedHadronEnergyFraction>0.8)?0.8:bjet_ChargedHadronEnergyFraction' <---> Output : variable '(bjet_ChargedHadronEnergyFraction<0.2)?0.2:(bjet_ChargedHadronEnergyFraction>0.8)?0.8:bjet_ChargedHadronEnergyFraction'
                         : Input : variable '(bjet_MuonEnergyFraction<0.25)?0.25:(bjet_MuonEnergyFraction>0.45)?0.45:bjet_MuonEnergyFraction' <---> Output : variable '(bjet_MuonEnergyFraction<0.25)?0.25:(bjet_MuonEnergyFraction>0.45)?0.45:bjet_MuonEnergyFraction'
                         : Input : variable '(bjet_NeutralEmEnergyFraction<0.4)?bjet_NeutralEmEnergyFraction:0.4' <---> Output : variable '(bjet_NeutralEmEnergyFraction<0.4)?bjet_NeutralEmEnergyFraction:0.4'
                         : Input : variable '(bjet_NeutralHadronEnergyFraction<0.15)?0.15:(bjet_NeutralHadronEnergyFraction>0.4)?0.4:bjet_NeutralHadronEnergyFraction' <---> Output : variable '(bjet_NeutralHadronEnergyFraction<0.15)?0.15:(bjet_NeutralHadronEnergyFraction>0.4)?0.4:bjet_NeutralHadronEnergyFraction'
                         : Input : variable '(bjet_NeutralMultiplicity<25)?bjet_NeutralMultiplicity:25' <---> Output : variable '(bjet_NeutralMultiplicity<25)?bjet_NeutralMultiplicity:25'
                         : Input : variable 'fabs(bjet_charge)<0.5?fabs(bjet_charge):0.5' <---> Output : variable 'fabs(bjet_charge)<0.5?fabs(bjet_charge):0.5'
                         : Input : variable '(bjet_charge*bmuon_charge<-0.5)?-0.5:(bjet_charge*bmuon_charge>0.6)?0.6:bjet_charge*bmuon_charge' <---> Output : variable '(bjet_charge*bmuon_charge<-0.5)?-0.5:(bjet_charge*bmuon_charge>0.6)?0.6:bjet_charge*bmuon_charge'
                         : the option NegWeightTreatment=InverseBoostNegWeights does not exist for BoostType=Grad
                         : --> change to new default NegWeightTreatment=Pray
                         : Rebuilding Dataset FIN_BDT_2016postVFP
                         : Building event vectors for type 1 Signal
                         : Dataset[FIN_BDT_2016postVFP] :  create input formulas for tree sig
                         : Dataset[FIN_BDT_2016postVFP] :  create input formulas for tree sig
                         : Dataset[FIN_BDT_2016postVFP] :  create input formulas for tree sig
                         : Building event vectors for type 0 Signal
                         : Dataset[FIN_BDT_2016postVFP] :  create input formulas for tree sig
                         : Dataset[FIN_BDT_2016postVFP] :  create input formulas for tree sig
                         : Building event vectors for type 1 Background
                         : Dataset[FIN_BDT_2016postVFP] :  create input formulas for tree bkg
                         : Dataset[FIN_BDT_2016postVFP] :  create input formulas for tree bkg
                         : Dataset[FIN_BDT_2016postVFP] :  create input formulas for tree bkg
                         : Building event vectors for type 0 Background
                         : Dataset[FIN_BDT_2016postVFP] :  create input formulas for tree bkg
                         : Dataset[FIN_BDT_2016postVFP] :  create input formulas for tree bkg
DataSetFactory           : [FIN_BDT_2016postVFP] : Number of events in input trees
                         : Dataset[FIN_BDT_2016postVFP] :     Signal     requirement: "(bmuon_charge*bjet_partonFlavour < 0)&&Has_bMuon"
                         : Dataset[FIN_BDT_2016postVFP] :     Signal          -- number of events passed: 42053  / sum of weights: 23218.3
                         : Dataset[FIN_BDT_2016postVFP] :     Signal          -- efficiency             : 0.0462812
                         : Dataset[FIN_BDT_2016postVFP] :     Background requirement: "(bmuon_charge*bjet_partonFlavour > 0)&&Has_bMuon"
                         : Dataset[FIN_BDT_2016postVFP] :     Background      -- number of events passed: 20185  / sum of weights: 11185.4
                         : Dataset[FIN_BDT_2016postVFP] :     Background      -- efficiency             : 0.0313111
                         : Dataset[FIN_BDT_2016postVFP] :  you have opted for interpreting the requested number of training/testing events
                         :  to be the number of events AFTER your preselection cuts
                         : 
                         : Dataset[FIN_BDT_2016postVFP] :  you have opted for interpreting the requested number of training/testing events
                         :  to be the number of events AFTER your preselection cuts
                         : 
                         : Dataset[FIN_BDT_2016postVFP] : Weight renormalisation mode: "EqualNumEvents": renormalises all event classes ...
                         : Dataset[FIN_BDT_2016postVFP] :  such that the effective (weighted) number of events in each class is the same 
                         : Dataset[FIN_BDT_2016postVFP] :  (and equals the number of events (entries) given for class=0 )
                         : Dataset[FIN_BDT_2016postVFP] : ... i.e. such that Sum[i=1..N_j]{w_i} = N_classA, j=classA, classB, ...
                         : Dataset[FIN_BDT_2016postVFP] : ... (note that N_j is the sum of TRAINING events
                         : Dataset[FIN_BDT_2016postVFP] :  ..... Testing events are not renormalised nor included in the renormalisation factor!)
                         : Number of training and testing events
                         : ---------------------------------------------------------------------------
                         : Signal     -- training events            : 17271
                         : Signal     -- testing events             : 24782
                         : Signal     -- training and testing events: 42053
                         : Dataset[FIN_BDT_2016postVFP] : Signal     -- due to the preselection a scaling factor has been applied to the numbers of requested events: 0.0507604
                         : Background -- training events            : 8200
                         : Background -- testing events             : 11985
                         : Background -- training and testing events: 20185
                         : Dataset[FIN_BDT_2016postVFP] : Background -- due to the preselection a scaling factor has been applied to the numbers of requested events: 0.0345586
                         : 
DataSetInfo              : Correlation matrix (Signal):
                         : ----------------------------------------------------------------------------------------------------------------------------------------------------------------------------------------------------------------------------------------------------------------------------------------------------------------------------------------------------------------------------------------------------------------------------------------------------------------------------------------------------------------------------------------------------------------------------------------------------------------------------------------------------------------------------------------------------------------------------------------------------------------------------------------------------------------------------------------------------------------------------------------------------------------------------------------------------------------------------------------------------------------------------------------------
                         :                                                                                                                           bmuon_dR_l_j_0.04_0.04:bmuon_dR_l_j bmuon_nsip3d_10._bmuon_nsip3d:10. _bmuon_P_jetrest_1.5__1.5:_bmuon_P_jetrest_4.__4.:bmuon_P_jetrest bmuon_palongjet_30._bmuon_palongjet:30. _bmuon_ptwrtbjet_1.__1.:_bmuon_ptwrtbjet_3.__3.:bmuon_ptwrtbjet bmuon_reliso_6._bmuon_reliso:6. _bjet_ChargedHadronEnergyFraction_0.2__0.2:_bjet_ChargedHadronEnergyFraction_0.8__0.8:bjet_ChargedHadronEnergyFraction _bjet_MuonEnergyFraction_0.25__0.25:_bjet_MuonEnergyFraction_0.45__0.45:bjet_MuonEnergyFraction _bjet_NeutralEmEnergyFraction_0.4__bjet_NeutralEmEnergyFraction:0.4 _bjet_NeutralHadronEnergyFraction_0.15__0.15:_bjet_NeutralHadronEnergyFraction_0.4__0.4:bjet_NeutralHadronEnergyFraction _bjet_NeutralMultiplicity_25__bjet_NeutralMultiplicity:25 fabs_bjet_charge__0.5_fabs_bjet_charge_:0.5 _bjet_charge_T_bmuon_charge__M_0.5___M_0.5:_bjet_charge_T_bmuon_charge_0.6__0.6:bjet_charge_T_bmuon_charge
                         :                                                                                      bmuon_dR_l_j_0.04_0.04:bmuon_dR_l_j:                              +1.000                            +0.183                                                            -0.013                                  -0.427                                                          +0.463                          +0.280                                                                                                                 +0.204                                                                                          -0.437                                                              +0.098                                                                                                                   +0.086                                                    +0.044                                      -0.179                                                                                                     -0.188
                         :                                                                                        bmuon_nsip3d_10._bmuon_nsip3d:10.:                              +0.183                            +1.000                                                            -0.085                                  -0.143                                                          +0.058                          +0.172                                                                                                                 +0.122                                                                                          -0.232                                                              +0.094                                                                                                                   +0.036                                                    +0.079                                      -0.141                                                                                                     -0.145
                         :                                                        _bmuon_P_jetrest_1.5__1.5:_bmuon_P_jetrest_4.__4.:bmuon_P_jetrest:                              -0.013                            -0.085                                                            +1.000                                  +0.372                                                          +0.647                          -0.345                                                                                                                 -0.262                                                                                          +0.392                                                              -0.157                                                                                                                   -0.089                                                    +0.112                                      +0.268                                                                                                     +0.287
                         :                                                                                  bmuon_palongjet_30._bmuon_palongjet:30.:                              -0.427                            -0.143                                                            +0.372                                  +1.000                                                          +0.105                          -0.526                                                                                                                 -0.291                                                                                          +0.534                                                              -0.219                                                                                                                   -0.064                                                    -0.165                                      +0.305                                                                                                     +0.321
                         :                                                          _bmuon_ptwrtbjet_1.__1.:_bmuon_ptwrtbjet_3.__3.:bmuon_ptwrtbjet:                              +0.463                            +0.058                                                            +0.647                                  +0.105                                                          +1.000                          -0.139                                                                                                                 -0.067                                                                                          +0.023                                                              -0.048                                                                                                                   -0.023                                                    +0.075                                      +0.069                                                                                                     +0.093
                         :                                                                                          bmuon_reliso_6._bmuon_reliso:6.:                              +0.280                            +0.172                                                            -0.345                                  -0.526                                                          -0.139                          +1.000                                                                                                                 +0.450                                                                                          -0.703                                                              +0.310                                                                                                                   +0.152                                                    +0.242                                      -0.382                                                                                                     -0.414
                         :   _bjet_ChargedHadronEnergyFraction_0.2__0.2:_bjet_ChargedHadronEnergyFraction_0.8__0.8:bjet_ChargedHadronEnergyFraction:                              +0.204                            +0.122                                                            -0.262                                  -0.291                                                          -0.067                          +0.450                                                                                                                 +1.000                                                                                          -0.524                                                              -0.258                                                                                                                   -0.231                                                    -0.130                                      -0.359                                                                                                     -0.364
                         :                          _bjet_MuonEnergyFraction_0.25__0.25:_bjet_MuonEnergyFraction_0.45__0.45:bjet_MuonEnergyFraction:                              -0.437                            -0.232                                                            +0.392                                  +0.534                                                          +0.023                          -0.703                                                                                                                 -0.524                                                                                          +1.000                                                              -0.307                                                                                                                   -0.166                                                    -0.220                                      +0.466                                                                                                     +0.478
                         :                                                      _bjet_NeutralEmEnergyFraction_0.4__bjet_NeutralEmEnergyFraction:0.4:                              +0.098                            +0.094                                                            -0.157                                  -0.219                                                          -0.048                          +0.310                                                                                                                 -0.258                                                                                          -0.307                                                              +1.000                                                                                                                   -0.066                                                    +0.451                                      -0.082                                                                                                     -0.091
                         : _bjet_NeutralHadronEnergyFraction_0.15__0.15:_bjet_NeutralHadronEnergyFraction_0.4__0.4:bjet_NeutralHadronEnergyFraction:                              +0.086                            +0.036                                                            -0.089                                  -0.064                                                          -0.023                          +0.152                                                                                                                 -0.231                                                                                          -0.166                                                              -0.066                                                                                                                   +1.000                                                    +0.090                                      -0.047                                                                                                     -0.051
                         :                                                                _bjet_NeutralMultiplicity_25__bjet_NeutralMultiplicity:25:                              +0.044                            +0.079                                                            +0.112                                  -0.165                                                          +0.075                          +0.242                                                                                                                 -0.130                                                                                          -0.220                                                              +0.451                                                                                                                   +0.090                                                    +1.000                                      -0.079                                                                                                     -0.094
                         :                                                                              fabs_bjet_charge__0.5_fabs_bjet_charge_:0.5:                              -0.179                            -0.141                                                            +0.268                                  +0.305                                                          +0.069                          -0.382                                                                                                                 -0.359                                                                                          +0.466                                                              -0.082                                                                                                                   -0.047                                                    -0.079                                      +1.000                                                                                                     +0.793
                         :               _bjet_charge_T_bmuon_charge__M_0.5___M_0.5:_bjet_charge_T_bmuon_charge_0.6__0.6:bjet_charge_T_bmuon_charge:                              -0.188                            -0.145                                                            +0.287                                  +0.321                                                          +0.093                          -0.414                                                                                                                 -0.364                                                                                          +0.478                                                              -0.091                                                                                                                   -0.051                                                    -0.094                                      +0.793                                                                                                     +1.000
                         : ----------------------------------------------------------------------------------------------------------------------------------------------------------------------------------------------------------------------------------------------------------------------------------------------------------------------------------------------------------------------------------------------------------------------------------------------------------------------------------------------------------------------------------------------------------------------------------------------------------------------------------------------------------------------------------------------------------------------------------------------------------------------------------------------------------------------------------------------------------------------------------------------------------------------------------------------------------------------------------------------------------------------------------------------
DataSetInfo              : Correlation matrix (Background):
                         : ----------------------------------------------------------------------------------------------------------------------------------------------------------------------------------------------------------------------------------------------------------------------------------------------------------------------------------------------------------------------------------------------------------------------------------------------------------------------------------------------------------------------------------------------------------------------------------------------------------------------------------------------------------------------------------------------------------------------------------------------------------------------------------------------------------------------------------------------------------------------------------------------------------------------------------------------------------------------------------------------------------------------------------------------
                         :                                                                                                                           bmuon_dR_l_j_0.04_0.04:bmuon_dR_l_j bmuon_nsip3d_10._bmuon_nsip3d:10. _bmuon_P_jetrest_1.5__1.5:_bmuon_P_jetrest_4.__4.:bmuon_P_jetrest bmuon_palongjet_30._bmuon_palongjet:30. _bmuon_ptwrtbjet_1.__1.:_bmuon_ptwrtbjet_3.__3.:bmuon_ptwrtbjet bmuon_reliso_6._bmuon_reliso:6. _bjet_ChargedHadronEnergyFraction_0.2__0.2:_bjet_ChargedHadronEnergyFraction_0.8__0.8:bjet_ChargedHadronEnergyFraction _bjet_MuonEnergyFraction_0.25__0.25:_bjet_MuonEnergyFraction_0.45__0.45:bjet_MuonEnergyFraction _bjet_NeutralEmEnergyFraction_0.4__bjet_NeutralEmEnergyFraction:0.4 _bjet_NeutralHadronEnergyFraction_0.15__0.15:_bjet_NeutralHadronEnergyFraction_0.4__0.4:bjet_NeutralHadronEnergyFraction _bjet_NeutralMultiplicity_25__bjet_NeutralMultiplicity:25 fabs_bjet_charge__0.5_fabs_bjet_charge_:0.5 _bjet_charge_T_bmuon_charge__M_0.5___M_0.5:_bjet_charge_T_bmuon_charge_0.6__0.6:bjet_charge_T_bmuon_charge
                         :                                                                                      bmuon_dR_l_j_0.04_0.04:bmuon_dR_l_j:                              +1.000                            +0.109                                                            +0.045                                  -0.293                                                          +0.425                          +0.075                                                                                                                 +0.046                                                                                          -0.235                                                              -0.002                                                                                                                   +0.081                                                    -0.029                                      -0.111                                                                                                     -0.094
                         :                                                                                        bmuon_nsip3d_10._bmuon_nsip3d:10.:                              +0.109                            +1.000                                                            +0.065                                  +0.034                                                          +0.109                          -0.041                                                                                                                 -0.024                                                                                          +0.008                                                              -0.018                                                                                                                   -0.019                                                    +0.068                                      +0.007                                                                                                     +0.012
                         :                                                        _bmuon_P_jetrest_1.5__1.5:_bmuon_P_jetrest_4.__4.:bmuon_P_jetrest:                              +0.045                            +0.065                                                            +1.000                                  +0.349                                                          +0.708                          -0.319                                                                                                                 -0.196                                                                                          +0.468                                                              -0.081                                                                                                                   -0.054                                                    +0.119                                      +0.198                                                                                                     +0.296
                         :                                                                                  bmuon_palongjet_30._bmuon_palongjet:30.:                              -0.293                            +0.034                                                            +0.349                                  +1.000                                                          +0.175                          -0.444                                                                                                                 -0.131                                                                                          +0.456                                                              -0.187                                                                                                                   -0.062                                                    -0.174                                      +0.208                                                                                                     +0.319
                         :                                                          _bmuon_ptwrtbjet_1.__1.:_bmuon_ptwrtbjet_3.__3.:bmuon_ptwrtbjet:                              +0.425                            +0.109                                                            +0.708                                  +0.175                                                          +1.000                          -0.231                                                                                                                 -0.118                                                                                          +0.223                                                              -0.067                                                                                                                   -0.005                                                    +0.078                                      +0.097                                                                                                     +0.206
                         :                                                                                          bmuon_reliso_6._bmuon_reliso:6.:                              +0.075                            -0.041                                                            -0.319                                  -0.444                                                          -0.231                          +1.000                                                                                                                 +0.379                                                                                          -0.596                                                              +0.273                                                                                                                   +0.135                                                    +0.277                                      -0.209                                                                                                     -0.383
                         :   _bjet_ChargedHadronEnergyFraction_0.2__0.2:_bjet_ChargedHadronEnergyFraction_0.8__0.8:bjet_ChargedHadronEnergyFraction:                              +0.046                            -0.024                                                            -0.196                                  -0.131                                                          -0.118                          +0.379                                                                                                                 +1.000                                                                                          -0.409                                                              -0.331                                                                                                                   -0.302                                                    -0.140                                      -0.266                                                                                                     -0.301
                         :                          _bjet_MuonEnergyFraction_0.25__0.25:_bjet_MuonEnergyFraction_0.45__0.45:bjet_MuonEnergyFraction:                              -0.235                            +0.008                                                            +0.468                                  +0.456                                                          +0.223                          -0.596                                                                                                                 -0.409                                                                                          +1.000                                                              -0.208                                                                                                                   -0.117                                                    -0.172                                      +0.342                                                                                                     +0.477
                         :                                                      _bjet_NeutralEmEnergyFraction_0.4__bjet_NeutralEmEnergyFraction:0.4:                              -0.002                            -0.018                                                            -0.081                                  -0.187                                                          -0.067                          +0.273                                                                                                                 -0.331                                                                                          -0.208                                                              +1.000                                                                                                                   -0.063                                                    +0.460                                      -0.017                                                                                                     +0.042
                         : _bjet_NeutralHadronEnergyFraction_0.15__0.15:_bjet_NeutralHadronEnergyFraction_0.4__0.4:bjet_NeutralHadronEnergyFraction:                              +0.081                            -0.019                                                            -0.054                                  -0.062                                                          -0.005                          +0.135                                                                                                                 -0.302                                                                                          -0.117                                                              -0.063                                                                                                                   +1.000                                                    +0.072                                      +0.036                                                                                                     +0.025
                         :                                                                _bjet_NeutralMultiplicity_25__bjet_NeutralMultiplicity:25:                              -0.029                            +0.068                                                            +0.119                                  -0.174                                                          +0.078                          +0.277                                                                                                                 -0.140                                                                                          -0.172                                                              +0.460                                                                                                                   +0.072                                                    +1.000                                      -0.007                                                                                                     -0.016
                         :                                                                              fabs_bjet_charge__0.5_fabs_bjet_charge_:0.5:                              -0.111                            +0.007                                                            +0.198                                  +0.208                                                          +0.097                          -0.209                                                                                                                 -0.266                                                                                          +0.342                                                              -0.017                                                                                                                   +0.036                                                    -0.007                                      +1.000                                                                                                     +0.390
                         :               _bjet_charge_T_bmuon_charge__M_0.5___M_0.5:_bjet_charge_T_bmuon_charge_0.6__0.6:bjet_charge_T_bmuon_charge:                              -0.094                            +0.012                                                            +0.296                                  +0.319                                                          +0.206                          -0.383                                                                                                                 -0.301                                                                                          +0.477                                                              +0.042                                                                                                                   +0.025                                                    -0.016                                      +0.390                                                                                                     +1.000
                         : ----------------------------------------------------------------------------------------------------------------------------------------------------------------------------------------------------------------------------------------------------------------------------------------------------------------------------------------------------------------------------------------------------------------------------------------------------------------------------------------------------------------------------------------------------------------------------------------------------------------------------------------------------------------------------------------------------------------------------------------------------------------------------------------------------------------------------------------------------------------------------------------------------------------------------------------------------------------------------------------------------------------------------------------------
DataSetFactory           : [FIN_BDT_2016postVFP] :  
                         : 
Factory                  : [1mTrain all methods[0m
Factory                  : [FIN_BDT_2016postVFP] : Create Transformation "I" with events from all classes.
                         : 
                         : Transformation, Variable selection : 
                         : Input : variable 'bmuon_dR_l_j<0.04?0.04:bmuon_dR_l_j' <---> Output : variable 'bmuon_dR_l_j<0.04?0.04:bmuon_dR_l_j'
                         : Input : variable 'bmuon_nsip3d<10.?bmuon_nsip3d:10.' <---> Output : variable 'bmuon_nsip3d<10.?bmuon_nsip3d:10.'
                         : Input : variable '(bmuon_P_jetrest<1.5)?1.5:(bmuon_P_jetrest>4.)?4.:bmuon_P_jetrest' <---> Output : variable '(bmuon_P_jetrest<1.5)?1.5:(bmuon_P_jetrest>4.)?4.:bmuon_P_jetrest'
                         : Input : variable 'bmuon_palongjet<30.?bmuon_palongjet:30.' <---> Output : variable 'bmuon_palongjet<30.?bmuon_palongjet:30.'
                         : Input : variable '(bmuon_ptwrtbjet<1.)?1.:(bmuon_ptwrtbjet>3.)?3.:bmuon_ptwrtbjet' <---> Output : variable '(bmuon_ptwrtbjet<1.)?1.:(bmuon_ptwrtbjet>3.)?3.:bmuon_ptwrtbjet'
                         : Input : variable 'bmuon_reliso<6.?bmuon_reliso:6.' <---> Output : variable 'bmuon_reliso<6.?bmuon_reliso:6.'
                         : Input : variable '(bjet_ChargedHadronEnergyFraction<0.2)?0.2:(bjet_ChargedHadronEnergyFraction>0.8)?0.8:bjet_ChargedHadronEnergyFraction' <---> Output : variable '(bjet_ChargedHadronEnergyFraction<0.2)?0.2:(bjet_ChargedHadronEnergyFraction>0.8)?0.8:bjet_ChargedHadronEnergyFraction'
                         : Input : variable '(bjet_MuonEnergyFraction<0.25)?0.25:(bjet_MuonEnergyFraction>0.45)?0.45:bjet_MuonEnergyFraction' <---> Output : variable '(bjet_MuonEnergyFraction<0.25)?0.25:(bjet_MuonEnergyFraction>0.45)?0.45:bjet_MuonEnergyFraction'
                         : Input : variable '(bjet_NeutralEmEnergyFraction<0.4)?bjet_NeutralEmEnergyFraction:0.4' <---> Output : variable '(bjet_NeutralEmEnergyFraction<0.4)?bjet_NeutralEmEnergyFraction:0.4'
                         : Input : variable '(bjet_NeutralHadronEnergyFraction<0.15)?0.15:(bjet_NeutralHadronEnergyFraction>0.4)?0.4:bjet_NeutralHadronEnergyFraction' <---> Output : variable '(bjet_NeutralHadronEnergyFraction<0.15)?0.15:(bjet_NeutralHadronEnergyFraction>0.4)?0.4:bjet_NeutralHadronEnergyFraction'
                         : Input : variable '(bjet_NeutralMultiplicity<25)?bjet_NeutralMultiplicity:25' <---> Output : variable '(bjet_NeutralMultiplicity<25)?bjet_NeutralMultiplicity:25'
                         : Input : variable 'fabs(bjet_charge)<0.5?fabs(bjet_charge):0.5' <---> Output : variable 'fabs(bjet_charge)<0.5?fabs(bjet_charge):0.5'
                         : Input : variable '(bjet_charge*bmuon_charge<-0.5)?-0.5:(bjet_charge*bmuon_charge>0.6)?0.6:bjet_charge*bmuon_charge' <---> Output : variable '(bjet_charge*bmuon_charge<-0.5)?-0.5:(bjet_charge*bmuon_charge>0.6)?0.6:bjet_charge*bmuon_charge'
TFHandler_Factory        :                                                                                                                 Variable                                                                                                                        Mean                                                                                                                        RMS                                                                                                                [        Min                                                                                                                        Max ]
                         : -------------------------------------------------------------------------------------------------------------------------------------------------------------------------------------------------------------------------------------------------------------------------------------------------------------------------------------------------------------------------------------------------------------------------------------------------------------------------------------------------------------------------------------------------------------------------------------------------------------------------------------------
                         :                                                                                      bmuon_dR_l_j<0.04?0.04:bmuon_dR_l_j:                                                                                                                  0.088126                                                                                                                  0.055901   [                                                                                                                  0.040000                                                                                                                   0.39879 ]
                         :                                                                                        bmuon_nsip3d<10.?bmuon_nsip3d:10.:                                                                                                                    6.4031                                                                                                                    3.6030   [                                                                                                                 0.0014549                                                                                                                    10.000 ]
                         :                                                        (bmuon_P_jetrest<1.5)?1.5:(bmuon_P_jetrest>4.)?4.:bmuon_P_jetrest:                                                                                                                    1.7149                                                                                                                   0.44866   [                                                                                                                    1.5000                                                                                                                    4.0000 ]
                         :                                                                                  bmuon_palongjet<30.?bmuon_palongjet:30.:                                                                                                                    20.110                                                                                                                    8.6624   [                                                                                                                    4.8173                                                                                                                    30.000 ]
                         :                                                          (bmuon_ptwrtbjet<1.)?1.:(bmuon_ptwrtbjet>3.)?3.:bmuon_ptwrtbjet:                                                                                                                    1.2104                                                                                                                   0.38362   [                                                                                                                    1.0000                                                                                                                    3.0000 ]
                         :                                                                                          bmuon_reliso<6.?bmuon_reliso:6.:                                                                                                                    2.6621                                                                                                                    1.8751   [                                                                                                                    0.0000                                                                                                                    6.0000 ]
                         :   (bjet_ChargedHadronEnergyFraction<0.2)?0.2:(bjet_ChargedHadronEnergyFraction>0.8)?0.8:bjet_ChargedHadronEnergyFraction:                                                                                                                   0.44871                                                                                                                   0.17377   [                                                                                                                   0.20000                                                                                                                   0.80000 ]
                         :                          (bjet_MuonEnergyFraction<0.25)?0.25:(bjet_MuonEnergyFraction>0.45)?0.45:bjet_MuonEnergyFraction:                                                                                                                   0.30205                                                                                                                  0.076672   [                                                                                                                   0.25000                                                                                                                   0.45000 ]
                         :                                                      (bjet_NeutralEmEnergyFraction<0.4)?bjet_NeutralEmEnergyFraction:0.4:                                                                                                                   0.18338                                                                                                                   0.11544   [                                                                                                                    0.0000                                                                                                                   0.40000 ]
                         : (bjet_NeutralHadronEnergyFraction<0.15)?0.15:(bjet_NeutralHadronEnergyFraction>0.4)?0.4:bjet_NeutralHadronEnergyFraction:                                                                                                                   0.16734                                                                                                                  0.049750   [                                                                                                                   0.15000                                                                                                                   0.40000 ]
                         :                                                                (bjet_NeutralMultiplicity<25)?bjet_NeutralMultiplicity:25:                                                                                                                    8.7944                                                                                                                    4.4762   [                                                                                                                    0.0000                                                                                                                    25.000 ]
                         :                                                                              fabs(bjet_charge)<0.5?fabs(bjet_charge):0.5:                                                                                                                   0.29074                                                                                                                   0.16807   [                                                                                                                3.5924e-05                                                                                                                   0.50000 ]
                         :                         (bjet_charge*bmuon_charge<-0.5)?-0.5:(bjet_charge*bmuon_charge>0.6)?0.6:bjet_charge*bmuon_charge:                                                                                                                   0.20339                                                                                                                   0.29976   [                                                                                                                  -0.50000                                                                                                                   0.60000 ]
                         : -------------------------------------------------------------------------------------------------------------------------------------------------------------------------------------------------------------------------------------------------------------------------------------------------------------------------------------------------------------------------------------------------------------------------------------------------------------------------------------------------------------------------------------------------------------------------------------------------------------------------------------------
                         : Ranking input variables (method unspecific)...
IdTransformation         : Ranking result (top variable is best ranked)
                         : -------------------------------------------------------------------------------------------------------------------------------------------------
                         : Rank : Variable                                                                                                                 : Separation
                         : -------------------------------------------------------------------------------------------------------------------------------------------------
                         :    1 : (bjet_charge*bmuon_charge<-0.5)?-0.5:(bjet_charge*bmuon_charge>0.6)?0.6:bjet_charge*bmuon_charge                         : 1.358e-01
                         :    2 : (bjet_MuonEnergyFraction<0.25)?0.25:(bjet_MuonEnergyFraction>0.45)?0.45:bjet_MuonEnergyFraction                          : 7.442e-02
                         :    3 : fabs(bjet_charge)<0.5?fabs(bjet_charge):0.5                                                                              : 7.214e-02
                         :    4 : (bmuon_ptwrtbjet<1.)?1.:(bmuon_ptwrtbjet>3.)?3.:bmuon_ptwrtbjet                                                          : 6.573e-02
                         :    5 : (bmuon_P_jetrest<1.5)?1.5:(bmuon_P_jetrest>4.)?4.:bmuon_P_jetrest                                                        : 6.313e-02
                         :    6 : bmuon_reliso<6.?bmuon_reliso:6.                                                                                          : 5.731e-02
                         :    7 : bmuon_palongjet<30.?bmuon_palongjet:30.                                                                                  : 2.460e-02
                         :    8 : (bjet_ChargedHadronEnergyFraction<0.2)?0.2:(bjet_ChargedHadronEnergyFraction>0.8)?0.8:bjet_ChargedHadronEnergyFraction   : 1.923e-02
                         :    9 : bmuon_nsip3d<10.?bmuon_nsip3d:10.                                                                                        : 1.301e-02
                         :   10 : bmuon_dR_l_j<0.04?0.04:bmuon_dR_l_j                                                                                      : 1.013e-02
                         :   11 : (bjet_NeutralEmEnergyFraction<0.4)?bjet_NeutralEmEnergyFraction:0.4                                                      : 9.129e-03
                         :   12 : (bjet_NeutralMultiplicity<25)?bjet_NeutralMultiplicity:25                                                                : 7.064e-03
                         :   13 : (bjet_NeutralHadronEnergyFraction<0.15)?0.15:(bjet_NeutralHadronEnergyFraction>0.4)?0.4:bjet_NeutralHadronEnergyFraction : 3.798e-03
                         : -------------------------------------------------------------------------------------------------------------------------------------------------
Factory                  : Train method: BDT for Classification
                         : 
                         : Preparing the Gaussian transformation...
TFHandler_BDT            :                                                                                                                 Variable                                                                                                                        Mean                                                                                                                        RMS                                                                                                                [        Min                                                                                                                        Max ]
                         : -------------------------------------------------------------------------------------------------------------------------------------------------------------------------------------------------------------------------------------------------------------------------------------------------------------------------------------------------------------------------------------------------------------------------------------------------------------------------------------------------------------------------------------------------------------------------------------------------------------------------------------------
                         :                                                                                      bmuon_dR_l_j<0.04?0.04:bmuon_dR_l_j:                                                                                                                  -0.74150                                                                                                                    1.5627   [                                                                                                                   -3.0125                                                                                                                    5.7307 ]
                         :                                                                                        bmuon_nsip3d<10.?bmuon_nsip3d:10.:                                                                                                                    2.1992                                                                                                                    2.8927   [                                                                                                                   -3.1988                                                                                                                    5.7307 ]
                         :                                                        (bmuon_P_jetrest<1.5)?1.5:(bmuon_P_jetrest>4.)?4.:bmuon_P_jetrest:                                                                                                                   -1.9096                                                                                                                    1.7352   [                                                                                                                   -3.0579                                                                                                                    5.7307 ]
                         :                                                                                  bmuon_palongjet<30.?bmuon_palongjet:30.:                                                                                                                    1.7893                                                                                                                    2.7775   [                                                                                                                   -3.3134                                                                                                                    5.7307 ]
                         :                                                          (bmuon_ptwrtbjet<1.)?1.:(bmuon_ptwrtbjet>3.)?3.:bmuon_ptwrtbjet:                                                                                                                   -1.6566                                                                                                                    1.6945   [                                                                                                                   -2.8863                                                                                                                    5.4200 ]
                         :                                                                                          bmuon_reliso<6.?bmuon_reliso:6.:                                                                                                                   0.60773                                                                                                                    2.0381   [                                                                                                                   -3.3913                                                                                                                    5.7307 ]
                         :   (bjet_ChargedHadronEnergyFraction<0.2)?0.2:(bjet_ChargedHadronEnergyFraction>0.8)?0.8:bjet_ChargedHadronEnergyFraction:                                                                                                                  -0.16291                                                                                                                    1.6845   [                                                                                                                   -3.1145                                                                                                                    5.7307 ]
                         :                          (bjet_MuonEnergyFraction<0.25)?0.25:(bjet_MuonEnergyFraction>0.45)?0.45:bjet_MuonEnergyFraction:                                                                                                                  -0.74240                                                                                                                    2.9178   [                                                                                                                   -2.6767                                                                                                                    5.7307 ]
                         :                                                      (bjet_NeutralEmEnergyFraction<0.4)?bjet_NeutralEmEnergyFraction:0.4:                                                                                                                   0.43755                                                                                                                    1.8555   [                                                                                                                   -3.3614                                                                                                                    5.7307 ]
                         : (bjet_NeutralHadronEnergyFraction<0.15)?0.15:(bjet_NeutralHadronEnergyFraction>0.4)?0.4:bjet_NeutralHadronEnergyFraction:                                                                                                                   -2.3546                                                                                                                    1.5708   [                                                                                                                   -2.9866                                                                                                                    5.7307 ]
                         :                                                                (bjet_NeutralMultiplicity<25)?bjet_NeutralMultiplicity:25:                                                                                                                  0.023946                                                                                                                    1.0875   [                                                                                                                   -4.9957                                                                                                                    5.7307 ]
                         :                                                                              fabs(bjet_charge)<0.5?fabs(bjet_charge):0.5:                                                                                                                    1.2334                                                                                                                    2.4300   [                                                                                                                   -3.1385                                                                                                                    5.4200 ]
                         :                         (bjet_charge*bmuon_charge<-0.5)?-0.5:(bjet_charge*bmuon_charge>0.6)?0.6:bjet_charge*bmuon_charge:                                                                                                                   0.70501                                                                                                                    2.1836   [                                                                                                                   -3.2410                                                                                                                    5.7307 ]
                         : -------------------------------------------------------------------------------------------------------------------------------------------------------------------------------------------------------------------------------------------------------------------------------------------------------------------------------------------------------------------------------------------------------------------------------------------------------------------------------------------------------------------------------------------------------------------------------------------------------------------------------------------
                         : Events with weight == 0 are going to be simply ignored 
BDT                      : #events: (reweighted) sig: 8771 bkg: 8771
                         : #events: (unweighted) sig: 11882 bkg: 5660
                         : Training 400 Decision Trees ... patience please
                         : Elapsed time for training with 25471 events: 4.81 sec         
BDT                      : [FIN_BDT_2016postVFP] : Evaluation of BDT on training sample (25471 events)
                         : Elapsed time for evaluation of 25471 events: 1.69 sec       
                         : Creating xml weight file: [0;36mFIN_BDT_2016postVFP/weights/FIN_BDT_2016postVFP_BDT.weights.xml[0m
                         : Creating standalone class: [0;36mFIN_BDT_2016postVFP/weights/FIN_BDT_2016postVFP_BDT.class.C[0m
                         : FIN_BDT_2016postVFP.root:/FIN_BDT_2016postVFP/Method_BDT/BDT
Factory                  : Training finished
                         : 
                         : Ranking input variables (method specific)...
BDT                      : Ranking result (top variable is best ranked)
                         : ----------------------------------------------------------------------------------------------------------------------------------------------------------
                         : Rank : Variable                                                                                                                 : Variable Importance
                         : ----------------------------------------------------------------------------------------------------------------------------------------------------------
                         :    1 : (bjet_charge*bmuon_charge<-0.5)?-0.5:(bjet_charge*bmuon_charge>0.6)?0.6:bjet_charge*bmuon_charge                         : 1.811e-01
                         :    2 : (bmuon_ptwrtbjet<1.)?1.:(bmuon_ptwrtbjet>3.)?3.:bmuon_ptwrtbjet                                                          : 9.233e-02
                         :    3 : (bjet_MuonEnergyFraction<0.25)?0.25:(bjet_MuonEnergyFraction>0.45)?0.45:bjet_MuonEnergyFraction                          : 8.402e-02
                         :    4 : bmuon_dR_l_j<0.04?0.04:bmuon_dR_l_j                                                                                      : 7.804e-02
                         :    5 : bmuon_nsip3d<10.?bmuon_nsip3d:10.                                                                                        : 7.656e-02
                         :    6 : (bjet_ChargedHadronEnergyFraction<0.2)?0.2:(bjet_ChargedHadronEnergyFraction>0.8)?0.8:bjet_ChargedHadronEnergyFraction   : 7.036e-02
                         :    7 : bmuon_reliso<6.?bmuon_reliso:6.                                                                                          : 6.759e-02
                         :    8 : fabs(bjet_charge)<0.5?fabs(bjet_charge):0.5                                                                              : 6.638e-02
                         :    9 : (bmuon_P_jetrest<1.5)?1.5:(bmuon_P_jetrest>4.)?4.:bmuon_P_jetrest                                                        : 6.382e-02
                         :   10 : (bjet_NeutralEmEnergyFraction<0.4)?bjet_NeutralEmEnergyFraction:0.4                                                      : 5.920e-02
                         :   11 : bmuon_palongjet<30.?bmuon_palongjet:30.                                                                                  : 5.760e-02
                         :   12 : (bjet_NeutralMultiplicity<25)?bjet_NeutralMultiplicity:25                                                                : 5.501e-02
                         :   13 : (bjet_NeutralHadronEnergyFraction<0.15)?0.15:(bjet_NeutralHadronEnergyFraction>0.4)?0.4:bjet_NeutralHadronEnergyFraction : 4.792e-02
                         : ----------------------------------------------------------------------------------------------------------------------------------------------------------
Factory                  : === Destroy and recreate all methods via weight files for testing ===
                         : 
                         : Reading weight file: [0;36mFIN_BDT_2016postVFP/weights/FIN_BDT_2016postVFP_BDT.weights.xml[0m
Factory                  : [1mTest all methods[0m
Factory                  : Test method: BDT for Classification performance
                         : 
BDT                      : [FIN_BDT_2016postVFP] : Evaluation of BDT on testing sample (36767 events)
                         : Elapsed time for evaluation of 36767 events: 1.78 sec       
Factory                  : [1mEvaluate all methods[0m
Factory                  : Evaluate classifier: BDT
                         : 
TFHandler_BDT            :                                                                                                                 Variable                                                                                                                        Mean                                                                                                                        RMS                                                                                                                [        Min                                                                                                                        Max ]
                         : -------------------------------------------------------------------------------------------------------------------------------------------------------------------------------------------------------------------------------------------------------------------------------------------------------------------------------------------------------------------------------------------------------------------------------------------------------------------------------------------------------------------------------------------------------------------------------------------------------------------------------------------
                         :                                                                                      bmuon_dR_l_j<0.04?0.04:bmuon_dR_l_j:                                                                                                                  -0.75920                                                                                                                    1.5790   [                                                                                                                   -3.0125                                                                                                                    5.7307 ]
                         :                                                                                        bmuon_nsip3d<10.?bmuon_nsip3d:10.:                                                                                                                    2.1679                                                                                                                    2.9046   [                                                                                                                   -3.1251                                                                                                                    5.7307 ]
                         :                                                        (bmuon_P_jetrest<1.5)?1.5:(bmuon_P_jetrest>4.)?4.:bmuon_P_jetrest:                                                                                                                   -1.7102                                                                                                                    1.8634   [                                                                                                                   -3.0579                                                                                                                    5.7307 ]
                         :                                                                                  bmuon_palongjet<30.?bmuon_palongjet:30.:                                                                                                                    1.9773                                                                                                                    2.8081   [                                                                                                                   -3.2851                                                                                                                    5.7307 ]
                         :                                                          (bmuon_ptwrtbjet<1.)?1.:(bmuon_ptwrtbjet>3.)?3.:bmuon_ptwrtbjet:                                                                                                                   -1.4852                                                                                                                    1.7859   [                                                                                                                   -2.8863                                                                                                                    5.4200 ]
                         :                                                                                          bmuon_reliso<6.?bmuon_reliso:6.:                                                                                                                   0.52716                                                                                                                    2.0269   [                                                                                                                   -3.3913                                                                                                                    5.7307 ]
                         :   (bjet_ChargedHadronEnergyFraction<0.2)?0.2:(bjet_ChargedHadronEnergyFraction>0.8)?0.8:bjet_ChargedHadronEnergyFraction:                                                                                                                  -0.23478                                                                                                                    1.6985   [                                                                                                                   -3.1145                                                                                                                    5.7307 ]
                         :                          (bjet_MuonEnergyFraction<0.25)?0.25:(bjet_MuonEnergyFraction>0.45)?0.45:bjet_MuonEnergyFraction:                                                                                                                  -0.53302                                                                                                                    3.0377   [                                                                                                                   -2.6767                                                                                                                    5.7307 ]
                         :                                                      (bjet_NeutralEmEnergyFraction<0.4)?bjet_NeutralEmEnergyFraction:0.4:                                                                                                                   0.42937                                                                                                                    1.8608   [                                                                                                                   -3.3614                                                                                                                    5.7307 ]
                         : (bjet_NeutralHadronEnergyFraction<0.15)?0.15:(bjet_NeutralHadronEnergyFraction>0.4)?0.4:bjet_NeutralHadronEnergyFraction:                                                                                                                   -2.4007                                                                                                                    1.4880   [                                                                                                                   -2.9866                                                                                                                    5.7307 ]
                         :                                                                (bjet_NeutralMultiplicity<25)?bjet_NeutralMultiplicity:25:                                                                                                                  0.043643                                                                                                                    1.1084   [                                                                                                                   -4.9957                                                                                                                    5.7307 ]
                         :                                                                              fabs(bjet_charge)<0.5?fabs(bjet_charge):0.5:                                                                                                                    1.4480                                                                                                                    2.5115   [                                                                                                                   -3.1920                                                                                                                    5.4200 ]
                         :                         (bjet_charge*bmuon_charge<-0.5)?-0.5:(bjet_charge*bmuon_charge>0.6)?0.6:bjet_charge*bmuon_charge:                                                                                                                   0.91163                                                                                                                    2.2681   [                                                                                                                   -3.2410                                                                                                                    5.7307 ]
                         : -------------------------------------------------------------------------------------------------------------------------------------------------------------------------------------------------------------------------------------------------------------------------------------------------------------------------------------------------------------------------------------------------------------------------------------------------------------------------------------------------------------------------------------------------------------------------------------------------------------------------------------------
BDT                      : [FIN_BDT_2016postVFP] : Loop over test events and fill histograms with classifier response...
                         : 
TFHandler_BDT            :                                                                                                                 Variable                                                                                                                        Mean                                                                                                                        RMS                                                                                                                [        Min                                                                                                                        Max ]
                         : -------------------------------------------------------------------------------------------------------------------------------------------------------------------------------------------------------------------------------------------------------------------------------------------------------------------------------------------------------------------------------------------------------------------------------------------------------------------------------------------------------------------------------------------------------------------------------------------------------------------------------------------
                         :                                                                                      bmuon_dR_l_j<0.04?0.04:bmuon_dR_l_j:                                                                                                                  -0.75920                                                                                                                    1.5790   [                                                                                                                   -3.0125                                                                                                                    5.7307 ]
                         :                                                                                        bmuon_nsip3d<10.?bmuon_nsip3d:10.:                                                                                                                    2.1679                                                                                                                    2.9046   [                                                                                                                   -3.1251                                                                                                                    5.7307 ]
                         :                                                        (bmuon_P_jetrest<1.5)?1.5:(bmuon_P_jetrest>4.)?4.:bmuon_P_jetrest:                                                                                                                   -1.7102                                                                                                                    1.8634   [                                                                                                                   -3.0579                                                                                                                    5.7307 ]
                         :                                                                                  bmuon_palongjet<30.?bmuon_palongjet:30.:                                                                                                                    1.9773                                                                                                                    2.8081   [                                                                                                                   -3.2851                                                                                                                    5.7307 ]
                         :                                                          (bmuon_ptwrtbjet<1.)?1.:(bmuon_ptwrtbjet>3.)?3.:bmuon_ptwrtbjet:                                                                                                                   -1.4852                                                                                                                    1.7859   [                                                                                                                   -2.8863                                                                                                                    5.4200 ]
                         :                                                                                          bmuon_reliso<6.?bmuon_reliso:6.:                                                                                                                   0.52716                                                                                                                    2.0269   [                                                                                                                   -3.3913                                                                                                                    5.7307 ]
                         :   (bjet_ChargedHadronEnergyFraction<0.2)?0.2:(bjet_ChargedHadronEnergyFraction>0.8)?0.8:bjet_ChargedHadronEnergyFraction:                                                                                                                  -0.23478                                                                                                                    1.6985   [                                                                                                                   -3.1145                                                                                                                    5.7307 ]
                         :                          (bjet_MuonEnergyFraction<0.25)?0.25:(bjet_MuonEnergyFraction>0.45)?0.45:bjet_MuonEnergyFraction:                                                                                                                  -0.53302                                                                                                                    3.0377   [                                                                                                                   -2.6767                                                                                                                    5.7307 ]
                         :                                                      (bjet_NeutralEmEnergyFraction<0.4)?bjet_NeutralEmEnergyFraction:0.4:                                                                                                                   0.42937                                                                                                                    1.8608   [                                                                                                                   -3.3614                                                                                                                    5.7307 ]
                         : (bjet_NeutralHadronEnergyFraction<0.15)?0.15:(bjet_NeutralHadronEnergyFraction>0.4)?0.4:bjet_NeutralHadronEnergyFraction:                                                                                                                   -2.4007                                                                                                                    1.4880   [                                                                                                                   -2.9866                                                                                                                    5.7307 ]
                         :                                                                (bjet_NeutralMultiplicity<25)?bjet_NeutralMultiplicity:25:                                                                                                                  0.043643                                                                                                                    1.1084   [                                                                                                                   -4.9957                                                                                                                    5.7307 ]
                         :                                                                              fabs(bjet_charge)<0.5?fabs(bjet_charge):0.5:                                                                                                                    1.4480                                                                                                                    2.5115   [                                                                                                                   -3.1920                                                                                                                    5.4200 ]
                         :                         (bjet_charge*bmuon_charge<-0.5)?-0.5:(bjet_charge*bmuon_charge>0.6)?0.6:bjet_charge*bmuon_charge:                                                                                                                   0.91163                                                                                                                    2.2681   [                                                                                                                   -3.2410                                                                                                                    5.7307 ]
                         : -------------------------------------------------------------------------------------------------------------------------------------------------------------------------------------------------------------------------------------------------------------------------------------------------------------------------------------------------------------------------------------------------------------------------------------------------------------------------------------------------------------------------------------------------------------------------------------------------------------------------------------------
                         : 
                         : Evaluation results ranked by best signal efficiency and purity (area)
                         : -------------------------------------------------------------------------------------------------------------------
                         : DataSet       MVA                       
                         : Name:         Method:          ROC-integ
                         : FIN_BDT_2016postVFP BDT            : 0.755
                         : -------------------------------------------------------------------------------------------------------------------
                         : 
                         : Testing efficiency compared to training efficiency (overtraining check)
                         : -------------------------------------------------------------------------------------------------------------------
                         : DataSet              MVA              Signal efficiency: from test sample (from training sample) 
                         : Name:                Method:          @B=0.01             @B=0.10            @B=0.30   
                         : -------------------------------------------------------------------------------------------------------------------
                         : FIN_BDT_2016postVFP  BDT            : 0.098 (0.104)       0.387 (0.413)      0.670 (0.718)
                         : -------------------------------------------------------------------------------------------------------------------
                         : 
Dataset:FIN_BDT_2016po...: Created tree 'TestTree' with 36767 events
                         : 
Dataset:FIN_BDT_2016po...: Created tree 'TrainTree' with 25471 events
                         : 
Factory                  : [1mThank you for using TMVA![0m
                         : [1mFor citation information, please visit: http://tmva.sf.net/citeTMVA.html[0m
['bmuon_dR_l_j < 0.04 ? 0.04 : bmuon_dR_l_j', 'bmuon_nsip3d < 10. ? bmuon_nsip3d : 10.', '(bmuon_P_jetrest < 1.5)?1.5:(bmuon_P_jetrest>4.)?4.:bmuon_P_jetrest', 'bmuon_palongjet < 30. ? bmuon_palongjet : 30.', '(bmuon_ptwrtbjet < 1.)?1.:(bmuon_ptwrtbjet>3.)?3.:bmuon_ptwrtbjet', 'bmuon_reliso < 6. ? bmuon_reliso : 6.', '(bjet_ChargedHadronEnergyFraction<0.2)?0.2:(bjet_ChargedHadronEnergyFraction>0.8)?0.8:bjet_ChargedHadronEnergyFraction', '(bjet_MuonEnergyFraction < 0.25) ? 0.25 : (bjet_MuonEnergyFraction >0.45) ? 0.45 : bjet_MuonEnergyFraction', '(bjet_NeutralEmEnergyFraction<0.4)? bjet_NeutralEmEnergyFraction:0.4', '(bjet_NeutralHadronEnergyFraction < 0.15)?0.15:(bjet_NeutralHadronEnergyFraction>0.4)?0.4:bjet_NeutralHadronEnergyFraction', '(bjet_NeutralMultiplicity<25)?bjet_NeutralMultiplicity:25', 'fabs(bjet_charge) < 0.5 ? fabs(bjet_charge) : 0.5', '(bjet_charge*bmuon_charge<-0.5)?-0.5:(bjet_charge*bmuon_charge>0.6)?0.6:bjet_charge*bmuon_charge'] ['belectron_dR_l_j < 0.15 ? 0.15 : belectron_dR_l_j', '(belectron_P_jetrest < 1.)?1.:(belectron_P_jetrest>2.)?2.:belectron_P_jetrest', '(belectron_ptwrtbjet < 0.5)?0.5:(belectron_ptwrtbjet>3.)?3.:belectron_ptwrtbjet', 'bjet_ChargedEmEnergyFraction < 0.2 ? bjet_ChargedEmEnergyFraction : 0.2', '(bjet_ChargedHadronEnergyFraction<0.5)?0.5:(bjet_ChargedHadronEnergyFraction>0.9)?0.9:bjet_ChargedHadronEnergyFraction', '(bjet_NeutralEmEnergyFraction<0.25)?0.25:(bjet_NeutralEmEnergyFraction>0.7)?0.7:bjet_NeutralEmEnergyFraction', 'fabs(bjet_charge)<0.3 ? fabs(bjet_charge) : 0.3', '(bjet_charge*belectron_charge < -0.3)?-0.3:(bjet_charge*belectron_charge>0.3)?0.3:bjet_charge*belectron_charge'] ['bjet_ChargedHadronEnergyFraction<0.15?0.15:(bjet_ChargedHadronEnergyFraction>0.7)?0.7:bjet_ChargedHadronEnergyFraction', '(log(bjet_MuonEnergyFraction)<-3.5)?-3.5:(log(bjet_MuonEnergyFraction)>-1.5)?-1.5:log(bjet_MuonEnergyFraction)', 'bjet_NeutralEmEnergyFraction<0.7?bjet_NeutralEmEnergyFraction:0.7', '(log(bjet_NeutralHadronEnergyFraction)<-4.5)?-4.5:(log(bjet_NeutralHadronEnergyFraction)>-0.5)?-0.5:log(bjet_NeutralHadronEnergyFraction)', '(bjet_NeutralMultiplicity < 5)?5:(bjet_NeutralMultiplicity>32)?32:bjet_NeutralMultiplicity', 'fabs(bjet_charge)<0.7?fabs(bjet_charge):0.7']
(bmuon_charge*bjet_partonFlavour < 0)&&Has_bMuon (bmuon_charge*bjet_partonFlavour > 0)&&Has_bMuon (belectron_charge*bjet_partonFlavour < 0)&&(Has_bElectron) (belectron_charge*bjet_partonFlavour > 0)&&(Has_bElectron) (bjet_charge*bjet_partonFlavour < 0)&&(!Has_bElectron)&&(!Has_bMuon) (bjet_charge*bjet_partonFlavour > 0)&&(!Has_bElectron)&&(!Has_bMuon)
sigcut= (bmuon_charge*bjet_partonFlavour < 0)&&Has_bMuon
bkgcut= (bmuon_charge*bjet_partonFlavour > 0)&&Has_bMuon
<sig cut>= (bmuon_charge*bjet_partonFlavour < 0)&&Has_bMuon
<bkg cut>= (bmuon_charge*bjet_partonFlavour > 0)&&Has_bMuon
---sig_test---
<self.testtree_sig> OutTree/sig
/pnfs/knu.ac.kr/data/cms/store/user/jhchoi/JetChargeTagScore/TMVA_TOOL/inputs/EEMu_MuMuE_Method/v2512.5_2016postVFP/2016postVFP/EEMu_MuMuE_Method_DYJetsToEE_MiNNLO.root
/pnfs/knu.ac.kr/data/cms/store/user/jhchoi/JetChargeTagScore/TMVA_TOOL/inputs/EEMu_MuMuE_Method/v2512.5_2016postVFP/2016postVFP/EEMu_MuMuE_Method_DYJetsToMuMu_MiNNLO.root
--bkg_test---
<self.testtree_bkg> OutTree/bkg
/pnfs/knu.ac.kr/data/cms/store/user/jhchoi/JetChargeTagScore/TMVA_TOOL/inputs/EEMu_MuMuE_Method/v2512.5_2016postVFP/2016postVFP/EEMu_MuMuE_Method_DYJetsToEE_MiNNLO.root
/pnfs/knu.ac.kr/data/cms/store/user/jhchoi/JetChargeTagScore/TMVA_TOOL/inputs/EEMu_MuMuE_Method/v2512.5_2016postVFP/2016postVFP/EEMu_MuMuE_Method_DYJetsToMuMu_MiNNLO.root
---sig_train---
<self.traintree_sig> OutTree/sig
/pnfs/knu.ac.kr/data/cms/store/user/jhchoi/JetChargeTagScore/TMVA_TOOL/inputs/EEMu_MuMuE_Method/v2512.5_2016postVFP/2016postVFP/EEMu_MuMuE_Method_DYJets.root
---bkg_train---
<self.traintree_bkg> OutTree/bkg
/pnfs/knu.ac.kr/data/cms/store/user/jhchoi/JetChargeTagScore/TMVA_TOOL/inputs/EEMu_MuMuE_Method/v2512.5_2016postVFP/2016postVFP/EEMu_MuMuE_Method_DYJets.root
>>>>self.dataloader.PrepareTrainingAndTestTree
Set sig cut -> (bmuon_charge*bjet_partonFlavour < 0)&&Has_bMuon
Set bkg cut -> (bmuon_charge*bjet_partonFlavour > 0)&&Has_bMuon
auc= 0.7549642451715497
END of RUNNING...run_single
FIN_BDT_2016postVFP
FIN_BDT_2016postVFP.root
_condor_stderr
_condor_stdout
run.sh
tmp
var
myerr=0
[ntry=1]
