/home/condor/dir_377313
DataSetInfo              : [FIN_BDT_2018] : Added class "Signal"
                         : Add Tree OutTree/sig of type Signal with 1214414 events
                         : Add Tree OutTree/sig of type Signal with 1201196 events
DataSetInfo              : [FIN_BDT_2018] : Added class "Background"
                         : Add Tree OutTree/bkg of type Background with 797707 events
                         : Add Tree OutTree/bkg of type Background with 786930 events
Factory                  : Booking method: [1mBDT[0m
                         : 
                         : Parsing option string: 
                         : ... "!H:V:NTrees=400:MinNodeSize=1%:MaxDepth=5:Shrinkage=0.01:BoostType=Grad:AdaBoostBeta=:UseBaggedBoost=True:BaggedSampleFraction=0.3:SeparationType=GiniIndex:nCuts=20:IgnoreNegWeightsInTraining=True:VarTransform=G"
                         : The following options are set:
                         : - By User:
                         :     <none>
                         : - Default:
                         :     Boost_num: "0" [Number of times the classifier will be boosted]
                         : Parsing option string: 
                         : ... "!H:V:NTrees=400:MinNodeSize=1%:MaxDepth=5:Shrinkage=0.01:BoostType=Grad:AdaBoostBeta=:UseBaggedBoost=True:BaggedSampleFraction=0.3:SeparationType=GiniIndex:nCuts=20:IgnoreNegWeightsInTraining=True:VarTransform=G"
                         : The following options are set:
                         : - By User:
                         :     V: "True" [Verbose output (short form of "VerbosityLevel" below - overrides the latter one)]
                         :     VarTransform: "G" [List of variable transformations performed before training, e.g., "D_Background,P_Signal,G,N_AllClasses" for: "Decorrelation, PCA-transformation, Gaussianisation, Normalisation, each for the given class of events ('AllClasses' denotes all events of all classes, if no class indication is given, 'All' is assumed)"]
                         :     H: "False" [Print method-specific help message]
                         :     IgnoreNegWeightsInTraining: "True" [Events with negative weights are ignored in the training (but are included for testing and performance evaluation)]
                         :     NTrees: "400" [Number of trees in the forest]
                         :     MaxDepth: "5" [Max depth of the decision tree allowed]
                         :     MinNodeSize: "1%" [Minimum percentage of training events required in a leaf node (default: Classification: 5%, Regression: 0.2%)]
                         :     nCuts: "20" [Number of grid points in variable range used in finding optimal cut in node splitting]
                         :     BoostType: "Grad" [Boosting type for the trees in the forest (note: AdaCost is still experimental)]
                         :     UseBaggedBoost: "True" [Use only a random subsample of all events for growing the trees in each boost iteration.]
                         :     Shrinkage: "1.000000e-02" [Learning rate for BoostType=Grad algorithm]
                         :     AdaBoostBeta: "5.000000e-01" [Learning rate  for AdaBoost algorithm]
                         :     BaggedSampleFraction: "3.000000e-01" [Relative size of bagged event sample to original size of the data sample (used whenever bagging is used (i.e. UseBaggedBoost, Bagging,)]
                         :     SeparationType: "GiniIndex" [Separation criterion for node splitting]
                         : - Default:
                         :     VerbosityLevel: "Default" [Verbosity level]
                         :     CreateMVAPdfs: "False" [Create PDFs for classifier outputs (signal and background)]
                         :     AdaBoostR2Loss: "Quadratic" [Type of Loss function in AdaBoostR2]
                         :     UseRandomisedTrees: "False" [Determine at each node splitting the cut variable only as the best out of a random subset of variables (like in RandomForests)]
                         :     UseNvars: "4" [Size of the subset of variables used with RandomisedTree option]
                         :     UsePoissonNvars: "True" [Interpret "UseNvars" not as fixed number but as mean of a Poisson distribution in each split with RandomisedTree option]
                         :     UseYesNoLeaf: "True" [Use Sig or Bkg categories, or the purity=S/(S+B) as classification of the leaf node -> Real-AdaBoost]
                         :     NegWeightTreatment: "InverseBoostNegWeights" [How to treat events with negative weights in the BDT training (particular the boosting) : IgnoreInTraining;  Boost With inverse boostweight; Pair events with negative and positive weights in training sample and *annihilate* them (experimental!)]
                         :     Css: "1.000000e+00" [AdaCost: cost of true signal selected signal]
                         :     Cts_sb: "1.000000e+00" [AdaCost: cost of true signal selected bkg]
                         :     Ctb_ss: "1.000000e+00" [AdaCost: cost of true bkg    selected signal]
                         :     Cbb: "1.000000e+00" [AdaCost: cost of true bkg    selected bkg ]
                         :     NodePurityLimit: "5.000000e-01" [In boosting/pruning, nodes with purity > NodePurityLimit are signal; background otherwise.]
                         :     RegressionLossFunctionBDTG: "Huber" [Loss function for BDTG regression.]
                         :     HuberQuantile: "7.000000e-01" [In the Huber loss function this is the quantile that separates the core from the tails in the residuals distribution.]
                         :     DoBoostMonitor: "False" [Create control plot with ROC integral vs tree number]
                         :     UseFisherCuts: "False" [Use multivariate splits using the Fisher criterion]
                         :     MinLinCorrForFisher: "8.000000e-01" [The minimum linear correlation between two variables demanded for use in Fisher criterion in node splitting]
                         :     UseExclusiveVars: "False" [Variables already used in fisher criterion are not anymore analysed individually for node splitting]
                         :     DoPreselection: "False" [and and apply automatic pre-selection for 100% efficient signal (bkg) cuts prior to training]
                         :     SigToBkgFraction: "1.000000e+00" [Sig to Bkg ratio used in Training (similar to NodePurityLimit, which cannot be used in real adaboost]
                         :     PruneMethod: "NoPruning" [Note: for BDTs use small trees (e.g.MaxDepth=3) and NoPruning:  Pruning: Method used for pruning (removal) of statistically insignificant branches ]
                         :     PruneStrength: "0.000000e+00" [Pruning strength]
                         :     PruningValFraction: "5.000000e-01" [Fraction of events to use for optimizing automatic pruning.]
                         :     SkipNormalization: "False" [Skip normalization at initialization, to keep expectation value of BDT output according to the fraction of events]
                         :     nEventsMin: "0" [deprecated: Use MinNodeSize (in % of training events) instead]
                         :     UseBaggedGrad: "False" [deprecated: Use *UseBaggedBoost* instead:  Use only a random subsample of all events for growing the trees in each iteration.]
                         :     GradBaggingFraction: "3.000000e-01" [deprecated: Use *BaggedSampleFraction* instead: Defines the fraction of events to be used in each iteration, e.g. when UseBaggedGrad=kTRUE. ]
                         :     UseNTrainEvents: "0" [deprecated: Use *BaggedSampleFraction* instead: Number of randomly picked training events used in randomised (and bagged) trees]
                         :     NNodesMax: "0" [deprecated: Use MaxDepth instead to limit the tree size]
BDT                      : [FIN_BDT_2018] : Create Transformation "G" with events from all classes.
                         : 
                         : Transformation, Variable selection : 
                         : Input : variable 'bmuon_dR_l_j<0.04?0.04:bmuon_dR_l_j' <---> Output : variable 'bmuon_dR_l_j<0.04?0.04:bmuon_dR_l_j'
                         : Input : variable '(bmuon_nsip3d<1.)?1.:(bmuon_nsip3d>10.)?10.:bmuon_nsip3d' <---> Output : variable '(bmuon_nsip3d<1.)?1.:(bmuon_nsip3d>10.)?10.:bmuon_nsip3d'
                         : Input : variable '(bmuon_P_jetrest<1.5)?1.5:(bmuon_P_jetrest>4.)?4.:bmuon_P_jetrest' <---> Output : variable '(bmuon_P_jetrest<1.5)?1.5:(bmuon_P_jetrest>4.)?4.:bmuon_P_jetrest'
                         : Input : variable 'bmuon_palongjet<30.?bmuon_palongjet:30.' <---> Output : variable 'bmuon_palongjet<30.?bmuon_palongjet:30.'
                         : Input : variable 'bmuon_ptwrtbjet<1.?1:bmuon_ptwrtbjet>3.5?3.5:bmuon_ptwrtbjet' <---> Output : variable 'bmuon_ptwrtbjet<1.?1:bmuon_ptwrtbjet>3.5?3.5:bmuon_ptwrtbjet'
                         : Input : variable 'bmuon_reliso<4.?bmuon_reliso:4.' <---> Output : variable 'bmuon_reliso<4.?bmuon_reliso:4.'
                         : Input : variable '(bjet_ChargedHadronEnergyFraction<0.35)?0.35:(bjet_ChargedHadronEnergyFraction>0.9)?0.9:bjet_ChargedHadronEnergyFraction' <---> Output : variable '(bjet_ChargedHadronEnergyFraction<0.35)?0.35:(bjet_ChargedHadronEnergyFraction>0.9)?0.9:bjet_ChargedHadronEnergyFraction'
                         : Input : variable '(bjet_MuonEnergyFraction<0.15)?0.15:(bjet_MuonEnergyFraction>0.45)?0.45:bjet_MuonEnergyFraction' <---> Output : variable '(bjet_MuonEnergyFraction<0.15)?0.15:(bjet_MuonEnergyFraction>0.45)?0.45:bjet_MuonEnergyFraction'
                         : Input : variable 'bjet_NeutralEmEnergyFraction<0.1?0.1:bjet_NeutralEmEnergyFraction>0.5?0.5:bjet_NeutralEmEnergyFraction' <---> Output : variable 'bjet_NeutralEmEnergyFraction<0.1?0.1:bjet_NeutralEmEnergyFraction>0.5?0.5:bjet_NeutralEmEnergyFraction'
                         : Input : variable '(bjet_NeutralHadronEnergyFraction<0.1)?0.1:(bjet_NeutralHadronEnergyFraction>0.5)?0.5:bjet_NeutralHadronEnergyFraction' <---> Output : variable '(bjet_NeutralHadronEnergyFraction<0.1)?0.1:(bjet_NeutralHadronEnergyFraction>0.5)?0.5:bjet_NeutralHadronEnergyFraction'
                         : Input : variable '(bjet_NeutralMultiplicity<30)?bjet_NeutralMultiplicity:30' <---> Output : variable '(bjet_NeutralMultiplicity<30)?bjet_NeutralMultiplicity:30'
                         : Input : variable 'fabs(bjet_charge)<0.5?fabs(bjet_charge):0.5' <---> Output : variable 'fabs(bjet_charge)<0.5?fabs(bjet_charge):0.5'
                         : Input : variable 'bjet_charge*bmuon_charge<-0.6?-0.6:bjet_charge*bmuon_charge>0.5?0.5:bjet_charge*bmuon_charge' <---> Output : variable 'bjet_charge*bmuon_charge<-0.6?-0.6:bjet_charge*bmuon_charge>0.5?0.5:bjet_charge*bmuon_charge'
                         : the option NegWeightTreatment=InverseBoostNegWeights does not exist for BoostType=Grad
                         : --> change to new default NegWeightTreatment=Pray
                         : Rebuilding Dataset FIN_BDT_2018
                         : Building event vectors for type 1 Signal
                         : Dataset[FIN_BDT_2018] :  create input formulas for tree sig
                         : Dataset[FIN_BDT_2018] :  create input formulas for tree sig
                         : Dataset[FIN_BDT_2018] :  create input formulas for tree sig
                         : Building event vectors for type 0 Signal
                         : Dataset[FIN_BDT_2018] :  create input formulas for tree sig
                         : Dataset[FIN_BDT_2018] :  create input formulas for tree sig
                         : Building event vectors for type 1 Background
                         : Dataset[FIN_BDT_2018] :  create input formulas for tree bkg
                         : Dataset[FIN_BDT_2018] :  create input formulas for tree bkg
                         : Dataset[FIN_BDT_2018] :  create input formulas for tree bkg
                         : Building event vectors for type 0 Background
                         : Dataset[FIN_BDT_2018] :  create input formulas for tree bkg
                         : Dataset[FIN_BDT_2018] :  create input formulas for tree bkg
DataSetFactory           : [FIN_BDT_2018] : Number of events in input trees
                         : Dataset[FIN_BDT_2018] :     Signal     requirement: "(bmuon_charge*bjet_partonFlavour < 0)&&Has_bMuon"
                         : Dataset[FIN_BDT_2018] :     Signal          -- number of events passed: 132941  / sum of weights: 83842.1
                         : Dataset[FIN_BDT_2018] :     Signal          -- efficiency             : 0.0456268
                         : Dataset[FIN_BDT_2018] :     Background requirement: "(bmuon_charge*bjet_partonFlavour > 0)&&Has_bMuon"
                         : Dataset[FIN_BDT_2018] :     Background      -- number of events passed: 64522  / sum of weights: 41485
                         : Dataset[FIN_BDT_2018] :     Background      -- efficiency             : 0.0340916
                         : Dataset[FIN_BDT_2018] :  you have opted for interpreting the requested number of training/testing events
                         :  to be the number of events AFTER your preselection cuts
                         : 
                         : Dataset[FIN_BDT_2018] :  you have opted for interpreting the requested number of training/testing events
                         :  to be the number of events AFTER your preselection cuts
                         : 
                         : Dataset[FIN_BDT_2018] : Weight renormalisation mode: "EqualNumEvents": renormalises all event classes ...
                         : Dataset[FIN_BDT_2018] :  such that the effective (weighted) number of events in each class is the same 
                         : Dataset[FIN_BDT_2018] :  (and equals the number of events (entries) given for class=0 )
                         : Dataset[FIN_BDT_2018] : ... i.e. such that Sum[i=1..N_j]{w_i} = N_classA, j=classA, classB, ...
                         : Dataset[FIN_BDT_2018] : ... (note that N_j is the sum of TRAINING events
                         : Dataset[FIN_BDT_2018] :  ..... Testing events are not renormalised nor included in the renormalisation factor!)
                         : Number of training and testing events
                         : ---------------------------------------------------------------------------
                         : Signal     -- training events            : 46719
                         : Signal     -- testing events             : 86222
                         : Signal     -- training and testing events: 132941
                         : Dataset[FIN_BDT_2018] : Signal     -- due to the preselection a scaling factor has been applied to the numbers of requested events: 0.0550341
                         : Background -- training events            : 22538
                         : Background -- testing events             : 41984
                         : Background -- training and testing events: 64522
                         : Dataset[FIN_BDT_2018] : Background -- due to the preselection a scaling factor has been applied to the numbers of requested events: 0.0407172
                         : 
DataSetInfo              : Correlation matrix (Signal):
                         : -------------------------------------------------------------------------------------------------------------------------------------------------------------------------------------------------------------------------------------------------------------------------------------------------------------------------------------------------------------------------------------------------------------------------------------------------------------------------------------------------------------------------------------------------------------------------------------------------------------------------------------------------------------------------------------------------------------------------------------------------------------------------------------------------------------------------------------------------------------------------------------------------------------------------------------------------------------------------------------------------------------------------------------------------------------------------------------------------
                         :                                                                                                                           bmuon_dR_l_j_0.04_0.04:bmuon_dR_l_j _bmuon_nsip3d_1.__1.:_bmuon_nsip3d_10.__10.:bmuon_nsip3d _bmuon_P_jetrest_1.5__1.5:_bmuon_P_jetrest_4.__4.:bmuon_P_jetrest bmuon_palongjet_30._bmuon_palongjet:30. bmuon_ptwrtbjet_1._1:bmuon_ptwrtbjet_3.5_3.5:bmuon_ptwrtbjet bmuon_reliso_4._bmuon_reliso:4. _bjet_ChargedHadronEnergyFraction_0.35__0.35:_bjet_ChargedHadronEnergyFraction_0.9__0.9:bjet_ChargedHadronEnergyFraction _bjet_MuonEnergyFraction_0.15__0.15:_bjet_MuonEnergyFraction_0.45__0.45:bjet_MuonEnergyFraction bjet_NeutralEmEnergyFraction_0.1_0.1:bjet_NeutralEmEnergyFraction_0.5_0.5:bjet_NeutralEmEnergyFraction _bjet_NeutralHadronEnergyFraction_0.1__0.1:_bjet_NeutralHadronEnergyFraction_0.5__0.5:bjet_NeutralHadronEnergyFraction _bjet_NeutralMultiplicity_30__bjet_NeutralMultiplicity:30 fabs_bjet_charge__0.5_fabs_bjet_charge_:0.5 bjet_charge_T_bmuon_charge__M_0.6__M_0.6:bjet_charge_T_bmuon_charge_0.5_0.5:bjet_charge_T_bmuon_charge
                         :                                                                                      bmuon_dR_l_j_0.04_0.04:bmuon_dR_l_j:                              +1.000                                                   +0.152                                                            -0.029                                  -0.407                                                       +0.431                          +0.271                                                                                                                   +0.188                                                                                          -0.408                                                                                                 +0.070                                                                                                                 +0.090                                                    +0.005                                      -0.233                                                                                                 -0.229
                         :                                                                 _bmuon_nsip3d_1.__1.:_bmuon_nsip3d_10.__10.:bmuon_nsip3d:                              +0.152                                                   +1.000                                                            -0.096                                  -0.082                                                       +0.017                          +0.126                                                                                                                   +0.073                                                                                          -0.196                                                                                                 +0.095                                                                                                                 +0.056                                                    +0.054                                      -0.112                                                                                                 -0.125
                         :                                                        _bmuon_P_jetrest_1.5__1.5:_bmuon_P_jetrest_4.__4.:bmuon_P_jetrest:                              -0.029                                                   -0.096                                                            +1.000                                  +0.405                                                       +0.677                          -0.369                                                                                                                   -0.247                                                                                          +0.414                                                                                                 -0.155                                                                                                                 -0.088                                                    +0.101                                      +0.251                                                                                                 +0.235
                         :                                                                                  bmuon_palongjet_30._bmuon_palongjet:30.:                              -0.407                                                   -0.082                                                            +0.405                                  +1.000                                                       +0.160                          -0.539                                                                                                                   -0.243                                                                                          +0.554                                                                                                 -0.243                                                                                                                 -0.036                                                    -0.199                                      +0.297                                                                                                 +0.305
                         :                                                             bmuon_ptwrtbjet_1._1:bmuon_ptwrtbjet_3.5_3.5:bmuon_ptwrtbjet:                              +0.431                                                   +0.017                                                            +0.677                                  +0.160                                                       +1.000                          -0.139                                                                                                                   -0.081                                                                                          +0.098                                                                                                 -0.061                                                                                                                 -0.011                                                    +0.074                                      +0.053                                                                                                 +0.053
                         :                                                                                          bmuon_reliso_4._bmuon_reliso:4.:                              +0.271                                                   +0.126                                                            -0.369                                  -0.539                                                       -0.139                          +1.000                                                                                                                   +0.450                                                                                          -0.803                                                                                                 +0.323                                                                                                                 +0.151                                                    +0.258                                      -0.386                                                                                                 -0.417
                         : _bjet_ChargedHadronEnergyFraction_0.35__0.35:_bjet_ChargedHadronEnergyFraction_0.9__0.9:bjet_ChargedHadronEnergyFraction:                              +0.188                                                   +0.073                                                            -0.247                                  -0.243                                                       -0.081                          +0.450                                                                                                                   +1.000                                                                                          -0.549                                                                                                 -0.267                                                                                                                 -0.199                                                    -0.131                                      -0.314                                                                                                 -0.326
                         :                          _bjet_MuonEnergyFraction_0.15__0.15:_bjet_MuonEnergyFraction_0.45__0.45:bjet_MuonEnergyFraction:                              -0.408                                                   -0.196                                                            +0.414                                  +0.554                                                       +0.098                          -0.803                                                                                                                   -0.549                                                                                          +1.000                                                                                                 -0.295                                                                                                                 -0.157                                                    -0.217                                      +0.481                                                                                                 +0.503
                         :                   bjet_NeutralEmEnergyFraction_0.1_0.1:bjet_NeutralEmEnergyFraction_0.5_0.5:bjet_NeutralEmEnergyFraction:                              +0.070                                                   +0.095                                                            -0.155                                  -0.243                                                       -0.061                          +0.323                                                                                                                   -0.267                                                                                          -0.295                                                                                                 +1.000                                                                                                                 -0.094                                                    +0.420                                      -0.086                                                                                                 -0.064
                         :   _bjet_NeutralHadronEnergyFraction_0.1__0.1:_bjet_NeutralHadronEnergyFraction_0.5__0.5:bjet_NeutralHadronEnergyFraction:                              +0.090                                                   +0.056                                                            -0.088                                  -0.036                                                       -0.011                          +0.151                                                                                                                   -0.199                                                                                          -0.157                                                                                                 -0.094                                                                                                                 +1.000                                                    +0.032                                      -0.043                                                                                                 -0.038
                         :                                                                _bjet_NeutralMultiplicity_30__bjet_NeutralMultiplicity:30:                              +0.005                                                   +0.054                                                            +0.101                                  -0.199                                                       +0.074                          +0.258                                                                                                                   -0.131                                                                                          -0.217                                                                                                 +0.420                                                                                                                 +0.032                                                    +1.000                                      -0.084                                                                                                 -0.068
                         :                                                                              fabs_bjet_charge__0.5_fabs_bjet_charge_:0.5:                              -0.233                                                   -0.112                                                            +0.251                                  +0.297                                                       +0.053                          -0.386                                                                                                                   -0.314                                                                                          +0.481                                                                                                 -0.086                                                                                                                 -0.043                                                    -0.084                                      +1.000                                                                                                 +0.753
                         :                   bjet_charge_T_bmuon_charge__M_0.6__M_0.6:bjet_charge_T_bmuon_charge_0.5_0.5:bjet_charge_T_bmuon_charge:                              -0.229                                                   -0.125                                                            +0.235                                  +0.305                                                       +0.053                          -0.417                                                                                                                   -0.326                                                                                          +0.503                                                                                                 -0.064                                                                                                                 -0.038                                                    -0.068                                      +0.753                                                                                                 +1.000
                         : -------------------------------------------------------------------------------------------------------------------------------------------------------------------------------------------------------------------------------------------------------------------------------------------------------------------------------------------------------------------------------------------------------------------------------------------------------------------------------------------------------------------------------------------------------------------------------------------------------------------------------------------------------------------------------------------------------------------------------------------------------------------------------------------------------------------------------------------------------------------------------------------------------------------------------------------------------------------------------------------------------------------------------------------------------------------------------------------------
DataSetInfo              : Correlation matrix (Background):
                         : -------------------------------------------------------------------------------------------------------------------------------------------------------------------------------------------------------------------------------------------------------------------------------------------------------------------------------------------------------------------------------------------------------------------------------------------------------------------------------------------------------------------------------------------------------------------------------------------------------------------------------------------------------------------------------------------------------------------------------------------------------------------------------------------------------------------------------------------------------------------------------------------------------------------------------------------------------------------------------------------------------------------------------------------------------------------------------------------------
                         :                                                                                                                           bmuon_dR_l_j_0.04_0.04:bmuon_dR_l_j _bmuon_nsip3d_1.__1.:_bmuon_nsip3d_10.__10.:bmuon_nsip3d _bmuon_P_jetrest_1.5__1.5:_bmuon_P_jetrest_4.__4.:bmuon_P_jetrest bmuon_palongjet_30._bmuon_palongjet:30. bmuon_ptwrtbjet_1._1:bmuon_ptwrtbjet_3.5_3.5:bmuon_ptwrtbjet bmuon_reliso_4._bmuon_reliso:4. _bjet_ChargedHadronEnergyFraction_0.35__0.35:_bjet_ChargedHadronEnergyFraction_0.9__0.9:bjet_ChargedHadronEnergyFraction _bjet_MuonEnergyFraction_0.15__0.15:_bjet_MuonEnergyFraction_0.45__0.45:bjet_MuonEnergyFraction bjet_NeutralEmEnergyFraction_0.1_0.1:bjet_NeutralEmEnergyFraction_0.5_0.5:bjet_NeutralEmEnergyFraction _bjet_NeutralHadronEnergyFraction_0.1__0.1:_bjet_NeutralHadronEnergyFraction_0.5__0.5:bjet_NeutralHadronEnergyFraction _bjet_NeutralMultiplicity_30__bjet_NeutralMultiplicity:30 fabs_bjet_charge__0.5_fabs_bjet_charge_:0.5 bjet_charge_T_bmuon_charge__M_0.6__M_0.6:bjet_charge_T_bmuon_charge_0.5_0.5:bjet_charge_T_bmuon_charge
                         :                                                                                      bmuon_dR_l_j_0.04_0.04:bmuon_dR_l_j:                              +1.000                                                   +0.143                                                            +0.101                                  -0.232                                                       +0.461                          +0.067                                                                                                                   +0.008                                                                                          -0.209                                                                                                 +0.018                                                                                                                 +0.076                                                    -0.040                                      -0.059                                                                                                 -0.077
                         :                                                                 _bmuon_nsip3d_1.__1.:_bmuon_nsip3d_10.__10.:bmuon_nsip3d:                              +0.143                                                   +1.000                                                            +0.008                                  -0.010                                                       +0.083                          -0.055                                                                                                                   -0.036                                                                                          +0.005                                                                                                 +0.008                                                                                                                 +0.016                                                    -0.002                                      +0.032                                                                                                 +0.021
                         :                                                        _bmuon_P_jetrest_1.5__1.5:_bmuon_P_jetrest_4.__4.:bmuon_P_jetrest:                              +0.101                                                   +0.008                                                            +1.000                                  +0.340                                                       +0.737                          -0.358                                                                                                                   -0.176                                                                                          +0.394                                                                                                 -0.086                                                                                                                 -0.042                                                    +0.056                                      +0.234                                                                                                 +0.292
                         :                                                                                  bmuon_palongjet_30._bmuon_palongjet:30.:                              -0.232                                                   -0.010                                                            +0.340                                  +1.000                                                       +0.194                          -0.450                                                                                                                   -0.073                                                                                          +0.454                                                                                                 -0.189                                                                                                                 -0.026                                                    -0.227                                      +0.166                                                                                                 +0.287
                         :                                                             bmuon_ptwrtbjet_1._1:bmuon_ptwrtbjet_3.5_3.5:bmuon_ptwrtbjet:                              +0.461                                                   +0.083                                                            +0.737                                  +0.194                                                       +1.000                          -0.243                                                                                                                   -0.133                                                                                          +0.188                                                                                                 -0.044                                                                                                                 +0.012                                                    +0.022                                      +0.126                                                                                                 +0.185
                         :                                                                                          bmuon_reliso_4._bmuon_reliso:4.:                              +0.067                                                   -0.055                                                            -0.358                                  -0.450                                                       -0.243                          +1.000                                                                                                                   +0.321                                                                                          -0.706                                                                                                 +0.247                                                                                                                 +0.120                                                    +0.244                                      -0.245                                                                                                 -0.373
                         : _bjet_ChargedHadronEnergyFraction_0.35__0.35:_bjet_ChargedHadronEnergyFraction_0.9__0.9:bjet_ChargedHadronEnergyFraction:                              +0.008                                                   -0.036                                                            -0.176                                  -0.073                                                       -0.133                          +0.321                                                                                                                   +1.000                                                                                          -0.437                                                                                                 -0.391                                                                                                                 -0.291                                                    -0.217                                      -0.180                                                                                                 -0.281
                         :                          _bjet_MuonEnergyFraction_0.15__0.15:_bjet_MuonEnergyFraction_0.45__0.45:bjet_MuonEnergyFraction:                              -0.209                                                   +0.005                                                            +0.394                                  +0.454                                                       +0.188                          -0.706                                                                                                                   -0.437                                                                                          +1.000                                                                                                 -0.175                                                                                                                 -0.101                                                    -0.168                                      +0.324                                                                                                 +0.477
                         :                   bjet_NeutralEmEnergyFraction_0.1_0.1:bjet_NeutralEmEnergyFraction_0.5_0.5:bjet_NeutralEmEnergyFraction:                              +0.018                                                   +0.008                                                            -0.086                                  -0.189                                                       -0.044                          +0.247                                                                                                                   -0.391                                                                                          -0.175                                                                                                 +1.000                                                                                                                 -0.116                                                    +0.435                                      -0.053                                                                                                 +0.049
                         :   _bjet_NeutralHadronEnergyFraction_0.1__0.1:_bjet_NeutralHadronEnergyFraction_0.5__0.5:bjet_NeutralHadronEnergyFraction:                              +0.076                                                   +0.016                                                            -0.042                                  -0.026                                                       +0.012                          +0.120                                                                                                                   -0.291                                                                                          -0.101                                                                                                 -0.116                                                                                                                 +1.000                                                    +0.033                                      +0.017                                                                                                 +0.055
                         :                                                                _bjet_NeutralMultiplicity_30__bjet_NeutralMultiplicity:30:                              -0.040                                                   -0.002                                                            +0.056                                  -0.227                                                       +0.022                          +0.244                                                                                                                   -0.217                                                                                          -0.168                                                                                                 +0.435                                                                                                                 +0.033                                                    +1.000                                      -0.059                                                                                                 +0.004
                         :                                                                              fabs_bjet_charge__0.5_fabs_bjet_charge_:0.5:                              -0.059                                                   +0.032                                                            +0.234                                  +0.166                                                       +0.126                          -0.245                                                                                                                   -0.180                                                                                          +0.324                                                                                                 -0.053                                                                                                                 +0.017                                                    -0.059                                      +1.000                                                                                                 +0.306
                         :                   bjet_charge_T_bmuon_charge__M_0.6__M_0.6:bjet_charge_T_bmuon_charge_0.5_0.5:bjet_charge_T_bmuon_charge:                              -0.077                                                   +0.021                                                            +0.292                                  +0.287                                                       +0.185                          -0.373                                                                                                                   -0.281                                                                                          +0.477                                                                                                 +0.049                                                                                                                 +0.055                                                    +0.004                                      +0.306                                                                                                 +1.000
                         : -------------------------------------------------------------------------------------------------------------------------------------------------------------------------------------------------------------------------------------------------------------------------------------------------------------------------------------------------------------------------------------------------------------------------------------------------------------------------------------------------------------------------------------------------------------------------------------------------------------------------------------------------------------------------------------------------------------------------------------------------------------------------------------------------------------------------------------------------------------------------------------------------------------------------------------------------------------------------------------------------------------------------------------------------------------------------------------------------
DataSetFactory           : [FIN_BDT_2018] :  
                         : 
Factory                  : [1mTrain all methods[0m
Factory                  : [FIN_BDT_2018] : Create Transformation "I" with events from all classes.
                         : 
                         : Transformation, Variable selection : 
                         : Input : variable 'bmuon_dR_l_j<0.04?0.04:bmuon_dR_l_j' <---> Output : variable 'bmuon_dR_l_j<0.04?0.04:bmuon_dR_l_j'
                         : Input : variable '(bmuon_nsip3d<1.)?1.:(bmuon_nsip3d>10.)?10.:bmuon_nsip3d' <---> Output : variable '(bmuon_nsip3d<1.)?1.:(bmuon_nsip3d>10.)?10.:bmuon_nsip3d'
                         : Input : variable '(bmuon_P_jetrest<1.5)?1.5:(bmuon_P_jetrest>4.)?4.:bmuon_P_jetrest' <---> Output : variable '(bmuon_P_jetrest<1.5)?1.5:(bmuon_P_jetrest>4.)?4.:bmuon_P_jetrest'
                         : Input : variable 'bmuon_palongjet<30.?bmuon_palongjet:30.' <---> Output : variable 'bmuon_palongjet<30.?bmuon_palongjet:30.'
                         : Input : variable 'bmuon_ptwrtbjet<1.?1:bmuon_ptwrtbjet>3.5?3.5:bmuon_ptwrtbjet' <---> Output : variable 'bmuon_ptwrtbjet<1.?1:bmuon_ptwrtbjet>3.5?3.5:bmuon_ptwrtbjet'
                         : Input : variable 'bmuon_reliso<4.?bmuon_reliso:4.' <---> Output : variable 'bmuon_reliso<4.?bmuon_reliso:4.'
                         : Input : variable '(bjet_ChargedHadronEnergyFraction<0.35)?0.35:(bjet_ChargedHadronEnergyFraction>0.9)?0.9:bjet_ChargedHadronEnergyFraction' <---> Output : variable '(bjet_ChargedHadronEnergyFraction<0.35)?0.35:(bjet_ChargedHadronEnergyFraction>0.9)?0.9:bjet_ChargedHadronEnergyFraction'
                         : Input : variable '(bjet_MuonEnergyFraction<0.15)?0.15:(bjet_MuonEnergyFraction>0.45)?0.45:bjet_MuonEnergyFraction' <---> Output : variable '(bjet_MuonEnergyFraction<0.15)?0.15:(bjet_MuonEnergyFraction>0.45)?0.45:bjet_MuonEnergyFraction'
                         : Input : variable 'bjet_NeutralEmEnergyFraction<0.1?0.1:bjet_NeutralEmEnergyFraction>0.5?0.5:bjet_NeutralEmEnergyFraction' <---> Output : variable 'bjet_NeutralEmEnergyFraction<0.1?0.1:bjet_NeutralEmEnergyFraction>0.5?0.5:bjet_NeutralEmEnergyFraction'
                         : Input : variable '(bjet_NeutralHadronEnergyFraction<0.1)?0.1:(bjet_NeutralHadronEnergyFraction>0.5)?0.5:bjet_NeutralHadronEnergyFraction' <---> Output : variable '(bjet_NeutralHadronEnergyFraction<0.1)?0.1:(bjet_NeutralHadronEnergyFraction>0.5)?0.5:bjet_NeutralHadronEnergyFraction'
                         : Input : variable '(bjet_NeutralMultiplicity<30)?bjet_NeutralMultiplicity:30' <---> Output : variable '(bjet_NeutralMultiplicity<30)?bjet_NeutralMultiplicity:30'
                         : Input : variable 'fabs(bjet_charge)<0.5?fabs(bjet_charge):0.5' <---> Output : variable 'fabs(bjet_charge)<0.5?fabs(bjet_charge):0.5'
                         : Input : variable 'bjet_charge*bmuon_charge<-0.6?-0.6:bjet_charge*bmuon_charge>0.5?0.5:bjet_charge*bmuon_charge' <---> Output : variable 'bjet_charge*bmuon_charge<-0.6?-0.6:bjet_charge*bmuon_charge>0.5?0.5:bjet_charge*bmuon_charge'
TFHandler_Factory        :                                                                                                                 Variable                                                                                                                        Mean                                                                                                                        RMS                                                                                                                [        Min                                                                                                                        Max ]
                         : -------------------------------------------------------------------------------------------------------------------------------------------------------------------------------------------------------------------------------------------------------------------------------------------------------------------------------------------------------------------------------------------------------------------------------------------------------------------------------------------------------------------------------------------------------------------------------------------------------------------------------------------
                         :                                                                                      bmuon_dR_l_j<0.04?0.04:bmuon_dR_l_j:                                                                                                                  0.088651                                                                                                                  0.056274   [                                                                                                                  0.040000                                                                                                                   0.39863 ]
                         :                                                                 (bmuon_nsip3d<1.)?1.:(bmuon_nsip3d>10.)?10.:bmuon_nsip3d:                                                                                                                    7.1509                                                                                                                    3.4229   [                                                                                                                    1.0000                                                                                                                    10.000 ]
                         :                                                        (bmuon_P_jetrest<1.5)?1.5:(bmuon_P_jetrest>4.)?4.:bmuon_P_jetrest:                                                                                                                    1.7285                                                                                                                   0.46812   [                                                                                                                    1.5000                                                                                                                    4.0000 ]
                         :                                                                                  bmuon_palongjet<30.?bmuon_palongjet:30.:                                                                                                                    19.981                                                                                                                    8.6944   [                                                                                                                    4.6923                                                                                                                    30.000 ]
                         :                                                             bmuon_ptwrtbjet<1.?1:bmuon_ptwrtbjet>3.5?3.5:bmuon_ptwrtbjet:                                                                                                                    1.2185                                                                                                                   0.41300   [                                                                                                                    1.0000                                                                                                                    3.5000 ]
                         :                                                                                          bmuon_reliso<4.?bmuon_reliso:4.:                                                                                                                    2.2545                                                                                                                    1.3755   [                                                                                                                    0.0000                                                                                                                    4.0000 ]
                         : (bjet_ChargedHadronEnergyFraction<0.35)?0.35:(bjet_ChargedHadronEnergyFraction>0.9)?0.9:bjet_ChargedHadronEnergyFraction:                                                                                                                   0.48970                                                                                                                   0.14569   [                                                                                                                   0.35000                                                                                                                   0.90000 ]
                         :                          (bjet_MuonEnergyFraction<0.15)?0.15:(bjet_MuonEnergyFraction>0.45)?0.45:bjet_MuonEnergyFraction:                                                                                                                   0.25159                                                                                                                   0.11129   [                                                                                                                   0.15000                                                                                                                   0.45000 ]
                         :                   bjet_NeutralEmEnergyFraction<0.1?0.1:bjet_NeutralEmEnergyFraction>0.5?0.5:bjet_NeutralEmEnergyFraction:                                                                                                                   0.19867                                                                                                                   0.11092   [                                                                                                                   0.10000                                                                                                                   0.50000 ]
                         :   (bjet_NeutralHadronEnergyFraction<0.1)?0.1:(bjet_NeutralHadronEnergyFraction>0.5)?0.5:bjet_NeutralHadronEnergyFraction:                                                                                                                   0.13010                                                                                                                  0.068077   [                                                                                                                   0.10000                                                                                                                   0.50000 ]
                         :                                                                (bjet_NeutralMultiplicity<30)?bjet_NeutralMultiplicity:30:                                                                                                                    9.1924                                                                                                                    4.7135   [                                                                                                                    0.0000                                                                                                                    30.000 ]
                         :                                                                              fabs(bjet_charge)<0.5?fabs(bjet_charge):0.5:                                                                                                                   0.27948                                                                                                                   0.16735   [                                                                                                                6.3158e-06                                                                                                                   0.50000 ]
                         :                             bjet_charge*bmuon_charge<-0.6?-0.6:bjet_charge*bmuon_charge>0.5?0.5:bjet_charge*bmuon_charge:                                                                                                                   0.17509                                                                                                                   0.27639   [                                                                                                                  -0.60000                                                                                                                   0.50000 ]
                         : -------------------------------------------------------------------------------------------------------------------------------------------------------------------------------------------------------------------------------------------------------------------------------------------------------------------------------------------------------------------------------------------------------------------------------------------------------------------------------------------------------------------------------------------------------------------------------------------------------------------------------------------
                         : Ranking input variables (method unspecific)...
IdTransformation         : Ranking result (top variable is best ranked)
                         : -------------------------------------------------------------------------------------------------------------------------------------------------
                         : Rank : Variable                                                                                                                 : Separation
                         : -------------------------------------------------------------------------------------------------------------------------------------------------
                         :    1 : bjet_charge*bmuon_charge<-0.6?-0.6:bjet_charge*bmuon_charge>0.5?0.5:bjet_charge*bmuon_charge                             : 1.367e-01
                         :    2 : (bjet_MuonEnergyFraction<0.15)?0.15:(bjet_MuonEnergyFraction>0.45)?0.45:bjet_MuonEnergyFraction                          : 8.210e-02
                         :    3 : (bmuon_P_jetrest<1.5)?1.5:(bmuon_P_jetrest>4.)?4.:bmuon_P_jetrest                                                        : 7.105e-02
                         :    4 : fabs(bjet_charge)<0.5?fabs(bjet_charge):0.5                                                                              : 6.895e-02
                         :    5 : bmuon_ptwrtbjet<1.?1:bmuon_ptwrtbjet>3.5?3.5:bmuon_ptwrtbjet                                                             : 5.969e-02
                         :    6 : bmuon_reliso<4.?bmuon_reliso:4.                                                                                          : 5.428e-02
                         :    7 : bmuon_palongjet<30.?bmuon_palongjet:30.                                                                                  : 2.630e-02
                         :    8 : (bjet_ChargedHadronEnergyFraction<0.35)?0.35:(bjet_ChargedHadronEnergyFraction>0.9)?0.9:bjet_ChargedHadronEnergyFraction : 1.920e-02
                         :    9 : (bmuon_nsip3d<1.)?1.:(bmuon_nsip3d>10.)?10.:bmuon_nsip3d                                                                 : 1.184e-02
                         :   10 : bmuon_dR_l_j<0.04?0.04:bmuon_dR_l_j                                                                                      : 7.165e-03
                         :   11 : bjet_NeutralEmEnergyFraction<0.1?0.1:bjet_NeutralEmEnergyFraction>0.5?0.5:bjet_NeutralEmEnergyFraction                   : 6.406e-03
                         :   12 : (bjet_NeutralMultiplicity<30)?bjet_NeutralMultiplicity:30                                                                : 3.556e-03
                         :   13 : (bjet_NeutralHadronEnergyFraction<0.1)?0.1:(bjet_NeutralHadronEnergyFraction>0.5)?0.5:bjet_NeutralHadronEnergyFraction   : 3.231e-03
                         : -------------------------------------------------------------------------------------------------------------------------------------------------
Factory                  : Train method: BDT for Classification
                         : 
                         : Preparing the Gaussian transformation...
TFHandler_BDT            :                                                                                                                 Variable                                                                                                                        Mean                                                                                                                        RMS                                                                                                                [        Min                                                                                                                        Max ]
                         : -------------------------------------------------------------------------------------------------------------------------------------------------------------------------------------------------------------------------------------------------------------------------------------------------------------------------------------------------------------------------------------------------------------------------------------------------------------------------------------------------------------------------------------------------------------------------------------------------------------------------------------------
                         :                                                                                      bmuon_dR_l_j<0.04?0.04:bmuon_dR_l_j:                                                                                                                  -0.73345                                                                                                                    1.5552   [                                                                                                                   -3.0082                                                                                                                    5.7307 ]
                         :                                                                 (bmuon_nsip3d<1.)?1.:(bmuon_nsip3d>10.)?10.:bmuon_nsip3d:                                                                                                                    2.6243                                                                                                                    3.2135   [                                                                                                                   -2.8180                                                                                                                    5.7307 ]
                         :                                                        (bmuon_P_jetrest<1.5)?1.5:(bmuon_P_jetrest>4.)?4.:bmuon_P_jetrest:                                                                                                                   -1.6999                                                                                                                    1.6311   [                                                                                                                   -2.7634                                                                                                                    5.7307 ]
                         :                                                                                  bmuon_palongjet<30.?bmuon_palongjet:30.:                                                                                                                    1.7352                                                                                                                    2.7576   [                                                                                                                   -3.2022                                                                                                                    5.7307 ]
                         :                                                             bmuon_ptwrtbjet<1.?1:bmuon_ptwrtbjet>3.5?3.5:bmuon_ptwrtbjet:                                                                                                                   -1.6363                                                                                                                    1.6291   [                                                                                                                   -2.8143                                                                                                                    5.7307 ]
                         :                                                                                          bmuon_reliso<4.?bmuon_reliso:4.:                                                                                                                    1.3962                                                                                                                    2.6446   [                                                                                                                   -3.2414                                                                                                                    5.7307 ]
                         : (bjet_ChargedHadronEnergyFraction<0.35)?0.35:(bjet_ChargedHadronEnergyFraction>0.9)?0.9:bjet_ChargedHadronEnergyFraction:                                                                                                                  -0.89144                                                                                                                    1.7393   [                                                                                                                   -3.0201                                                                                                                    5.7307 ]
                         :                          (bjet_MuonEnergyFraction<0.15)?0.15:(bjet_MuonEnergyFraction>0.45)?0.45:bjet_MuonEnergyFraction:                                                                                                                  -0.19847                                                                                                                    2.7396   [                                                                                                                   -2.9066                                                                                                                    5.7307 ]
                         :                   bjet_NeutralEmEnergyFraction<0.1?0.1:bjet_NeutralEmEnergyFraction>0.5?0.5:bjet_NeutralEmEnergyFraction:                                                                                                                  -0.75683                                                                                                                    1.9393   [                                                                                                                   -3.0901                                                                                                                    5.7307 ]
                         :   (bjet_NeutralHadronEnergyFraction<0.1)?0.1:(bjet_NeutralHadronEnergyFraction>0.5)?0.5:bjet_NeutralHadronEnergyFraction:                                                                                                                   -1.8579                                                                                                                    1.4549   [                                                                                                                   -2.7197                                                                                                                    5.4200 ]
                         :                                                                (bjet_NeutralMultiplicity<30)?bjet_NeutralMultiplicity:30:                                                                                                                -0.0011972                                                                                                                    1.0344   [                                                                                                                   -4.9749                                                                                                                    5.7307 ]
                         :                                                                              fabs(bjet_charge)<0.5?fabs(bjet_charge):0.5:                                                                                                                    1.1686                                                                                                                    2.4705   [                                                                                                                   -3.1866                                                                                                                    5.7307 ]
                         :                             bjet_charge*bmuon_charge<-0.6?-0.6:bjet_charge*bmuon_charge>0.5?0.5:bjet_charge*bmuon_charge:                                                                                                                    1.0796                                                                                                                    2.4327   [                                                                                                                   -3.1454                                                                                                                    5.7307 ]
                         : -------------------------------------------------------------------------------------------------------------------------------------------------------------------------------------------------------------------------------------------------------------------------------------------------------------------------------------------------------------------------------------------------------------------------------------------------------------------------------------------------------------------------------------------------------------------------------------------------------------------------------------------
                         : Events with weight == 0 are going to be simply ignored 
BDT                      : #events: (reweighted) sig: 23880.5 bkg: 23880.5
                         : #events: (unweighted) sig: 32109 bkg: 15652
                         : Training 400 Decision Trees ... patience please
                         : Elapsed time for training with 69257 events: 26.2 sec         
BDT                      : [FIN_BDT_2018] : Evaluation of BDT on training sample (69257 events)
                         : Elapsed time for evaluation of 69257 events: 7.32 sec       
                         : Creating xml weight file: [0;36mFIN_BDT_2018/weights/FIN_BDT_2018_BDT.weights.xml[0m
                         : Creating standalone class: [0;36mFIN_BDT_2018/weights/FIN_BDT_2018_BDT.class.C[0m
                         : FIN_BDT_2018.root:/FIN_BDT_2018/Method_BDT/BDT
Factory                  : Training finished
                         : 
                         : Ranking input variables (method specific)...
BDT                      : Ranking result (top variable is best ranked)
                         : ----------------------------------------------------------------------------------------------------------------------------------------------------------
                         : Rank : Variable                                                                                                                 : Variable Importance
                         : ----------------------------------------------------------------------------------------------------------------------------------------------------------
                         :    1 : bjet_charge*bmuon_charge<-0.6?-0.6:bjet_charge*bmuon_charge>0.5?0.5:bjet_charge*bmuon_charge                             : 2.007e-01
                         :    2 : (bjet_MuonEnergyFraction<0.15)?0.15:(bjet_MuonEnergyFraction>0.45)?0.45:bjet_MuonEnergyFraction                          : 8.716e-02
                         :    3 : (bmuon_P_jetrest<1.5)?1.5:(bmuon_P_jetrest>4.)?4.:bmuon_P_jetrest                                                        : 8.353e-02
                         :    4 : bmuon_ptwrtbjet<1.?1:bmuon_ptwrtbjet>3.5?3.5:bmuon_ptwrtbjet                                                             : 8.080e-02
                         :    5 : bmuon_dR_l_j<0.04?0.04:bmuon_dR_l_j                                                                                      : 7.658e-02
                         :    6 : (bmuon_nsip3d<1.)?1.:(bmuon_nsip3d>10.)?10.:bmuon_nsip3d                                                                 : 6.973e-02
                         :    7 : bmuon_reliso<4.?bmuon_reliso:4.                                                                                          : 6.521e-02
                         :    8 : bjet_NeutralEmEnergyFraction<0.1?0.1:bjet_NeutralEmEnergyFraction>0.5?0.5:bjet_NeutralEmEnergyFraction                   : 6.261e-02
                         :    9 : (bjet_ChargedHadronEnergyFraction<0.35)?0.35:(bjet_ChargedHadronEnergyFraction>0.9)?0.9:bjet_ChargedHadronEnergyFraction : 5.751e-02
                         :   10 : bmuon_palongjet<30.?bmuon_palongjet:30.                                                                                  : 5.621e-02
                         :   11 : fabs(bjet_charge)<0.5?fabs(bjet_charge):0.5                                                                              : 5.490e-02
                         :   12 : (bjet_NeutralHadronEnergyFraction<0.1)?0.1:(bjet_NeutralHadronEnergyFraction>0.5)?0.5:bjet_NeutralHadronEnergyFraction   : 5.270e-02
                         :   13 : (bjet_NeutralMultiplicity<30)?bjet_NeutralMultiplicity:30                                                                : 5.232e-02
                         : ----------------------------------------------------------------------------------------------------------------------------------------------------------
Factory                  : === Destroy and recreate all methods via weight files for testing ===
                         : 
                         : Reading weight file: [0;36mFIN_BDT_2018/weights/FIN_BDT_2018_BDT.weights.xml[0m
Factory                  : [1mTest all methods[0m
Factory                  : Test method: BDT for Classification performance
                         : 
BDT                      : [FIN_BDT_2018] : Evaluation of BDT on testing sample (128206 events)
                         : Elapsed time for evaluation of 128206 events: 10.4 sec       
Factory                  : [1mEvaluate all methods[0m
Factory                  : Evaluate classifier: BDT
                         : 
TFHandler_BDT            :                                                                                                                 Variable                                                                                                                        Mean                                                                                                                        RMS                                                                                                                [        Min                                                                                                                        Max ]
                         : -------------------------------------------------------------------------------------------------------------------------------------------------------------------------------------------------------------------------------------------------------------------------------------------------------------------------------------------------------------------------------------------------------------------------------------------------------------------------------------------------------------------------------------------------------------------------------------------------------------------------------------------
                         :                                                                                      bmuon_dR_l_j<0.04?0.04:bmuon_dR_l_j:                                                                                                                  -0.74184                                                                                                                    1.5692   [                                                                                                                   -3.0082                                                                                                                    5.7307 ]
                         :                                                                 (bmuon_nsip3d<1.)?1.:(bmuon_nsip3d>10.)?10.:bmuon_nsip3d:                                                                                                                    2.5617                                                                                                                    3.2250   [                                                                                                                   -2.8180                                                                                                                    5.7307 ]
                         :                                                        (bmuon_P_jetrest<1.5)?1.5:(bmuon_P_jetrest>4.)?4.:bmuon_P_jetrest:                                                                                                                   -1.5207                                                                                                                    1.7463   [                                                                                                                   -2.7634                                                                                                                    5.7307 ]
                         :                                                                                  bmuon_palongjet<30.?bmuon_palongjet:30.:                                                                                                                    1.9215                                                                                                                    2.7985   [                                                                                                                   -3.0657                                                                                                                    5.7307 ]
                         :                                                             bmuon_ptwrtbjet<1.?1:bmuon_ptwrtbjet>3.5?3.5:bmuon_ptwrtbjet:                                                                                                                   -1.4880                                                                                                                    1.7041   [                                                                                                                   -2.8143                                                                                                                    5.7307 ]
                         :                                                                                          bmuon_reliso<4.?bmuon_reliso:4.:                                                                                                                    1.3024                                                                                                                    2.6275   [                                                                                                                   -3.2414                                                                                                                    5.7307 ]
                         : (bjet_ChargedHadronEnergyFraction<0.35)?0.35:(bjet_ChargedHadronEnergyFraction>0.9)?0.9:bjet_ChargedHadronEnergyFraction:                                                                                                                  -0.94952                                                                                                                    1.7270   [                                                                                                                   -3.0201                                                                                                                    5.7307 ]
                         :                          (bjet_MuonEnergyFraction<0.15)?0.15:(bjet_MuonEnergyFraction>0.45)?0.45:bjet_MuonEnergyFraction:                                                                                                                 -0.012844                                                                                                                    2.8269   [                                                                                                                   -2.9066                                                                                                                    5.7307 ]
                         :                   bjet_NeutralEmEnergyFraction<0.1?0.1:bjet_NeutralEmEnergyFraction>0.5?0.5:bjet_NeutralEmEnergyFraction:                                                                                                                  -0.77422                                                                                                                    1.9356   [                                                                                                                   -3.0901                                                                                                                    5.7307 ]
                         :   (bjet_NeutralHadronEnergyFraction<0.1)?0.1:(bjet_NeutralHadronEnergyFraction>0.5)?0.5:bjet_NeutralHadronEnergyFraction:                                                                                                                   -1.8866                                                                                                                    1.4304   [                                                                                                                   -2.7197                                                                                                                    5.4200 ]
                         :                                                                (bjet_NeutralMultiplicity<30)?bjet_NeutralMultiplicity:30:                                                                                                                  0.012114                                                                                                                    1.0388   [                                                                                                                   -4.9749                                                                                                                    5.7307 ]
                         :                                                                              fabs(bjet_charge)<0.5?fabs(bjet_charge):0.5:                                                                                                                    1.3558                                                                                                                    2.5432   [                                                                                                                   -3.1854                                                                                                                    5.7307 ]
                         :                             bjet_charge*bmuon_charge<-0.6?-0.6:bjet_charge*bmuon_charge>0.5?0.5:bjet_charge*bmuon_charge:                                                                                                                    1.3209                                                                                                                    2.4978   [                                                                                                                   -3.1454                                                                                                                    5.7307 ]
                         : -------------------------------------------------------------------------------------------------------------------------------------------------------------------------------------------------------------------------------------------------------------------------------------------------------------------------------------------------------------------------------------------------------------------------------------------------------------------------------------------------------------------------------------------------------------------------------------------------------------------------------------------
BDT                      : [FIN_BDT_2018] : Loop over test events and fill histograms with classifier response...
                         : 
TFHandler_BDT            :                                                                                                                 Variable                                                                                                                        Mean                                                                                                                        RMS                                                                                                                [        Min                                                                                                                        Max ]
                         : -------------------------------------------------------------------------------------------------------------------------------------------------------------------------------------------------------------------------------------------------------------------------------------------------------------------------------------------------------------------------------------------------------------------------------------------------------------------------------------------------------------------------------------------------------------------------------------------------------------------------------------------
                         :                                                                                      bmuon_dR_l_j<0.04?0.04:bmuon_dR_l_j:                                                                                                                  -0.74184                                                                                                                    1.5692   [                                                                                                                   -3.0082                                                                                                                    5.7307 ]
                         :                                                                 (bmuon_nsip3d<1.)?1.:(bmuon_nsip3d>10.)?10.:bmuon_nsip3d:                                                                                                                    2.5617                                                                                                                    3.2250   [                                                                                                                   -2.8180                                                                                                                    5.7307 ]
                         :                                                        (bmuon_P_jetrest<1.5)?1.5:(bmuon_P_jetrest>4.)?4.:bmuon_P_jetrest:                                                                                                                   -1.5207                                                                                                                    1.7463   [                                                                                                                   -2.7634                                                                                                                    5.7307 ]
                         :                                                                                  bmuon_palongjet<30.?bmuon_palongjet:30.:                                                                                                                    1.9215                                                                                                                    2.7985   [                                                                                                                   -3.0657                                                                                                                    5.7307 ]
                         :                                                             bmuon_ptwrtbjet<1.?1:bmuon_ptwrtbjet>3.5?3.5:bmuon_ptwrtbjet:                                                                                                                   -1.4880                                                                                                                    1.7041   [                                                                                                                   -2.8143                                                                                                                    5.7307 ]
                         :                                                                                          bmuon_reliso<4.?bmuon_reliso:4.:                                                                                                                    1.3024                                                                                                                    2.6275   [                                                                                                                   -3.2414                                                                                                                    5.7307 ]
                         : (bjet_ChargedHadronEnergyFraction<0.35)?0.35:(bjet_ChargedHadronEnergyFraction>0.9)?0.9:bjet_ChargedHadronEnergyFraction:                                                                                                                  -0.94952                                                                                                                    1.7270   [                                                                                                                   -3.0201                                                                                                                    5.7307 ]
                         :                          (bjet_MuonEnergyFraction<0.15)?0.15:(bjet_MuonEnergyFraction>0.45)?0.45:bjet_MuonEnergyFraction:                                                                                                                 -0.012844                                                                                                                    2.8269   [                                                                                                                   -2.9066                                                                                                                    5.7307 ]
                         :                   bjet_NeutralEmEnergyFraction<0.1?0.1:bjet_NeutralEmEnergyFraction>0.5?0.5:bjet_NeutralEmEnergyFraction:                                                                                                                  -0.77422                                                                                                                    1.9356   [                                                                                                                   -3.0901                                                                                                                    5.7307 ]
                         :   (bjet_NeutralHadronEnergyFraction<0.1)?0.1:(bjet_NeutralHadronEnergyFraction>0.5)?0.5:bjet_NeutralHadronEnergyFraction:                                                                                                                   -1.8866                                                                                                                    1.4304   [                                                                                                                   -2.7197                                                                                                                    5.4200 ]
                         :                                                                (bjet_NeutralMultiplicity<30)?bjet_NeutralMultiplicity:30:                                                                                                                  0.012114                                                                                                                    1.0388   [                                                                                                                   -4.9749                                                                                                                    5.7307 ]
                         :                                                                              fabs(bjet_charge)<0.5?fabs(bjet_charge):0.5:                                                                                                                    1.3558                                                                                                                    2.5432   [                                                                                                                   -3.1854                                                                                                                    5.7307 ]
                         :                             bjet_charge*bmuon_charge<-0.6?-0.6:bjet_charge*bmuon_charge>0.5?0.5:bjet_charge*bmuon_charge:                                                                                                                    1.3209                                                                                                                    2.4978   [                                                                                                                   -3.1454                                                                                                                    5.7307 ]
                         : -------------------------------------------------------------------------------------------------------------------------------------------------------------------------------------------------------------------------------------------------------------------------------------------------------------------------------------------------------------------------------------------------------------------------------------------------------------------------------------------------------------------------------------------------------------------------------------------------------------------------------------------
                         : 
                         : Evaluation results ranked by best signal efficiency and purity (area)
                         : -------------------------------------------------------------------------------------------------------------------
                         : DataSet       MVA                       
                         : Name:         Method:          ROC-integ
                         : FIN_BDT_2018  BDT            : 0.757
                         : -------------------------------------------------------------------------------------------------------------------
                         : 
                         : Testing efficiency compared to training efficiency (overtraining check)
                         : -------------------------------------------------------------------------------------------------------------------
                         : DataSet              MVA              Signal efficiency: from test sample (from training sample) 
                         : Name:                Method:          @B=0.01             @B=0.10            @B=0.30   
                         : -------------------------------------------------------------------------------------------------------------------
                         : FIN_BDT_2018         BDT            : 0.090 (0.091)       0.382 (0.420)      0.683 (0.689)
                         : -------------------------------------------------------------------------------------------------------------------
                         : 
Dataset:FIN_BDT_2018     : Created tree 'TestTree' with 128206 events
                         : 
Dataset:FIN_BDT_2018     : Created tree 'TrainTree' with 69257 events
                         : 
Factory                  : [1mThank you for using TMVA![0m
                         : [1mFor citation information, please visit: http://tmva.sf.net/citeTMVA.html[0m
['bmuon_dR_l_j < 0.04 ? 0.04 : bmuon_dR_l_j', '(bmuon_nsip3d < 1.)?1.:(bmuon_nsip3d>10.)?10.:bmuon_nsip3d', '(bmuon_P_jetrest<1.5)?1.5:(bmuon_P_jetrest>4.)?4.:bmuon_P_jetrest', 'bmuon_palongjet < 30. ? bmuon_palongjet : 30.', 'bmuon_ptwrtbjet<1.?1:bmuon_ptwrtbjet>3.5?3.5:bmuon_ptwrtbjet', 'bmuon_reliso < 4. ? bmuon_reliso : 4.', '(bjet_ChargedHadronEnergyFraction<0.35)?0.35:(bjet_ChargedHadronEnergyFraction>0.9)?0.9:bjet_ChargedHadronEnergyFraction', '(bjet_MuonEnergyFraction < 0.15) ? 0.15 : (bjet_MuonEnergyFraction >0.45) ? 0.45 : bjet_MuonEnergyFraction', 'bjet_NeutralEmEnergyFraction<0.1?0.1:bjet_NeutralEmEnergyFraction>0.5?0.5:bjet_NeutralEmEnergyFraction', '(bjet_NeutralHadronEnergyFraction<0.1)?0.1:(bjet_NeutralHadronEnergyFraction>0.5)?0.5:bjet_NeutralHadronEnergyFraction', '(bjet_NeutralMultiplicity<30)?bjet_NeutralMultiplicity:30', 'fabs(bjet_charge) < 0.5 ? fabs(bjet_charge) : 0.5', 'bjet_charge*bmuon_charge<-0.6?-0.6:bjet_charge*bmuon_charge>0.5?0.5:bjet_charge*bmuon_charge'] ['belectron_dR_l_j < 0.15 ? 0.15 : belectron_dR_l_j', 'belectron_nsip3d < 6. ? belectron_nsip3d : 6.', 'belectron_P_jetrest < 4. ? belectron_P_jetrest : 4.', '(belectron_ptwrtbjet < 3.)?3.: belectron_ptwrtbjet>5.?5. : belectron_ptwrtbjet', 'bjet_ChargedEmEnergyFraction < 0.15 ? bjet_ChargedEmEnergyFraction : 0.15', 'bjet_ChargedHadronEnergyFraction < 0.6 ? 0.6 : bjet_ChargedHadronEnergyFraction', '(bjet_NeutralEmEnergyFraction < 0.35)?0.35:(bjet_NeutralEmEnergyFraction>0.75)?0.75:bjet_NeutralEmEnergyFraction', 'fabs(bjet_charge)<0.3 ? fabs(bjet_charge) : 0.3', '(bjet_charge*belectron_charge < -0.2) ? -0.2 : (bjet_charge*belectron_charge > 0.4) ? 0.4 : bjet_charge*belectron_charge'] ['bjet_ChargedHadronEnergyFraction > 0.2 ? bjet_ChargedHadronEnergyFraction : 0.2', 'bjet_NeutralEmEnergyFraction<0.05?0.05:bjet_NeutralEmEnergyFraction>0.75?0.75:bjet_NeutralEmEnergyFraction', '(bjet_NeutralHadronEnergyFraction<0.1)?0.1:(bjet_NeutralHadronEnergyFraction>0.6)?0.6:bjet_NeutralHadronEnergyFraction', 'bjet_NeutralMultiplicity<30?bjet_NeutralMultiplicity:30', 'fabs(bjet_charge) < 0.4 ? fabs(bjet_charge) : 0.4']
(bmuon_charge*bjet_partonFlavour < 0)&&Has_bMuon (bmuon_charge*bjet_partonFlavour > 0)&&Has_bMuon (belectron_charge*bjet_partonFlavour < 0)&&(Has_bElectron) (belectron_charge*bjet_partonFlavour > 0)&&(Has_bElectron) (bjet_charge*bjet_partonFlavour < 0)&&(!Has_bElectron)&&(!Has_bMuon) (bjet_charge*bjet_partonFlavour > 0)&&(!Has_bElectron)&&(!Has_bMuon)
sigcut= (bmuon_charge*bjet_partonFlavour < 0)&&Has_bMuon
bkgcut= (bmuon_charge*bjet_partonFlavour > 0)&&Has_bMuon
<sig cut>= (bmuon_charge*bjet_partonFlavour < 0)&&Has_bMuon
<bkg cut>= (bmuon_charge*bjet_partonFlavour > 0)&&Has_bMuon
---sig_test---
<self.testtree_sig> OutTree/sig
/pnfs/knu.ac.kr/data/cms/store/user/jhchoi/JetChargeTagScore/TMVA_TOOL/inputs/EEMu_MuMuE_Method/v2512.5_2018/2018/EEMu_MuMuE_Method_DYJetsToEE_MiNNLO.root
/pnfs/knu.ac.kr/data/cms/store/user/jhchoi/JetChargeTagScore/TMVA_TOOL/inputs/EEMu_MuMuE_Method/v2512.5_2018/2018/EEMu_MuMuE_Method_DYJetsToMuMu_MiNNLO.root
--bkg_test---
<self.testtree_bkg> OutTree/bkg
/pnfs/knu.ac.kr/data/cms/store/user/jhchoi/JetChargeTagScore/TMVA_TOOL/inputs/EEMu_MuMuE_Method/v2512.5_2018/2018/EEMu_MuMuE_Method_DYJetsToEE_MiNNLO.root
/pnfs/knu.ac.kr/data/cms/store/user/jhchoi/JetChargeTagScore/TMVA_TOOL/inputs/EEMu_MuMuE_Method/v2512.5_2018/2018/EEMu_MuMuE_Method_DYJetsToMuMu_MiNNLO.root
---sig_train---
<self.traintree_sig> OutTree/sig
/pnfs/knu.ac.kr/data/cms/store/user/jhchoi/JetChargeTagScore/TMVA_TOOL/inputs/EEMu_MuMuE_Method/v2512.5_2018/2018/EEMu_MuMuE_Method_DYJets.root
---bkg_train---
<self.traintree_bkg> OutTree/bkg
/pnfs/knu.ac.kr/data/cms/store/user/jhchoi/JetChargeTagScore/TMVA_TOOL/inputs/EEMu_MuMuE_Method/v2512.5_2018/2018/EEMu_MuMuE_Method_DYJets.root
>>>>self.dataloader.PrepareTrainingAndTestTree
Set sig cut -> (bmuon_charge*bjet_partonFlavour < 0)&&Has_bMuon
Set bkg cut -> (bmuon_charge*bjet_partonFlavour > 0)&&Has_bMuon
auc= 0.757134080196027
END of RUNNING...run_single
FIN_BDT_2018
FIN_BDT_2018.root
_condor_stderr
_condor_stdout
run.sh
tmp
var
myerr=0
[ntry=1]
