DataSetInfo              : [BDT_2016postVFP] : Added class "Signal"
                         : Add Tree OutTree/sig of type Signal with 386046 events
                         : Add Tree OutTree/sig of type Signal with 439602 events
DataSetInfo              : [BDT_2016postVFP] : Added class "Background"
                         : Add Tree OutTree/bkg of type Background with 234315 events
                         : Add Tree OutTree/bkg of type Background with 262245 events
Factory                  : Booking method: [1mBDT[0m
                         : 
                         : Parsing option string: 
                         : ... "!H:V:NTrees=500:MinNodeSize=2.5%:MaxDepth=4:Shrinkage=0.01:BoostType=Grad:AdaBoostBeta=:UseBaggedBoost=True:BaggedSampleFraction=0.5:SeparationType=GiniIndex:nCuts=30:IgnoreNegWeightsInTraining=True:VarTransform=G"
                         : The following options are set:
                         : - By User:
                         :     <none>
                         : - Default:
                         :     Boost_num: "0" [Number of times the classifier will be boosted]
                         : Parsing option string: 
                         : ... "!H:V:NTrees=500:MinNodeSize=2.5%:MaxDepth=4:Shrinkage=0.01:BoostType=Grad:AdaBoostBeta=:UseBaggedBoost=True:BaggedSampleFraction=0.5:SeparationType=GiniIndex:nCuts=30:IgnoreNegWeightsInTraining=True:VarTransform=G"
                         : The following options are set:
                         : - By User:
                         :     V: "True" [Verbose output (short form of "VerbosityLevel" below - overrides the latter one)]
                         :     VarTransform: "G" [List of variable transformations performed before training, e.g., "D_Background,P_Signal,G,N_AllClasses" for: "Decorrelation, PCA-transformation, Gaussianisation, Normalisation, each for the given class of events ('AllClasses' denotes all events of all classes, if no class indication is given, 'All' is assumed)"]
                         :     H: "False" [Print method-specific help message]
                         :     IgnoreNegWeightsInTraining: "True" [Events with negative weights are ignored in the training (but are included for testing and performance evaluation)]
                         :     NTrees: "500" [Number of trees in the forest]
                         :     MaxDepth: "4" [Max depth of the decision tree allowed]
                         :     MinNodeSize: "2.5%" [Minimum percentage of training events required in a leaf node (default: Classification: 5%, Regression: 0.2%)]
                         :     nCuts: "30" [Number of grid points in variable range used in finding optimal cut in node splitting]
                         :     BoostType: "Grad" [Boosting type for the trees in the forest (note: AdaCost is still experimental)]
                         :     UseBaggedBoost: "True" [Use only a random subsample of all events for growing the trees in each boost iteration.]
                         :     Shrinkage: "1.000000e-02" [Learning rate for BoostType=Grad algorithm]
                         :     AdaBoostBeta: "5.000000e-01" [Learning rate  for AdaBoost algorithm]
                         :     BaggedSampleFraction: "5.000000e-01" [Relative size of bagged event sample to original size of the data sample (used whenever bagging is used (i.e. UseBaggedBoost, Bagging,)]
                         :     SeparationType: "GiniIndex" [Separation criterion for node splitting]
                         : - Default:
                         :     VerbosityLevel: "Default" [Verbosity level]
                         :     CreateMVAPdfs: "False" [Create PDFs for classifier outputs (signal and background)]
                         :     AdaBoostR2Loss: "Quadratic" [Type of Loss function in AdaBoostR2]
                         :     UseRandomisedTrees: "False" [Determine at each node splitting the cut variable only as the best out of a random subset of variables (like in RandomForests)]
                         :     UseNvars: "4" [Size of the subset of variables used with RandomisedTree option]
                         :     UsePoissonNvars: "True" [Interpret "UseNvars" not as fixed number but as mean of a Poisson distribution in each split with RandomisedTree option]
                         :     UseYesNoLeaf: "True" [Use Sig or Bkg categories, or the purity=S/(S+B) as classification of the leaf node -> Real-AdaBoost]
                         :     NegWeightTreatment: "InverseBoostNegWeights" [How to treat events with negative weights in the BDT training (particular the boosting) : IgnoreInTraining;  Boost With inverse boostweight; Pair events with negative and positive weights in training sample and *annihilate* them (experimental!)]
                         :     Css: "1.000000e+00" [AdaCost: cost of true signal selected signal]
                         :     Cts_sb: "1.000000e+00" [AdaCost: cost of true signal selected bkg]
                         :     Ctb_ss: "1.000000e+00" [AdaCost: cost of true bkg    selected signal]
                         :     Cbb: "1.000000e+00" [AdaCost: cost of true bkg    selected bkg ]
                         :     NodePurityLimit: "5.000000e-01" [In boosting/pruning, nodes with purity > NodePurityLimit are signal; background otherwise.]
                         :     RegressionLossFunctionBDTG: "Huber" [Loss function for BDTG regression.]
                         :     HuberQuantile: "7.000000e-01" [In the Huber loss function this is the quantile that separates the core from the tails in the residuals distribution.]
                         :     DoBoostMonitor: "False" [Create control plot with ROC integral vs tree number]
                         :     UseFisherCuts: "False" [Use multivariate splits using the Fisher criterion]
                         :     MinLinCorrForFisher: "8.000000e-01" [The minimum linear correlation between two variables demanded for use in Fisher criterion in node splitting]
                         :     UseExclusiveVars: "False" [Variables already used in fisher criterion are not anymore analysed individually for node splitting]
                         :     DoPreselection: "False" [and and apply automatic pre-selection for 100% efficient signal (bkg) cuts prior to training]
                         :     SigToBkgFraction: "1.000000e+00" [Sig to Bkg ratio used in Training (similar to NodePurityLimit, which cannot be used in real adaboost]
                         :     PruneMethod: "NoPruning" [Note: for BDTs use small trees (e.g.MaxDepth=3) and NoPruning:  Pruning: Method used for pruning (removal) of statistically insignificant branches ]
                         :     PruneStrength: "0.000000e+00" [Pruning strength]
                         :     PruningValFraction: "5.000000e-01" [Fraction of events to use for optimizing automatic pruning.]
                         :     SkipNormalization: "False" [Skip normalization at initialization, to keep expectation value of BDT output according to the fraction of events]
                         :     nEventsMin: "0" [deprecated: Use MinNodeSize (in % of training events) instead]
                         :     UseBaggedGrad: "False" [deprecated: Use *UseBaggedBoost* instead:  Use only a random subsample of all events for growing the trees in each iteration.]
                         :     GradBaggingFraction: "5.000000e-01" [deprecated: Use *BaggedSampleFraction* instead: Defines the fraction of events to be used in each iteration, e.g. when UseBaggedGrad=kTRUE. ]
                         :     UseNTrainEvents: "0" [deprecated: Use *BaggedSampleFraction* instead: Number of randomly picked training events used in randomised (and bagged) trees]
                         :     NNodesMax: "0" [deprecated: Use MaxDepth instead to limit the tree size]
BDT                      : [BDT_2016postVFP] : Create Transformation "G" with events from all classes.
                         : 
                         : Transformation, Variable selection : 
                         : Input : variable 'belectron_dR_l_j<0.13?0.13:belectron_dR_l_j' <---> Output : variable 'belectron_dR_l_j<0.13?0.13:belectron_dR_l_j'
                         : Input : variable 'belectron_nsip3d>10.?10.:belectron_nsip3d' <---> Output : variable 'belectron_nsip3d>10.?10.:belectron_nsip3d'
                         : Input : variable 'belectron_P_jetrest>2.?2.:belectron_P_jetrest' <---> Output : variable 'belectron_P_jetrest>2.?2.:belectron_P_jetrest'
                         : Input : variable 'belectron_palongjet>15.?15.:belectron_palongjet' <---> Output : variable 'belectron_palongjet>15.?15.:belectron_palongjet'
                         : Input : variable 'belectron_palongjetratio>0.2?0.2:belectron_palongjetratio' <---> Output : variable 'belectron_palongjetratio>0.2?0.2:belectron_palongjetratio'
                         : Input : variable 'belectron_ptwrtbjet<0.5?0.5:belectron_ptwrtbjet>3.?3.:belectron_ptwrtbjet' <---> Output : variable 'belectron_ptwrtbjet<0.5?0.5:belectron_ptwrtbjet>3.?3.:belectron_ptwrtbjet'
                         : Input : variable 'log10(1.+belectron_reliso)>1.?1.:log10(1.+belectron_reliso)' <---> Output : variable 'log10(1.+belectron_reliso)>1.?1.:log10(1.+belectron_reliso)'
                         : Input : variable 'bjet_ChargedEmEnergyFraction>0.2?0.2:bjet_ChargedEmEnergyFraction' <---> Output : variable 'bjet_ChargedEmEnergyFraction>0.2?0.2:bjet_ChargedEmEnergyFraction'
                         : Input : variable 'bjet_ChargedHadronEnergyFraction<0.3?0.3:bjet_ChargedHadronEnergyFraction>0.8?0.8:bjet_ChargedHadronEnergyFraction' <---> Output : variable 'bjet_ChargedHadronEnergyFraction<0.3?0.3:bjet_ChargedHadronEnergyFraction>0.8?0.8:bjet_ChargedHadronEnergyFraction'
                         : Input : variable 'bjet_NeutralEmEnergyFraction<0.15?0.15:bjet_NeutralEmEnergyFraction>0.6?0.6:bjet_NeutralEmEnergyFraction' <---> Output : variable 'bjet_NeutralEmEnergyFraction<0.15?0.15:bjet_NeutralEmEnergyFraction>0.6?0.6:bjet_NeutralEmEnergyFraction'
                         : Input : variable 'bjet_NeutralMultiplicity' <---> Output : variable 'bjet_NeutralMultiplicity'
                         : Input : variable 'bjet_charge*belectron_charge<-0.4?-0.4:bjet_charge*belectron_charge>0.2?0.2:bjet_charge*belectron_charge' <---> Output : variable 'bjet_charge*belectron_charge<-0.4?-0.4:bjet_charge*belectron_charge>0.2?0.2:bjet_charge*belectron_charge'
                         : Input : variable 'fabs(bjet_charge)>0.35?0.35:fabs(bjet_charge)' <---> Output : variable 'fabs(bjet_charge)>0.35?0.35:fabs(bjet_charge)'
                         : the option NegWeightTreatment=InverseBoostNegWeights does not exist for BoostType=Grad
                         : --> change to new default NegWeightTreatment=Pray
                         : Rebuilding Dataset BDT_2016postVFP
                         : Building event vectors for type 1 Signal
                         : Dataset[BDT_2016postVFP] :  create input formulas for tree sig
                         : Dataset[BDT_2016postVFP] :  create input formulas for tree sig
                         : Dataset[BDT_2016postVFP] :  create input formulas for tree sig
                         : Building event vectors for type 0 Signal
                         : Dataset[BDT_2016postVFP] :  create input formulas for tree sig
                         : Dataset[BDT_2016postVFP] :  create input formulas for tree sig
                         : Building event vectors for type 1 Background
                         : Dataset[BDT_2016postVFP] :  create input formulas for tree bkg
                         : Dataset[BDT_2016postVFP] :  create input formulas for tree bkg
                         : Dataset[BDT_2016postVFP] :  create input formulas for tree bkg
                         : Building event vectors for type 0 Background
                         : Dataset[BDT_2016postVFP] :  create input formulas for tree bkg
                         : Dataset[BDT_2016postVFP] :  create input formulas for tree bkg
DataSetFactory           : [BDT_2016postVFP] : Number of events in input trees
                         : Dataset[BDT_2016postVFP] :     Signal     requirement: "(belectron_charge*bjet_partonFlavour < 0)&&(Has_bElectron)"
                         : Dataset[BDT_2016postVFP] :     Signal          -- number of events passed: 50123  / sum of weights: 29094.3
                         : Dataset[BDT_2016postVFP] :     Signal          -- efficiency             : 0.0581941
                         : Dataset[BDT_2016postVFP] :     Background requirement: "(belectron_charge*bjet_partonFlavour > 0)&&(Has_bElectron)"
                         : Dataset[BDT_2016postVFP] :     Background      -- number of events passed: 30446  / sum of weights: 18509.2
                         : Dataset[BDT_2016postVFP] :     Background      -- efficiency             : 0.061844
                         : Dataset[BDT_2016postVFP] :  you have opted for interpreting the requested number of training/testing events
                         :  to be the number of events AFTER your preselection cuts
                         : 
                         : Dataset[BDT_2016postVFP] :  you have opted for interpreting the requested number of training/testing events
                         :  to be the number of events AFTER your preselection cuts
                         : 
                         : Dataset[BDT_2016postVFP] : Weight renormalisation mode: "EqualNumEvents": renormalises all event classes ...
                         : Dataset[BDT_2016postVFP] :  such that the effective (weighted) number of events in each class is the same 
                         : Dataset[BDT_2016postVFP] :  (and equals the number of events (entries) given for class=0 )
                         : Dataset[BDT_2016postVFP] : ... i.e. such that Sum[i=1..N_j]{w_i} = N_classA, j=classA, classB, ...
                         : Dataset[BDT_2016postVFP] : ... (note that N_j is the sum of TRAINING events
                         : Dataset[BDT_2016postVFP] :  ..... Testing events are not renormalised nor included in the renormalisation factor!)
                         : Number of training and testing events
                         : ---------------------------------------------------------------------------
                         : Signal     -- training events            : 22242
                         : Signal     -- testing events             : 27881
                         : Signal     -- training and testing events: 50123
                         : Dataset[BDT_2016postVFP] : Signal     -- due to the preselection a scaling factor has been applied to the numbers of requested events: 0.0607075
                         : Background -- training events            : 13514
                         : Background -- testing events             : 16932
                         : Background -- training and testing events: 30446
                         : Dataset[BDT_2016postVFP] : Background -- due to the preselection a scaling factor has been applied to the numbers of requested events: 0.0613138
                         : 
DataSetInfo              : Correlation matrix (Signal):
                         : ---------------------------------------------------------------------------------------------------------------------------------------------------------------------------------------------------------------------------------------------------------------------------------------------------------------------------------------------------------------------------------------------------------------------------------------------------------------------------------------------------------------------------------------------------------------------------------------------------------------------------------------------------------------------------------------------------------------------------------------------------------------------------------------------------------------------------------------------------------------------------------------------------------------------------------------------------------------------------------------------------
                         :                                                                                                                     belectron_dR_l_j_0.13_0.13:belectron_dR_l_j belectron_nsip3d_10._10.:belectron_nsip3d belectron_P_jetrest_2._2.:belectron_P_jetrest belectron_palongjet_15._15.:belectron_palongjet belectron_palongjetratio_0.2_0.2:belectron_palongjetratio belectron_ptwrtbjet_0.5_0.5:belectron_ptwrtbjet_3._3.:belectron_ptwrtbjet log10_1._P_belectron_reliso__1._1.:log10_1._P_belectron_reliso_ bjet_ChargedEmEnergyFraction_0.2_0.2:bjet_ChargedEmEnergyFraction bjet_ChargedHadronEnergyFraction_0.3_0.3:bjet_ChargedHadronEnergyFraction_0.8_0.8:bjet_ChargedHadronEnergyFraction bjet_NeutralEmEnergyFraction_0.15_0.15:bjet_NeutralEmEnergyFraction_0.6_0.6:bjet_NeutralEmEnergyFraction bjet_NeutralMultiplicity bjet_charge_T_belectron_charge__M_0.4__M_0.4:bjet_charge_T_belectron_charge_0.2_0.2:bjet_charge_T_belectron_charge fabs_bjet_charge__0.35_0.35:fabs_bjet_charge_
                         :                                                                        belectron_dR_l_j_0.13_0.13:belectron_dR_l_j:                                      +1.000                                    +0.044                                        +0.179                                          -0.251                                                    -0.266                                                                    +0.417                                                          +0.033                                                            +0.006                                                                                                             +0.047                                                                                                   -0.001                   +0.018                                                                                                             -0.103                                        -0.040
                         :                                                                          belectron_nsip3d_10._10.:belectron_nsip3d:                                      +0.044                                    +1.000                                        +0.046                                          -0.027                                                    -0.006                                                                    +0.103                                                          +0.022                                                            +0.101                                                                                                             -0.032                                                                                                   -0.020                   -0.019                                                                                                             -0.006                                        +0.035
                         :                                                                      belectron_P_jetrest_2._2.:belectron_P_jetrest:                                      +0.179                                    +0.046                                        +1.000                                          +0.487                                                    +0.453                                                                    +0.669                                                          -0.612                                                            +0.259                                                                                                             -0.331                                                                                                   -0.082                   -0.055                                                                                                             +0.177                                        +0.186
                         :                                                                    belectron_palongjet_15._15.:belectron_palongjet:                                      -0.251                                    -0.027                                        +0.487                                          +1.000                                                    +0.487                                                                    +0.175                                                          -0.498                                                            +0.163                                                                                                             -0.217                                                                                                   -0.084                   -0.083                                                                                                             +0.152                                        +0.138
                         :                                                          belectron_palongjetratio_0.2_0.2:belectron_palongjetratio:                                      -0.266                                    -0.006                                        +0.453                                          +0.487                                                    +1.000                                                                    +0.135                                                          -0.714                                                            +0.259                                                                                                             -0.229                                                                                                   -0.031                   -0.249                                                                                                             +0.240                                        +0.139
                         :                                          belectron_ptwrtbjet_0.5_0.5:belectron_ptwrtbjet_3._3.:belectron_ptwrtbjet:                                      +0.417                                    +0.103                                        +0.669                                          +0.175                                                    +0.135                                                                    +1.000                                                          -0.247                                                            +0.153                                                                                                             -0.145                                                                                                   -0.030                   -0.006                                                                                                             +0.016                                        +0.077
                         :                                                    log10_1._P_belectron_reliso__1._1.:log10_1._P_belectron_reliso_:                                      +0.033                                    +0.022                                        -0.612                                          -0.498                                                    -0.714                                                                    -0.247                                                          +1.000                                                            -0.217                                                                                                             +0.324                                                                                                   +0.118                   +0.310                                                                                                             -0.238                                        -0.227
                         :                                                  bjet_ChargedEmEnergyFraction_0.2_0.2:bjet_ChargedEmEnergyFraction:                                      +0.006                                    +0.101                                        +0.259                                          +0.163                                                    +0.259                                                                    +0.153                                                          -0.217                                                            +1.000                                                                                                             -0.572                                                                                                   -0.430                   -0.305                                                                                                             +0.088                                        +0.134
                         : bjet_ChargedHadronEnergyFraction_0.3_0.3:bjet_ChargedHadronEnergyFraction_0.8_0.8:bjet_ChargedHadronEnergyFraction:                                      +0.047                                    -0.032                                        -0.331                                          -0.217                                                    -0.229                                                                    -0.145                                                          +0.324                                                            -0.572                                                                                                             +1.000                                                                                                   -0.174                   -0.001                                                                                                             -0.124                                        -0.228
                         :           bjet_NeutralEmEnergyFraction_0.15_0.15:bjet_NeutralEmEnergyFraction_0.6_0.6:bjet_NeutralEmEnergyFraction:                                      -0.001                                    -0.020                                        -0.082                                          -0.084                                                    -0.031                                                                    -0.030                                                          +0.118                                                            -0.430                                                                                                             -0.174                                                                                                   +1.000                   +0.395                                                                                                             +0.023                                        -0.008
                         :                                                                                           bjet_NeutralMultiplicity:                                      +0.018                                    -0.019                                        -0.055                                          -0.083                                                    -0.249                                                                    -0.006                                                          +0.310                                                            -0.305                                                                                                             -0.001                                                                                                   +0.395                   +1.000                                                                                                             -0.081                                        -0.102
                         : bjet_charge_T_belectron_charge__M_0.4__M_0.4:bjet_charge_T_belectron_charge_0.2_0.2:bjet_charge_T_belectron_charge:                                      -0.103                                    -0.006                                        +0.177                                          +0.152                                                    +0.240                                                                    +0.016                                                          -0.238                                                            +0.088                                                                                                             -0.124                                                                                                   +0.023                   -0.081                                                                                                             +1.000                                        +0.365
                         :                                                                      fabs_bjet_charge__0.35_0.35:fabs_bjet_charge_:                                      -0.040                                    +0.035                                        +0.186                                          +0.138                                                    +0.139                                                                    +0.077                                                          -0.227                                                            +0.134                                                                                                             -0.228                                                                                                   -0.008                   -0.102                                                                                                             +0.365                                        +1.000
                         : ---------------------------------------------------------------------------------------------------------------------------------------------------------------------------------------------------------------------------------------------------------------------------------------------------------------------------------------------------------------------------------------------------------------------------------------------------------------------------------------------------------------------------------------------------------------------------------------------------------------------------------------------------------------------------------------------------------------------------------------------------------------------------------------------------------------------------------------------------------------------------------------------------------------------------------------------------------------------------------------------------
DataSetInfo              : Correlation matrix (Background):
                         : ---------------------------------------------------------------------------------------------------------------------------------------------------------------------------------------------------------------------------------------------------------------------------------------------------------------------------------------------------------------------------------------------------------------------------------------------------------------------------------------------------------------------------------------------------------------------------------------------------------------------------------------------------------------------------------------------------------------------------------------------------------------------------------------------------------------------------------------------------------------------------------------------------------------------------------------------------------------------------------------------------
                         :                                                                                                                     belectron_dR_l_j_0.13_0.13:belectron_dR_l_j belectron_nsip3d_10._10.:belectron_nsip3d belectron_P_jetrest_2._2.:belectron_P_jetrest belectron_palongjet_15._15.:belectron_palongjet belectron_palongjetratio_0.2_0.2:belectron_palongjetratio belectron_ptwrtbjet_0.5_0.5:belectron_ptwrtbjet_3._3.:belectron_ptwrtbjet log10_1._P_belectron_reliso__1._1.:log10_1._P_belectron_reliso_ bjet_ChargedEmEnergyFraction_0.2_0.2:bjet_ChargedEmEnergyFraction bjet_ChargedHadronEnergyFraction_0.3_0.3:bjet_ChargedHadronEnergyFraction_0.8_0.8:bjet_ChargedHadronEnergyFraction bjet_NeutralEmEnergyFraction_0.15_0.15:bjet_NeutralEmEnergyFraction_0.6_0.6:bjet_NeutralEmEnergyFraction bjet_NeutralMultiplicity bjet_charge_T_belectron_charge__M_0.4__M_0.4:bjet_charge_T_belectron_charge_0.2_0.2:bjet_charge_T_belectron_charge fabs_bjet_charge__0.35_0.35:fabs_bjet_charge_
                         :                                                                        belectron_dR_l_j_0.13_0.13:belectron_dR_l_j:                                      +1.000                                    -0.003                                        +0.209                                          -0.240                                                    -0.293                                                                    +0.406                                                          -0.001                                                            -0.063                                                                                                             +0.062                                                                                                   -0.004                   +0.044                                                                                                             -0.014                                        +0.011
                         :                                                                          belectron_nsip3d_10._10.:belectron_nsip3d:                                      -0.003                                    +1.000                                        +0.080                                          -0.047                                                    +0.003                                                                    +0.128                                                          -0.025                                                            +0.108                                                                                                             -0.063                                                                                                   -0.039                   +0.005                                                                                                             -0.040                                        +0.038
                         :                                                                      belectron_P_jetrest_2._2.:belectron_P_jetrest:                                      +0.209                                    +0.080                                        +1.000                                          +0.491                                                    +0.465                                                                    +0.694                                                          -0.596                                                            +0.109                                                                                                             -0.250                                                                                                   +0.030                   +0.035                                                                                                             +0.234                                        +0.057
                         :                                                                    belectron_palongjet_15._15.:belectron_palongjet:                                      -0.240                                    -0.047                                        +0.491                                          +1.000                                                    +0.483                                                                    +0.192                                                          -0.470                                                            +0.113                                                                                                             -0.162                                                                                                   -0.062                   -0.045                                                                                                             +0.175                                        +0.056
                         :                                                          belectron_palongjetratio_0.2_0.2:belectron_palongjetratio:                                      -0.293                                    +0.003                                        +0.465                                          +0.483                                                    +1.000                                                                    +0.127                                                          -0.724                                                            +0.217                                                                                                             -0.181                                                                                                   +0.007                   -0.195                                                                                                             +0.254                                        -0.004
                         :                                          belectron_ptwrtbjet_0.5_0.5:belectron_ptwrtbjet_3._3.:belectron_ptwrtbjet:                                      +0.406                                    +0.128                                        +0.694                                          +0.192                                                    +0.127                                                                    +1.000                                                          -0.278                                                            +0.063                                                                                                             -0.134                                                                                                   +0.045                   +0.027                                                                                                             +0.080                                        +0.021
                         :                                                    log10_1._P_belectron_reliso__1._1.:log10_1._P_belectron_reliso_:                                      -0.001                                    -0.025                                        -0.596                                          -0.470                                                    -0.724                                                                    -0.278                                                          +1.000                                                            -0.104                                                                                                             +0.225                                                                                                   +0.060                   +0.241                                                                                                             -0.251                                        -0.083
                         :                                                  bjet_ChargedEmEnergyFraction_0.2_0.2:bjet_ChargedEmEnergyFraction:                                      -0.063                                    +0.108                                        +0.109                                          +0.113                                                    +0.217                                                                    +0.063                                                          -0.104                                                            +1.000                                                                                                             -0.534                                                                                                   -0.373                   -0.275                                                                                                             +0.048                                        +0.027
                         : bjet_ChargedHadronEnergyFraction_0.3_0.3:bjet_ChargedHadronEnergyFraction_0.8_0.8:bjet_ChargedHadronEnergyFraction:                                      +0.062                                    -0.063                                        -0.250                                          -0.162                                                    -0.181                                                                    -0.134                                                          +0.225                                                            -0.534                                                                                                             +1.000                                                                                                   -0.250                   -0.068                                                                                                             -0.091                                        -0.060
                         :           bjet_NeutralEmEnergyFraction_0.15_0.15:bjet_NeutralEmEnergyFraction_0.6_0.6:bjet_NeutralEmEnergyFraction:                                      -0.004                                    -0.039                                        +0.030                                          -0.062                                                    +0.007                                                                    +0.045                                                          +0.060                                                            -0.373                                                                                                             -0.250                                                                                                   +1.000                   +0.408                                                                                                             +0.040                                        -0.076
                         :                                                                                           bjet_NeutralMultiplicity:                                      +0.044                                    +0.005                                        +0.035                                          -0.045                                                    -0.195                                                                    +0.027                                                          +0.241                                                            -0.275                                                                                                             -0.068                                                                                                   +0.408                   +1.000                                                                                                             +0.017                                        -0.061
                         : bjet_charge_T_belectron_charge__M_0.4__M_0.4:bjet_charge_T_belectron_charge_0.2_0.2:bjet_charge_T_belectron_charge:                                      -0.014                                    -0.040                                        +0.234                                          +0.175                                                    +0.254                                                                    +0.080                                                          -0.251                                                            +0.048                                                                                                             -0.091                                                                                                   +0.040                   +0.017                                                                                                             +1.000                                        -0.038
                         :                                                                      fabs_bjet_charge__0.35_0.35:fabs_bjet_charge_:                                      +0.011                                    +0.038                                        +0.057                                          +0.056                                                    -0.004                                                                    +0.021                                                          -0.083                                                            +0.027                                                                                                             -0.060                                                                                                   -0.076                   -0.061                                                                                                             -0.038                                        +1.000
                         : ---------------------------------------------------------------------------------------------------------------------------------------------------------------------------------------------------------------------------------------------------------------------------------------------------------------------------------------------------------------------------------------------------------------------------------------------------------------------------------------------------------------------------------------------------------------------------------------------------------------------------------------------------------------------------------------------------------------------------------------------------------------------------------------------------------------------------------------------------------------------------------------------------------------------------------------------------------------------------------------------------
DataSetFactory           : [BDT_2016postVFP] :  
                         : 
Factory                  : [1mTrain all methods[0m
Factory                  : [BDT_2016postVFP] : Create Transformation "I" with events from all classes.
                         : 
                         : Transformation, Variable selection : 
                         : Input : variable 'belectron_dR_l_j<0.13?0.13:belectron_dR_l_j' <---> Output : variable 'belectron_dR_l_j<0.13?0.13:belectron_dR_l_j'
                         : Input : variable 'belectron_nsip3d>10.?10.:belectron_nsip3d' <---> Output : variable 'belectron_nsip3d>10.?10.:belectron_nsip3d'
                         : Input : variable 'belectron_P_jetrest>2.?2.:belectron_P_jetrest' <---> Output : variable 'belectron_P_jetrest>2.?2.:belectron_P_jetrest'
                         : Input : variable 'belectron_palongjet>15.?15.:belectron_palongjet' <---> Output : variable 'belectron_palongjet>15.?15.:belectron_palongjet'
                         : Input : variable 'belectron_palongjetratio>0.2?0.2:belectron_palongjetratio' <---> Output : variable 'belectron_palongjetratio>0.2?0.2:belectron_palongjetratio'
                         : Input : variable 'belectron_ptwrtbjet<0.5?0.5:belectron_ptwrtbjet>3.?3.:belectron_ptwrtbjet' <---> Output : variable 'belectron_ptwrtbjet<0.5?0.5:belectron_ptwrtbjet>3.?3.:belectron_ptwrtbjet'
                         : Input : variable 'log10(1.+belectron_reliso)>1.?1.:log10(1.+belectron_reliso)' <---> Output : variable 'log10(1.+belectron_reliso)>1.?1.:log10(1.+belectron_reliso)'
                         : Input : variable 'bjet_ChargedEmEnergyFraction>0.2?0.2:bjet_ChargedEmEnergyFraction' <---> Output : variable 'bjet_ChargedEmEnergyFraction>0.2?0.2:bjet_ChargedEmEnergyFraction'
                         : Input : variable 'bjet_ChargedHadronEnergyFraction<0.3?0.3:bjet_ChargedHadronEnergyFraction>0.8?0.8:bjet_ChargedHadronEnergyFraction' <---> Output : variable 'bjet_ChargedHadronEnergyFraction<0.3?0.3:bjet_ChargedHadronEnergyFraction>0.8?0.8:bjet_ChargedHadronEnergyFraction'
                         : Input : variable 'bjet_NeutralEmEnergyFraction<0.15?0.15:bjet_NeutralEmEnergyFraction>0.6?0.6:bjet_NeutralEmEnergyFraction' <---> Output : variable 'bjet_NeutralEmEnergyFraction<0.15?0.15:bjet_NeutralEmEnergyFraction>0.6?0.6:bjet_NeutralEmEnergyFraction'
                         : Input : variable 'bjet_NeutralMultiplicity' <---> Output : variable 'bjet_NeutralMultiplicity'
                         : Input : variable 'bjet_charge*belectron_charge<-0.4?-0.4:bjet_charge*belectron_charge>0.2?0.2:bjet_charge*belectron_charge' <---> Output : variable 'bjet_charge*belectron_charge<-0.4?-0.4:bjet_charge*belectron_charge>0.2?0.2:bjet_charge*belectron_charge'
                         : Input : variable 'fabs(bjet_charge)>0.35?0.35:fabs(bjet_charge)' <---> Output : variable 'fabs(bjet_charge)>0.35?0.35:fabs(bjet_charge)'
TFHandler_Factory        :                                                                                                           Variable                                                                                                                  Mean                                                                                                                  RMS                                                                                                          [        Min                                                                                                                  Max ]
                         : -------------------------------------------------------------------------------------------------------------------------------------------------------------------------------------------------------------------------------------------------------------------------------------------------------------------------------------------------------------------------------------------------------------------------------------------------------------------------------------------------------------------------------------------------------------------------------------------------------------
                         :                                                                        belectron_dR_l_j<0.13?0.13:belectron_dR_l_j:                                                                                                             0.13917                                                                                                            0.028838   [                                                                                                             0.13000                                                                                                             0.39926 ]
                         :                                                                          belectron_nsip3d>10.?10.:belectron_nsip3d:                                                                                                              4.7192                                                                                                              3.4662   [                                                                                                           0.0030291                                                                                                              10.000 ]
                         :                                                                      belectron_P_jetrest>2.?2.:belectron_P_jetrest:                                                                                                              1.3339                                                                                                             0.49226   [                                                                                                             -1.0000                                                                                                              2.0000 ]
                         :                                                                    belectron_palongjet>15.?15.:belectron_palongjet:                                                                                                              13.164                                                                                                              2.8909   [                                                                                                              4.7666                                                                                                              15.000 ]
                         :                                                          belectron_palongjetratio>0.2?0.2:belectron_palongjetratio:                                                                                                             0.17565                                                                                                            0.038727   [                                                                                                           0.0076575                                                                                                             0.20000 ]
                         :                                          belectron_ptwrtbjet<0.5?0.5:belectron_ptwrtbjet>3.?3.:belectron_ptwrtbjet:                                                                                                              1.0288                                                                                                             0.56971   [                                                                                                             0.50000                                                                                                              3.0000 ]
                         :                                                        log10(1.+belectron_reliso)>1.?1.:log10(1.+belectron_reliso):                                                                                                             0.46382                                                                                                             0.24252   [                                                                                                              0.0000                                                                                                              1.0000 ]
                         :                                                  bjet_ChargedEmEnergyFraction>0.2?0.2:bjet_ChargedEmEnergyFraction:                                                                                                             0.11330                                                                                                            0.089555   [                                                                                                              0.0000                                                                                                             0.20000 ]
                         : bjet_ChargedHadronEnergyFraction<0.3?0.3:bjet_ChargedHadronEnergyFraction>0.8?0.8:bjet_ChargedHadronEnergyFraction:                                                                                                             0.49952                                                                                                             0.16390   [                                                                                                             0.30000                                                                                                             0.80000 ]
                         :           bjet_NeutralEmEnergyFraction<0.15?0.15:bjet_NeutralEmEnergyFraction>0.6?0.6:bjet_NeutralEmEnergyFraction:                                                                                                             0.24552                                                                                                             0.12060   [                                                                                                             0.15000                                                                                                             0.60000 ]
                         :                                                                                           bjet_NeutralMultiplicity:                                                                                                              9.6583                                                                                                              4.8342   [                                                                                                              0.0000                                                                                                              50.000 ]
                         :           bjet_charge*belectron_charge<-0.4?-0.4:bjet_charge*belectron_charge>0.2?0.2:bjet_charge*belectron_charge:                                                                                                            0.055114                                                                                                             0.18782   [                                                                                                            -0.40000                                                                                                             0.20000 ]
                         :                                                                      fabs(bjet_charge)>0.35?0.35:fabs(bjet_charge):                                                                                                             0.22763                                                                                                             0.11953   [                                                                                                          4.3649e-06                                                                                                             0.35000 ]
                         : -------------------------------------------------------------------------------------------------------------------------------------------------------------------------------------------------------------------------------------------------------------------------------------------------------------------------------------------------------------------------------------------------------------------------------------------------------------------------------------------------------------------------------------------------------------------------------------------------------------
                         : Ranking input variables (method unspecific)...
IdTransformation         : Ranking result (top variable is best ranked)
                         : -------------------------------------------------------------------------------------------------------------------------------------------
                         : Rank : Variable                                                                                                           : Separation
                         : -------------------------------------------------------------------------------------------------------------------------------------------
                         :    1 : bjet_charge*belectron_charge<-0.4?-0.4:bjet_charge*belectron_charge>0.2?0.2:bjet_charge*belectron_charge           : 1.007e-01
                         :    2 : fabs(bjet_charge)>0.35?0.35:fabs(bjet_charge)                                                                      : 3.566e-02
                         :    3 : belectron_P_jetrest>2.?2.:belectron_P_jetrest                                                                      : 2.950e-02
                         :    4 : log10(1.+belectron_reliso)>1.?1.:log10(1.+belectron_reliso)                                                        : 2.628e-02
                         :    5 : belectron_ptwrtbjet<0.5?0.5:belectron_ptwrtbjet>3.?3.:belectron_ptwrtbjet                                          : 2.069e-02
                         :    6 : bjet_ChargedEmEnergyFraction>0.2?0.2:bjet_ChargedEmEnergyFraction                                                  : 2.063e-02
                         :    7 : belectron_palongjetratio>0.2?0.2:belectron_palongjetratio                                                          : 1.894e-02
                         :    8 : belectron_palongjet>15.?15.:belectron_palongjet                                                                    : 1.048e-02
                         :    9 : bjet_ChargedHadronEnergyFraction<0.3?0.3:bjet_ChargedHadronEnergyFraction>0.8?0.8:bjet_ChargedHadronEnergyFraction : 8.115e-03
                         :   10 : bjet_NeutralMultiplicity                                                                                           : 4.808e-03
                         :   11 : bjet_NeutralEmEnergyFraction<0.15?0.15:bjet_NeutralEmEnergyFraction>0.6?0.6:bjet_NeutralEmEnergyFraction           : 3.700e-03
                         :   12 : belectron_nsip3d>10.?10.:belectron_nsip3d                                                                          : 2.993e-03
                         :   13 : belectron_dR_l_j<0.13?0.13:belectron_dR_l_j                                                                        : 2.059e-03
                         : -------------------------------------------------------------------------------------------------------------------------------------------
Factory                  : Train method: BDT for Classification
                         : 
                         : Preparing the Gaussian transformation...
TFHandler_BDT            :                                                                                                           Variable                                                                                                                  Mean                                                                                                                  RMS                                                                                                          [        Min                                                                                                                  Max ]
                         : -------------------------------------------------------------------------------------------------------------------------------------------------------------------------------------------------------------------------------------------------------------------------------------------------------------------------------------------------------------------------------------------------------------------------------------------------------------------------------------------------------------------------------------------------------------------------------------------------------------
                         :                                                                        belectron_dR_l_j<0.13?0.13:belectron_dR_l_j:                                                                                                             -2.1541                                                                                                              1.0674   [                                                                                                             -2.5994                                                                                                              5.7307 ]
                         :                                                                          belectron_nsip3d>10.?10.:belectron_nsip3d:                                                                                                              1.0748                                                                                                              2.3342   [                                                                                                             -3.2516                                                                                                              5.4200 ]
                         :                                                                      belectron_P_jetrest>2.?2.:belectron_P_jetrest:                                                                                                              1.0472                                                                                                              2.3167   [                                                                                                             -3.2906                                                                                                              5.4200 ]
                         :                                                                    belectron_palongjet>15.?15.:belectron_palongjet:                                                                                                              3.6072                                                                                                              2.8303   [                                                                                                             -3.0786                                                                                                              5.7307 ]
                         :                                                          belectron_palongjetratio>0.2?0.2:belectron_palongjetratio:                                                                                                              3.4456                                                                                                              2.8728   [                                                                                                             -3.0748                                                                                                              5.7307 ]
                         :                                          belectron_ptwrtbjet<0.5?0.5:belectron_ptwrtbjet>3.?3.:belectron_ptwrtbjet:                                                                                                            -0.58468                                                                                                              1.6964   [                                                                                                             -2.9890                                                                                                              5.4200 ]
                         :                                                        log10(1.+belectron_reliso)>1.?1.:log10(1.+belectron_reliso):                                                                                                             0.13290                                                                                                              1.3511   [                                                                                                             -3.3123                                                                                                              5.7307 ]
                         :                                                  bjet_ChargedEmEnergyFraction>0.2?0.2:bjet_ChargedEmEnergyFraction:                                                                                                              1.2436                                                                                                              3.8576   [                                                                                                             -2.9897                                                                                                              5.7307 ]
                         : bjet_ChargedHadronEnergyFraction<0.3?0.3:bjet_ChargedHadronEnergyFraction>0.8?0.8:bjet_ChargedHadronEnergyFraction:                                                                                                            -0.32855                                                                                                              2.0393   [                                                                                                             -3.0190                                                                                                              5.7307 ]
                         :           bjet_NeutralEmEnergyFraction<0.15?0.15:bjet_NeutralEmEnergyFraction>0.6?0.6:bjet_NeutralEmEnergyFraction:                                                                                                             -1.0646                                                                                                              1.9290   [                                                                                                             -3.0537                                                                                                              5.7307 ]
                         :                                                                                           bjet_NeutralMultiplicity:                                                                                                          -0.0010688                                                                                                              1.0050   [                                                                                                             -5.1471                                                                                                              5.7307 ]
                         :           bjet_charge*belectron_charge<-0.4?-0.4:bjet_charge*belectron_charge>0.2?0.2:bjet_charge*belectron_charge:                                                                                                              2.4824                                                                                                              3.1177   [                                                                                                             -3.0419                                                                                                              5.7307 ]
                         :                                                                      fabs(bjet_charge)>0.35?0.35:fabs(bjet_charge):                                                                                                              1.9641                                                                                                              2.8340   [                                                                                                             -3.1433                                                                                                              5.7307 ]
                         : -------------------------------------------------------------------------------------------------------------------------------------------------------------------------------------------------------------------------------------------------------------------------------------------------------------------------------------------------------------------------------------------------------------------------------------------------------------------------------------------------------------------------------------------------------------------------------------------------------------
                         : Events with weight == 0 are going to be simply ignored 
BDT                      : #events: (reweighted) sig: 12246 bkg: 12246
                         : #events: (unweighted) sig: 15109 bkg: 9383
                         : Training 500 Decision Trees ... patience please
                         : Elapsed time for training with 35756 events: 20.8 sec         
BDT                      : [BDT_2016postVFP] : Evaluation of BDT on training sample (35756 events)
                         : Elapsed time for evaluation of 35756 events: 3.96 sec       
                         : Creating xml weight file: [0;36mBDT_2016postVFP/weights/BDT_2016postVFP_BDT.weights.xml[0m
                         : Creating standalone class: [0;36mBDT_2016postVFP/weights/BDT_2016postVFP_BDT.class.C[0m
                         : BDT_2016postVFP.root:/BDT_2016postVFP/Method_BDT/BDT
Factory                  : Training finished
                         : 
                         : Ranking input variables (method specific)...
BDT                      : Ranking result (top variable is best ranked)
                         : ----------------------------------------------------------------------------------------------------------------------------------------------------
                         : Rank : Variable                                                                                                           : Variable Importance
                         : ----------------------------------------------------------------------------------------------------------------------------------------------------
                         :    1 : bjet_charge*belectron_charge<-0.4?-0.4:bjet_charge*belectron_charge>0.2?0.2:bjet_charge*belectron_charge           : 1.908e-01
                         :    2 : belectron_ptwrtbjet<0.5?0.5:belectron_ptwrtbjet>3.?3.:belectron_ptwrtbjet                                          : 8.575e-02
                         :    3 : belectron_nsip3d>10.?10.:belectron_nsip3d                                                                          : 8.316e-02
                         :    4 : log10(1.+belectron_reliso)>1.?1.:log10(1.+belectron_reliso)                                                        : 8.259e-02
                         :    5 : bjet_ChargedHadronEnergyFraction<0.3?0.3:bjet_ChargedHadronEnergyFraction>0.8?0.8:bjet_ChargedHadronEnergyFraction : 7.310e-02
                         :    6 : fabs(bjet_charge)>0.35?0.35:fabs(bjet_charge)                                                                      : 6.926e-02
                         :    7 : bjet_ChargedEmEnergyFraction>0.2?0.2:bjet_ChargedEmEnergyFraction                                                  : 6.851e-02
                         :    8 : belectron_P_jetrest>2.?2.:belectron_P_jetrest                                                                      : 6.640e-02
                         :    9 : bjet_NeutralMultiplicity                                                                                           : 6.613e-02
                         :   10 : bjet_NeutralEmEnergyFraction<0.15?0.15:bjet_NeutralEmEnergyFraction>0.6?0.6:bjet_NeutralEmEnergyFraction           : 6.376e-02
                         :   11 : belectron_dR_l_j<0.13?0.13:belectron_dR_l_j                                                                        : 5.332e-02
                         :   12 : belectron_palongjetratio>0.2?0.2:belectron_palongjetratio                                                          : 5.150e-02
                         :   13 : belectron_palongjet>15.?15.:belectron_palongjet                                                                    : 4.579e-02
                         : ----------------------------------------------------------------------------------------------------------------------------------------------------
Factory                  : === Destroy and recreate all methods via weight files for testing ===
                         : 
                         : Reading weight file: [0;36mBDT_2016postVFP/weights/BDT_2016postVFP_BDT.weights.xml[0m
Factory                  : [1mTest all methods[0m
Factory                  : Test method: BDT for Classification performance
                         : 
BDT                      : [BDT_2016postVFP] : Evaluation of BDT on testing sample (44813 events)
                         : Elapsed time for evaluation of 44813 events: 3.85 sec       
Factory                  : [1mEvaluate all methods[0m
Factory                  : Evaluate classifier: BDT
                         : 
TFHandler_BDT            :                                                                                                           Variable                                                                                                                  Mean                                                                                                                  RMS                                                                                                          [        Min                                                                                                                  Max ]
                         : -------------------------------------------------------------------------------------------------------------------------------------------------------------------------------------------------------------------------------------------------------------------------------------------------------------------------------------------------------------------------------------------------------------------------------------------------------------------------------------------------------------------------------------------------------------------------------------------------------------
                         :                                                                        belectron_dR_l_j<0.13?0.13:belectron_dR_l_j:                                                                                                             -2.1615                                                                                                              1.0695   [                                                                                                             -2.5994                                                                                                              5.7307 ]
                         :                                                                          belectron_nsip3d>10.?10.:belectron_nsip3d:                                                                                                              1.0982                                                                                                              2.3482   [                                                                                                             -3.2272                                                                                                              5.4200 ]
                         :                                                                      belectron_P_jetrest>2.?2.:belectron_P_jetrest:                                                                                                              1.2014                                                                                                              2.3861   [                                                                                                             -2.9269                                                                                                              5.4200 ]
                         :                                                                    belectron_palongjet>15.?15.:belectron_palongjet:                                                                                                              3.7160                                                                                                              2.7928   [                                                                                                             -2.8785                                                                                                              5.7307 ]
                         :                                                          belectron_palongjetratio>0.2?0.2:belectron_palongjetratio:                                                                                                              3.4961                                                                                                              2.8681   [                                                                                                             -2.9969                                                                                                              5.7307 ]
                         :                                          belectron_ptwrtbjet<0.5?0.5:belectron_ptwrtbjet>3.?3.:belectron_ptwrtbjet:                                                                                                            -0.49468                                                                                                              1.7616   [                                                                                                             -2.9890                                                                                                              5.4200 ]
                         :                                                        log10(1.+belectron_reliso)>1.?1.:log10(1.+belectron_reliso):                                                                                                             0.11653                                                                                                              1.3689   [                                                                                                             -3.3123                                                                                                              5.7307 ]
                         :                                                  bjet_ChargedEmEnergyFraction>0.2?0.2:bjet_ChargedEmEnergyFraction:                                                                                                              1.3072                                                                                                              3.8780   [                                                                                                             -2.9897                                                                                                              5.7307 ]
                         : bjet_ChargedHadronEnergyFraction<0.3?0.3:bjet_ChargedHadronEnergyFraction>0.8?0.8:bjet_ChargedHadronEnergyFraction:                                                                                                            -0.39971                                                                                                              2.0297   [                                                                                                             -3.0190                                                                                                              5.7307 ]
                         :           bjet_NeutralEmEnergyFraction<0.15?0.15:bjet_NeutralEmEnergyFraction>0.6?0.6:bjet_NeutralEmEnergyFraction:                                                                                                             -1.0328                                                                                                              1.9442   [                                                                                                             -3.0537                                                                                                              5.7307 ]
                         :                                                                                           bjet_NeutralMultiplicity:                                                                                                            0.014268                                                                                                              1.0120   [                                                                                                             -5.1471                                                                                                              5.7307 ]
                         :           bjet_charge*belectron_charge<-0.4?-0.4:bjet_charge*belectron_charge>0.2?0.2:bjet_charge*belectron_charge:                                                                                                              2.6653                                                                                                              3.0971   [                                                                                                             -3.0419                                                                                                              5.7307 ]
                         :                                                                      fabs(bjet_charge)>0.35?0.35:fabs(bjet_charge):                                                                                                              2.0960                                                                                                              2.8700   [                                                                                                             -3.1319                                                                                                              5.7307 ]
                         : -------------------------------------------------------------------------------------------------------------------------------------------------------------------------------------------------------------------------------------------------------------------------------------------------------------------------------------------------------------------------------------------------------------------------------------------------------------------------------------------------------------------------------------------------------------------------------------------------------------
BDT                      : [BDT_2016postVFP] : Loop over test events and fill histograms with classifier response...
                         : 
TFHandler_BDT            :                                                                                                           Variable                                                                                                                  Mean                                                                                                                  RMS                                                                                                          [        Min                                                                                                                  Max ]
                         : -------------------------------------------------------------------------------------------------------------------------------------------------------------------------------------------------------------------------------------------------------------------------------------------------------------------------------------------------------------------------------------------------------------------------------------------------------------------------------------------------------------------------------------------------------------------------------------------------------------
                         :                                                                        belectron_dR_l_j<0.13?0.13:belectron_dR_l_j:                                                                                                             -2.1615                                                                                                              1.0695   [                                                                                                             -2.5994                                                                                                              5.7307 ]
                         :                                                                          belectron_nsip3d>10.?10.:belectron_nsip3d:                                                                                                              1.0982                                                                                                              2.3482   [                                                                                                             -3.2272                                                                                                              5.4200 ]
                         :                                                                      belectron_P_jetrest>2.?2.:belectron_P_jetrest:                                                                                                              1.2014                                                                                                              2.3861   [                                                                                                             -2.9269                                                                                                              5.4200 ]
                         :                                                                    belectron_palongjet>15.?15.:belectron_palongjet:                                                                                                              3.7160                                                                                                              2.7928   [                                                                                                             -2.8785                                                                                                              5.7307 ]
                         :                                                          belectron_palongjetratio>0.2?0.2:belectron_palongjetratio:                                                                                                              3.4961                                                                                                              2.8681   [                                                                                                             -2.9969                                                                                                              5.7307 ]
                         :                                          belectron_ptwrtbjet<0.5?0.5:belectron_ptwrtbjet>3.?3.:belectron_ptwrtbjet:                                                                                                            -0.49468                                                                                                              1.7616   [                                                                                                             -2.9890                                                                                                              5.4200 ]
                         :                                                        log10(1.+belectron_reliso)>1.?1.:log10(1.+belectron_reliso):                                                                                                             0.11653                                                                                                              1.3689   [                                                                                                             -3.3123                                                                                                              5.7307 ]
                         :                                                  bjet_ChargedEmEnergyFraction>0.2?0.2:bjet_ChargedEmEnergyFraction:                                                                                                              1.3072                                                                                                              3.8780   [                                                                                                             -2.9897                                                                                                              5.7307 ]
                         : bjet_ChargedHadronEnergyFraction<0.3?0.3:bjet_ChargedHadronEnergyFraction>0.8?0.8:bjet_ChargedHadronEnergyFraction:                                                                                                            -0.39971                                                                                                              2.0297   [                                                                                                             -3.0190                                                                                                              5.7307 ]
                         :           bjet_NeutralEmEnergyFraction<0.15?0.15:bjet_NeutralEmEnergyFraction>0.6?0.6:bjet_NeutralEmEnergyFraction:                                                                                                             -1.0328                                                                                                              1.9442   [                                                                                                             -3.0537                                                                                                              5.7307 ]
                         :                                                                                           bjet_NeutralMultiplicity:                                                                                                            0.014268                                                                                                              1.0120   [                                                                                                             -5.1471                                                                                                              5.7307 ]
                         :           bjet_charge*belectron_charge<-0.4?-0.4:bjet_charge*belectron_charge>0.2?0.2:bjet_charge*belectron_charge:                                                                                                              2.6653                                                                                                              3.0971   [                                                                                                             -3.0419                                                                                                              5.7307 ]
                         :                                                                      fabs(bjet_charge)>0.35?0.35:fabs(bjet_charge):                                                                                                              2.0960                                                                                                              2.8700   [                                                                                                             -3.1319                                                                                                              5.7307 ]
                         : -------------------------------------------------------------------------------------------------------------------------------------------------------------------------------------------------------------------------------------------------------------------------------------------------------------------------------------------------------------------------------------------------------------------------------------------------------------------------------------------------------------------------------------------------------------------------------------------------------------
                         : 
                         : Evaluation results ranked by best signal efficiency and purity (area)
                         : -------------------------------------------------------------------------------------------------------------------
                         : DataSet       MVA                       
                         : Name:         Method:          ROC-integ
                         : BDT_2016postVFP BDT            : 0.704
                         : -------------------------------------------------------------------------------------------------------------------
                         : 
                         : Testing efficiency compared to training efficiency (overtraining check)
                         : -------------------------------------------------------------------------------------------------------------------
                         : DataSet              MVA              Signal efficiency: from test sample (from training sample) 
                         : Name:                Method:          @B=0.01             @B=0.10            @B=0.30   
                         : -------------------------------------------------------------------------------------------------------------------
                         : BDT_2016postVFP      BDT            : 0.062 (0.061)       0.300 (0.332)      0.597 (0.610)
                         : -------------------------------------------------------------------------------------------------------------------
                         : 
Dataset:BDT_2016postVFP  : Created tree 'TestTree' with 44813 events
                         : 
Dataset:BDT_2016postVFP  : Created tree 'TrainTree' with 35756 events
                         : 
Factory                  : [1mThank you for using TMVA![0m
                         : [1mFor citation information, please visit: http://tmva.sf.net/citeTMVA.html[0m
['bmuon_dR_l_j', 'bmuon_nsip3d > 10. ? 10. : bmuon_nsip3d', 'bmuon_P_jetrest > 2.5 ? 2.5 : bmuon_P_jetrest', 'bmuon_palongjet > 10. ? 10. : bmuon_palongjet', 'bmuon_palongjetratio > 0.4 ? 0.4 : bmuon_palongjetratio', 'bmuon_ptwrtbjet > 3. ? 3. : bmuon_ptwrtbjet', 'log10(1.+bmuon_reliso) > 1.2 ? 1.2 : log10(1.+bmuon_reliso)', 'bjet_ChargedHadronEnergyFraction < 0.1 ? 0.1 : bjet_ChargedHadronEnergyFraction > 0.9 ? 0.9 : bjet_ChargedHadronEnergyFraction', 'bjet_MuonEnergyFraction < 0.2 ? 0.2 : bjet_MuonEnergyFraction > 0.5 ? 0.5 : bjet_MuonEnergyFraction', 'bjet_NeutralEmEnergyFraction > 0.5 ? 0.5 : bjet_NeutralEmEnergyFraction', 'bjet_NeutralHadronEnergyFraction > 0.3 ? 0.3 : bjet_NeutralHadronEnergyFraction', 'bjet_NeutralMultiplicity > 25 ? 25 : bjet_NeutralMultiplicity', 'bjet_charge*bmuon_charge < -0.4 ? -0.4 : bjet_charge*bmuon_charge', 'fabs(bjet_charge) > 0.6 ? 0.6 : fabs(bjet_charge)'] ['belectron_dR_l_j < 0.13 ? 0.13 : belectron_dR_l_j', 'belectron_nsip3d > 10. ? 10. : belectron_nsip3d', 'belectron_P_jetrest > 2. ? 2. : belectron_P_jetrest', 'belectron_palongjet > 15.? 15. : belectron_palongjet', 'belectron_palongjetratio > 0.2 ? 0.2 : belectron_palongjetratio', 'belectron_ptwrtbjet < 0.5 ? 0.5 : belectron_ptwrtbjet > 3. ? 3. : belectron_ptwrtbjet', 'log10(1.+belectron_reliso) > 1. ? 1. : log10(1.+belectron_reliso)', 'bjet_ChargedEmEnergyFraction > 0.2 ? 0.2 : bjet_ChargedEmEnergyFraction', 'bjet_ChargedHadronEnergyFraction < 0.3 ? 0.3 : bjet_ChargedHadronEnergyFraction > 0.8 ? 0.8 : bjet_ChargedHadronEnergyFraction', 'bjet_NeutralEmEnergyFraction < 0.15 ? 0.15 : bjet_NeutralEmEnergyFraction > 0.6 ? 0.6 : bjet_NeutralEmEnergyFraction', 'bjet_NeutralMultiplicity', 'bjet_charge*belectron_charge < -0.4 ? -0.4 : bjet_charge*belectron_charge > 0.2 ? 0.2 : bjet_charge*belectron_charge', 'fabs(bjet_charge) > 0.35 ? 0.35 : fabs(bjet_charge)'] ['bjet_ChargedHadronEnergyFraction < 0.2 ? 0.2 : bjet_ChargedHadronEnergyFraction', 'bjet_NeutralEmEnergyFraction > 0.7 ? 0.7 : bjet_NeutralEmEnergyFraction', 'bjet_NeutralHadronEnergyFraction > 0.4 ? 0.4 : bjet_NeutralHadronEnergyFraction', 'bjet_NeutralMultiplicity > 30 ? 30 : bjet_NeutralMultiplicity < 5 ? 5 : bjet_NeutralMultiplicity', 'fabs(bjet_charge)']
(bmuon_charge*bjet_partonFlavour < 0)&&Has_bMuon (bmuon_charge*bjet_partonFlavour > 0)&&Has_bMuon (belectron_charge*bjet_partonFlavour < 0)&&(Has_bElectron) (belectron_charge*bjet_partonFlavour > 0)&&(Has_bElectron) (bjet_charge*bjet_partonFlavour < 0)&&(!Has_bElectron)&&(!Has_bMuon) (bjet_charge*bjet_partonFlavour > 0)&&(!Has_bElectron)&&(!Has_bMuon)
sigcut= (belectron_charge*bjet_partonFlavour < 0)&&(Has_bElectron)
bkgcut= (belectron_charge*bjet_partonFlavour > 0)&&(Has_bElectron)
<sig cut>= (belectron_charge*bjet_partonFlavour < 0)&&(Has_bElectron)
<bkg cut>= (belectron_charge*bjet_partonFlavour > 0)&&(Has_bElectron)
---sig_test---
<self.testtree_sig> OutTree/sig
/data9/Users/jhchoi/Generate_BDT_Model/TMVA_TOOL/inputs/EEMu_MuMuE_Method/v2608.2/2016postVFP/EEMu_MuMuE_Method_DYJetsToEE_MiNNLO.root
/data9/Users/jhchoi/Generate_BDT_Model/TMVA_TOOL/inputs/EEMu_MuMuE_Method/v2608.2/2016postVFP/EEMu_MuMuE_Method_DYJetsToMuMu_MiNNLO.root
--bkg_test---
<self.testtree_bkg> OutTree/bkg
/data9/Users/jhchoi/Generate_BDT_Model/TMVA_TOOL/inputs/EEMu_MuMuE_Method/v2608.2/2016postVFP/EEMu_MuMuE_Method_DYJetsToEE_MiNNLO.root
/data9/Users/jhchoi/Generate_BDT_Model/TMVA_TOOL/inputs/EEMu_MuMuE_Method/v2608.2/2016postVFP/EEMu_MuMuE_Method_DYJetsToMuMu_MiNNLO.root
---sig_train---
<self.traintree_sig> OutTree/sig
/data9/Users/jhchoi/Generate_BDT_Model/TMVA_TOOL/inputs/EEMu_MuMuE_Method/v2608.2/2016postVFP/EEMu_MuMuE_Method_DYJets.root
---bkg_train---
<self.traintree_bkg> OutTree/bkg
/data9/Users/jhchoi/Generate_BDT_Model/TMVA_TOOL/inputs/EEMu_MuMuE_Method/v2608.2/2016postVFP/EEMu_MuMuE_Method_DYJets.root
>>>>self.dataloader.PrepareTrainingAndTestTree
Set sig cut -> (belectron_charge*bjet_partonFlavour < 0)&&(Has_bElectron)
Set bkg cut -> (belectron_charge*bjet_partonFlavour > 0)&&(Has_bElectron)
----AUC and Efficiency----
auc= 0.7042025463210984
BDT_2016postVFP BDT
B = 0.005 : 0.0370 (0.0310)
B = 0.010 : 0.0620 (0.0610)
B = 0.015 : 0.0770 (0.0870)
B = 0.020 : 0.0990 (0.1030)
B = 0.025 : 0.1180 (0.1280)
B = 0.030 : 0.1350 (0.1590)
B = 0.035 : 0.1500 (0.1840)
B = 0.040 : 0.1650 (0.2040)
B = 0.045 : 0.1770 (0.2200)
B = 0.050 : 0.1880 (0.2300)
B = 0.100 : 0.3000 (0.3320)
B = 0.200 : 0.4720 (0.4940)
B = 0.300 : 0.5970 (0.6100)
B = 0.400 : 0.6950 (0.7030)
B = 0.500 : 0.7770 (0.7870)
B = 0.600 : 0.8420 (0.8450)
END of RUNNING...run_single
myerr=0
[ntry=1]
