DataSetInfo              : [BDT_2017] : Added class "Signal"
                         : Add Tree OutTree/sig of type Signal with 899247 events
                         : Add Tree OutTree/sig of type Signal with 1198764 events
DataSetInfo              : [BDT_2017] : Added class "Background"
                         : Add Tree OutTree/bkg of type Background with 544122 events
                         : Add Tree OutTree/bkg of type Background with 714953 events
Factory                  : Booking method: [1mBDT[0m
                         : 
                         : Parsing option string: 
                         : ... "!H:V:NTrees=3000:MinNodeSize=0.5%:MaxDepth=6:Shrinkage=0.001:BoostType=Grad:AdaBoostBeta=:UseBaggedBoost=True:BaggedSampleFraction=0.4:SeparationType=CrossEntropy:nCuts=40:IgnoreNegWeightsInTraining=True:VarTransform=G"
                         : The following options are set:
                         : - By User:
                         :     <none>
                         : - Default:
                         :     Boost_num: "0" [Number of times the classifier will be boosted]
                         : Parsing option string: 
                         : ... "!H:V:NTrees=3000:MinNodeSize=0.5%:MaxDepth=6:Shrinkage=0.001:BoostType=Grad:AdaBoostBeta=:UseBaggedBoost=True:BaggedSampleFraction=0.4:SeparationType=CrossEntropy:nCuts=40:IgnoreNegWeightsInTraining=True:VarTransform=G"
                         : The following options are set:
                         : - By User:
                         :     V: "True" [Verbose output (short form of "VerbosityLevel" below - overrides the latter one)]
                         :     VarTransform: "G" [List of variable transformations performed before training, e.g., "D_Background,P_Signal,G,N_AllClasses" for: "Decorrelation, PCA-transformation, Gaussianisation, Normalisation, each for the given class of events ('AllClasses' denotes all events of all classes, if no class indication is given, 'All' is assumed)"]
                         :     H: "False" [Print method-specific help message]
                         :     IgnoreNegWeightsInTraining: "True" [Events with negative weights are ignored in the training (but are included for testing and performance evaluation)]
                         :     NTrees: "3000" [Number of trees in the forest]
                         :     MaxDepth: "6" [Max depth of the decision tree allowed]
                         :     MinNodeSize: "0.5%" [Minimum percentage of training events required in a leaf node (default: Classification: 5%, Regression: 0.2%)]
                         :     nCuts: "40" [Number of grid points in variable range used in finding optimal cut in node splitting]
                         :     BoostType: "Grad" [Boosting type for the trees in the forest (note: AdaCost is still experimental)]
                         :     UseBaggedBoost: "True" [Use only a random subsample of all events for growing the trees in each boost iteration.]
                         :     Shrinkage: "1.000000e-03" [Learning rate for BoostType=Grad algorithm]
                         :     AdaBoostBeta: "5.000000e-01" [Learning rate  for AdaBoost algorithm]
                         :     BaggedSampleFraction: "4.000000e-01" [Relative size of bagged event sample to original size of the data sample (used whenever bagging is used (i.e. UseBaggedBoost, Bagging,)]
                         :     SeparationType: "CrossEntropy" [Separation criterion for node splitting]
                         : - Default:
                         :     VerbosityLevel: "Default" [Verbosity level]
                         :     CreateMVAPdfs: "False" [Create PDFs for classifier outputs (signal and background)]
                         :     AdaBoostR2Loss: "Quadratic" [Type of Loss function in AdaBoostR2]
                         :     UseRandomisedTrees: "False" [Determine at each node splitting the cut variable only as the best out of a random subset of variables (like in RandomForests)]
                         :     UseNvars: "4" [Size of the subset of variables used with RandomisedTree option]
                         :     UsePoissonNvars: "True" [Interpret "UseNvars" not as fixed number but as mean of a Poisson distribution in each split with RandomisedTree option]
                         :     UseYesNoLeaf: "True" [Use Sig or Bkg categories, or the purity=S/(S+B) as classification of the leaf node -> Real-AdaBoost]
                         :     NegWeightTreatment: "InverseBoostNegWeights" [How to treat events with negative weights in the BDT training (particular the boosting) : IgnoreInTraining;  Boost With inverse boostweight; Pair events with negative and positive weights in training sample and *annihilate* them (experimental!)]
                         :     Css: "1.000000e+00" [AdaCost: cost of true signal selected signal]
                         :     Cts_sb: "1.000000e+00" [AdaCost: cost of true signal selected bkg]
                         :     Ctb_ss: "1.000000e+00" [AdaCost: cost of true bkg    selected signal]
                         :     Cbb: "1.000000e+00" [AdaCost: cost of true bkg    selected bkg ]
                         :     NodePurityLimit: "5.000000e-01" [In boosting/pruning, nodes with purity > NodePurityLimit are signal; background otherwise.]
                         :     RegressionLossFunctionBDTG: "Huber" [Loss function for BDTG regression.]
                         :     HuberQuantile: "7.000000e-01" [In the Huber loss function this is the quantile that separates the core from the tails in the residuals distribution.]
                         :     DoBoostMonitor: "False" [Create control plot with ROC integral vs tree number]
                         :     UseFisherCuts: "False" [Use multivariate splits using the Fisher criterion]
                         :     MinLinCorrForFisher: "8.000000e-01" [The minimum linear correlation between two variables demanded for use in Fisher criterion in node splitting]
                         :     UseExclusiveVars: "False" [Variables already used in fisher criterion are not anymore analysed individually for node splitting]
                         :     DoPreselection: "False" [and and apply automatic pre-selection for 100% efficient signal (bkg) cuts prior to training]
                         :     SigToBkgFraction: "1.000000e+00" [Sig to Bkg ratio used in Training (similar to NodePurityLimit, which cannot be used in real adaboost]
                         :     PruneMethod: "NoPruning" [Note: for BDTs use small trees (e.g.MaxDepth=3) and NoPruning:  Pruning: Method used for pruning (removal) of statistically insignificant branches ]
                         :     PruneStrength: "0.000000e+00" [Pruning strength]
                         :     PruningValFraction: "5.000000e-01" [Fraction of events to use for optimizing automatic pruning.]
                         :     SkipNormalization: "False" [Skip normalization at initialization, to keep expectation value of BDT output according to the fraction of events]
                         :     nEventsMin: "0" [deprecated: Use MinNodeSize (in % of training events) instead]
                         :     UseBaggedGrad: "False" [deprecated: Use *UseBaggedBoost* instead:  Use only a random subsample of all events for growing the trees in each iteration.]
                         :     GradBaggingFraction: "4.000000e-01" [deprecated: Use *BaggedSampleFraction* instead: Defines the fraction of events to be used in each iteration, e.g. when UseBaggedGrad=kTRUE. ]
                         :     UseNTrainEvents: "0" [deprecated: Use *BaggedSampleFraction* instead: Number of randomly picked training events used in randomised (and bagged) trees]
                         :     NNodesMax: "0" [deprecated: Use MaxDepth instead to limit the tree size]
BDT                      : [BDT_2017] : Create Transformation "G" with events from all classes.
                         : 
                         : Transformation, Variable selection : 
                         : Input : variable 'bmuon_dR_l_j' <---> Output : variable 'bmuon_dR_l_j'
                         : Input : variable 'bmuon_nsip3d>10.?10.:bmuon_nsip3d' <---> Output : variable 'bmuon_nsip3d>10.?10.:bmuon_nsip3d'
                         : Input : variable 'bmuon_P_jetrest<1.?1.:bmuon_P_jetrest>4.?4.:bmuon_P_jetrest' <---> Output : variable 'bmuon_P_jetrest<1.?1.:bmuon_P_jetrest>4.?4.:bmuon_P_jetrest'
                         : Input : variable 'bmuon_palongjet>10.?10.:bmuon_palongjet' <---> Output : variable 'bmuon_palongjet>10.?10.:bmuon_palongjet'
                         : Input : variable 'bmuon_palongjetratio>0.4?0.4:bmuon_palongjetratio' <---> Output : variable 'bmuon_palongjetratio>0.4?0.4:bmuon_palongjetratio'
                         : Input : variable 'bmuon_ptwrtbjet>3.?3.:bmuon_ptwrtbjet' <---> Output : variable 'bmuon_ptwrtbjet>3.?3.:bmuon_ptwrtbjet'
                         : Input : variable 'log10(1.+bmuon_reliso)>1.2?1.2:log10(1.+bmuon_reliso)' <---> Output : variable 'log10(1.+bmuon_reliso)>1.2?1.2:log10(1.+bmuon_reliso)'
                         : Input : variable 'bjet_ChargedHadronEnergyFraction<0.2?0.2:bjet_ChargedHadronEnergyFraction>0.9?0.9:bjet_ChargedHadronEnergyFraction' <---> Output : variable 'bjet_ChargedHadronEnergyFraction<0.2?0.2:bjet_ChargedHadronEnergyFraction>0.9?0.9:bjet_ChargedHadronEnergyFraction'
                         : Input : variable 'bjet_MuonEnergyFraction<0.2?0.2:bjet_MuonEnergyFraction>0.4?0.4:bjet_MuonEnergyFraction' <---> Output : variable 'bjet_MuonEnergyFraction<0.2?0.2:bjet_MuonEnergyFraction>0.4?0.4:bjet_MuonEnergyFraction'
                         : Input : variable 'bjet_NeutralEmEnergyFraction>0.5?0.5:bjet_NeutralEmEnergyFraction' <---> Output : variable 'bjet_NeutralEmEnergyFraction>0.5?0.5:bjet_NeutralEmEnergyFraction'
                         : Input : variable 'bjet_NeutralHadronEnergyFraction<0.1?0.1:bjet_NeutralHadronEnergyFraction>0.3?0.3:bjet_NeutralHadronEnergyFraction' <---> Output : variable 'bjet_NeutralHadronEnergyFraction<0.1?0.1:bjet_NeutralHadronEnergyFraction>0.3?0.3:bjet_NeutralHadronEnergyFraction'
                         : Input : variable 'bjet_NeutralMultiplicity>25?25:bjet_NeutralMultiplicity' <---> Output : variable 'bjet_NeutralMultiplicity>25?25:bjet_NeutralMultiplicity'
                         : Input : variable 'bjet_charge*bmuon_charge<-0.3?-0.3:bjet_charge*bmuon_charge>0.5?0.5:bjet_charge*bmuon_charge' <---> Output : variable 'bjet_charge*bmuon_charge<-0.3?-0.3:bjet_charge*bmuon_charge>0.5?0.5:bjet_charge*bmuon_charge'
                         : Input : variable 'fabs(bjet_charge)>0.5?0.5:fabs(bjet_charge)' <---> Output : variable 'fabs(bjet_charge)>0.5?0.5:fabs(bjet_charge)'
                         : the option NegWeightTreatment=InverseBoostNegWeights does not exist for BoostType=Grad
                         : --> change to new default NegWeightTreatment=Pray
                         : Rebuilding Dataset BDT_2017
                         : Building event vectors for type 1 Signal
                         : Dataset[BDT_2017] :  create input formulas for tree sig
                         : Dataset[BDT_2017] :  create input formulas for tree sig
                         : Dataset[BDT_2017] :  create input formulas for tree sig
                         : Building event vectors for type 0 Signal
                         : Dataset[BDT_2017] :  create input formulas for tree sig
                         : Dataset[BDT_2017] :  create input formulas for tree sig
                         : Building event vectors for type 1 Background
                         : Dataset[BDT_2017] :  create input formulas for tree bkg
                         : Dataset[BDT_2017] :  create input formulas for tree bkg
                         : Dataset[BDT_2017] :  create input formulas for tree bkg
                         : Building event vectors for type 0 Background
                         : Dataset[BDT_2017] :  create input formulas for tree bkg
                         : Dataset[BDT_2017] :  create input formulas for tree bkg
DataSetFactory           : [BDT_2017] : Number of events in input trees
                         : Dataset[BDT_2017] :     Signal     requirement: "(bmuon_charge*bjet_partonFlavour < 0)&&Has_bMuon"
                         : Dataset[BDT_2017] :     Signal          -- number of events passed: 119179  / sum of weights: 61002.2
                         : Dataset[BDT_2017] :     Signal          -- efficiency             : 0.0479558
                         : Dataset[BDT_2017] :     Background requirement: "(bmuon_charge*bjet_partonFlavour > 0)&&Has_bMuon"
                         : Dataset[BDT_2017] :     Background      -- number of events passed: 61253  / sum of weights: 31956.2
                         : Dataset[BDT_2017] :     Background      -- efficiency             : 0.0417183
                         : Dataset[BDT_2017] :  you have opted for interpreting the requested number of training/testing events
                         :  to be the number of events AFTER your preselection cuts
                         : 
                         : Dataset[BDT_2017] :  you have opted for interpreting the requested number of training/testing events
                         :  to be the number of events AFTER your preselection cuts
                         : 
                         : Dataset[BDT_2017] : Weight renormalisation mode: "EqualNumEvents": renormalises all event classes ...
                         : Dataset[BDT_2017] :  such that the effective (weighted) number of events in each class is the same 
                         : Dataset[BDT_2017] :  (and equals the number of events (entries) given for class=0 )
                         : Dataset[BDT_2017] : ... i.e. such that Sum[i=1..N_j]{w_i} = N_classA, j=classA, classB, ...
                         : Dataset[BDT_2017] : ... (note that N_j is the sum of TRAINING events
                         : Dataset[BDT_2017] :  ..... Testing events are not renormalised nor included in the renormalisation factor!)
                         : Number of training and testing events
                         : ---------------------------------------------------------------------------
                         : Signal     -- training events            : 48854
                         : Signal     -- testing events             : 70325
                         : Signal     -- training and testing events: 119179
                         : Dataset[BDT_2017] : Signal     -- due to the preselection a scaling factor has been applied to the numbers of requested events: 0.0568057
                         : Background -- training events            : 25135
                         : Background -- testing events             : 36118
                         : Background -- training and testing events: 61253
                         : Dataset[BDT_2017] : Background -- due to the preselection a scaling factor has been applied to the numbers of requested events: 0.0486492
                         : 
DataSetInfo              : Correlation matrix (Signal):
                         : -----------------------------------------------------------------------------------------------------------------------------------------------------------------------------------------------------------------------------------------------------------------------------------------------------------------------------------------------------------------------------------------------------------------------------------------------------------------------------------------------------------------------------------------------------------------------------------------------------------------------------------------------------------------------------------------------------------------------------------------------------------------------------------------------------------------------------------------------------------------------------------------------------------------------------------------------------------------------------------------------------------------------------------
                         :                                                                                                                     bmuon_dR_l_j bmuon_nsip3d_10._10.:bmuon_nsip3d bmuon_P_jetrest_1._1.:bmuon_P_jetrest_4._4.:bmuon_P_jetrest bmuon_palongjet_10._10.:bmuon_palongjet bmuon_palongjetratio_0.4_0.4:bmuon_palongjetratio bmuon_ptwrtbjet_3._3.:bmuon_ptwrtbjet log10_1._P_bmuon_reliso__1.2_1.2:log10_1._P_bmuon_reliso_ bjet_ChargedHadronEnergyFraction_0.2_0.2:bjet_ChargedHadronEnergyFraction_0.9_0.9:bjet_ChargedHadronEnergyFraction bjet_MuonEnergyFraction_0.2_0.2:bjet_MuonEnergyFraction_0.4_0.4:bjet_MuonEnergyFraction bjet_NeutralEmEnergyFraction_0.5_0.5:bjet_NeutralEmEnergyFraction bjet_NeutralHadronEnergyFraction_0.1_0.1:bjet_NeutralHadronEnergyFraction_0.3_0.3:bjet_NeutralHadronEnergyFraction bjet_NeutralMultiplicity_25_25:bjet_NeutralMultiplicity bjet_charge_T_bmuon_charge__M_0.3__M_0.3:bjet_charge_T_bmuon_charge_0.5_0.5:bjet_charge_T_bmuon_charge fabs_bjet_charge__0.5_0.5:fabs_bjet_charge_
                         :                                                                                                       bmuon_dR_l_j:       +1.000                            +0.177                                                      -0.033                                  -0.251                                            -0.398                                +0.539                                                    +0.235                                                                                                             +0.177                                                                                  -0.392                                                            +0.061                                                                                                             +0.106                                                  -0.018                                                                                                 -0.227                                      -0.219
                         :                                                                                  bmuon_nsip3d_10._10.:bmuon_nsip3d:       +0.177                            +1.000                                                      -0.090                                  -0.039                                            -0.175                                +0.070                                                    +0.100                                                                                                             +0.054                                                                                  -0.173                                                            +0.089                                                                                                             +0.038                                                  +0.055                                                                                                 -0.113                                      -0.097
                         :                                                        bmuon_P_jetrest_1._1.:bmuon_P_jetrest_4._4.:bmuon_P_jetrest:       -0.033                            -0.090                                                      +1.000                                  +0.258                                            +0.571                                +0.662                                                    -0.494                                                                                                             -0.321                                                                                  +0.543                                                            -0.205                                                                                                             -0.098                                                  +0.037                                                                                                 +0.334                                      +0.325
                         :                                                                            bmuon_palongjet_10._10.:bmuon_palongjet:       -0.251                            -0.039                                                      +0.258                                  +1.000                                            +0.382                                +0.157                                                    -0.380                                                                                                             -0.184                                                                                  +0.323                                                            -0.136                                                                                                             -0.018                                                  -0.078                                                                                                 +0.227                                      +0.165
                         :                                                                  bmuon_palongjetratio_0.4_0.4:bmuon_palongjetratio:       -0.398                            -0.175                                                      +0.571                                  +0.382                                            +1.000                                +0.230                                                    -0.839                                                                                                             -0.471                                                                                  +0.907                                                            -0.292                                                                                                             -0.155                                                  -0.228                                                                                                 +0.523                                      +0.460
                         :                                                                              bmuon_ptwrtbjet_3._3.:bmuon_ptwrtbjet:       +0.539                            +0.070                                                      +0.662                                  +0.157                                            +0.230                                +1.000                                                    -0.237                                                                                                             -0.133                                                                                  +0.185                                                            -0.097                                                                                                             -0.007                                                  -0.012                                                                                                 +0.134                                      +0.103
                         :                                                          log10_1._P_bmuon_reliso__1.2_1.2:log10_1._P_bmuon_reliso_:       +0.235                            +0.100                                                      -0.494                                  -0.380                                            -0.839                                -0.237                                                    +1.000                                                                                                             +0.430                                                                                  -0.728                                                            +0.353                                                                                                             +0.133                                                  +0.292                                                                                                 -0.415                                      -0.364
                         : bjet_ChargedHadronEnergyFraction_0.2_0.2:bjet_ChargedHadronEnergyFraction_0.9_0.9:bjet_ChargedHadronEnergyFraction:       +0.177                            +0.054                                                      -0.321                                  -0.184                                            -0.471                                -0.133                                                    +0.430                                                                                                             +1.000                                                                                  -0.517                                                            -0.281                                                                                                             -0.263                                                  -0.143                                                                                                 -0.337                                      -0.350
                         :                            bjet_MuonEnergyFraction_0.2_0.2:bjet_MuonEnergyFraction_0.4_0.4:bjet_MuonEnergyFraction:       -0.392                            -0.173                                                      +0.543                                  +0.323                                            +0.907                                +0.185                                                    -0.728                                                                                                             -0.517                                                                                  +1.000                                                            -0.306                                                                                                             -0.154                                                  -0.225                                                                                                 +0.494                                      +0.467
                         :                                                  bjet_NeutralEmEnergyFraction_0.5_0.5:bjet_NeutralEmEnergyFraction:       +0.061                            +0.089                                                      -0.205                                  -0.136                                            -0.292                                -0.097                                                    +0.353                                                                                                             -0.281                                                                                  -0.306                                                            +1.000                                                                                                             -0.053                                                  +0.464                                                                                                 -0.075                                      -0.082
                         : bjet_NeutralHadronEnergyFraction_0.1_0.1:bjet_NeutralHadronEnergyFraction_0.3_0.3:bjet_NeutralHadronEnergyFraction:       +0.106                            +0.038                                                      -0.098                                  -0.018                                            -0.155                                -0.007                                                    +0.133                                                                                                             -0.263                                                                                  -0.154                                                            -0.053                                                                                                             +1.000                                                  +0.124                                                                                                 -0.022                                      -0.031
                         :                                                            bjet_NeutralMultiplicity_25_25:bjet_NeutralMultiplicity:       -0.018                            +0.055                                                      +0.037                                  -0.078                                            -0.228                                -0.012                                                    +0.292                                                                                                             -0.143                                                                                  -0.225                                                            +0.464                                                                                                             +0.124                                                  +1.000                                                                                                 -0.055                                      -0.050
                         :             bjet_charge_T_bmuon_charge__M_0.3__M_0.3:bjet_charge_T_bmuon_charge_0.5_0.5:bjet_charge_T_bmuon_charge:       -0.227                            -0.113                                                      +0.334                                  +0.227                                            +0.523                                +0.134                                                    -0.415                                                                                                             -0.337                                                                                  +0.494                                                            -0.075                                                                                                             -0.022                                                  -0.055                                                                                                 +1.000                                      +0.767
                         :                                                                        fabs_bjet_charge__0.5_0.5:fabs_bjet_charge_:       -0.219                            -0.097                                                      +0.325                                  +0.165                                            +0.460                                +0.103                                                    -0.364                                                                                                             -0.350                                                                                  +0.467                                                            -0.082                                                                                                             -0.031                                                  -0.050                                                                                                 +0.767                                      +1.000
                         : -----------------------------------------------------------------------------------------------------------------------------------------------------------------------------------------------------------------------------------------------------------------------------------------------------------------------------------------------------------------------------------------------------------------------------------------------------------------------------------------------------------------------------------------------------------------------------------------------------------------------------------------------------------------------------------------------------------------------------------------------------------------------------------------------------------------------------------------------------------------------------------------------------------------------------------------------------------------------------------------------------------------------------------
DataSetInfo              : Correlation matrix (Background):
                         : -----------------------------------------------------------------------------------------------------------------------------------------------------------------------------------------------------------------------------------------------------------------------------------------------------------------------------------------------------------------------------------------------------------------------------------------------------------------------------------------------------------------------------------------------------------------------------------------------------------------------------------------------------------------------------------------------------------------------------------------------------------------------------------------------------------------------------------------------------------------------------------------------------------------------------------------------------------------------------------------------------------------------------------
                         :                                                                                                                     bmuon_dR_l_j bmuon_nsip3d_10._10.:bmuon_nsip3d bmuon_P_jetrest_1._1.:bmuon_P_jetrest_4._4.:bmuon_P_jetrest bmuon_palongjet_10._10.:bmuon_palongjet bmuon_palongjetratio_0.4_0.4:bmuon_palongjetratio bmuon_ptwrtbjet_3._3.:bmuon_ptwrtbjet log10_1._P_bmuon_reliso__1.2_1.2:log10_1._P_bmuon_reliso_ bjet_ChargedHadronEnergyFraction_0.2_0.2:bjet_ChargedHadronEnergyFraction_0.9_0.9:bjet_ChargedHadronEnergyFraction bjet_MuonEnergyFraction_0.2_0.2:bjet_MuonEnergyFraction_0.4_0.4:bjet_MuonEnergyFraction bjet_NeutralEmEnergyFraction_0.5_0.5:bjet_NeutralEmEnergyFraction bjet_NeutralHadronEnergyFraction_0.1_0.1:bjet_NeutralHadronEnergyFraction_0.3_0.3:bjet_NeutralHadronEnergyFraction bjet_NeutralMultiplicity_25_25:bjet_NeutralMultiplicity bjet_charge_T_bmuon_charge__M_0.3__M_0.3:bjet_charge_T_bmuon_charge_0.5_0.5:bjet_charge_T_bmuon_charge fabs_bjet_charge__0.5_0.5:fabs_bjet_charge_
                         :                                                                                                       bmuon_dR_l_j:       +1.000                            +0.107                                                      +0.190                                  -0.182                                            -0.209                                +0.653                                                    +0.059                                                                                                             +0.033                                                                                  -0.183                                                            -0.016                                                                                                             +0.064                                                  -0.059                                                                                                 -0.060                                      -0.041
                         :                                                                                  bmuon_nsip3d_10._10.:bmuon_nsip3d:       +0.107                            +1.000                                                      +0.018                                  +0.002                                            -0.017                                +0.109                                                    -0.044                                                                                                             -0.071                                                                                  +0.009                                                            +0.000                                                                                                             +0.037                                                  -0.006                                                                                                 -0.014                                      +0.007
                         :                                                        bmuon_P_jetrest_1._1.:bmuon_P_jetrest_4._4.:bmuon_P_jetrest:       +0.190                            +0.018                                                      +1.000                                  +0.220                                            +0.545                                +0.744                                                    -0.438                                                                                                             -0.215                                                                                  +0.544                                                            -0.163                                                                                                             -0.081                                                  -0.006                                                                                                 +0.353                                      +0.231
                         :                                                                            bmuon_palongjet_10._10.:bmuon_palongjet:       -0.182                            +0.002                                                      +0.220                                  +1.000                                            +0.318                                +0.152                                                    -0.316                                                                                                             -0.072                                                                                  +0.246                                                            -0.128                                                                                                             -0.035                                                  -0.056                                                                                                 +0.188                                      +0.057
                         :                                                                  bmuon_palongjetratio_0.4_0.4:bmuon_palongjetratio:       -0.209                            -0.017                                                      +0.545                                  +0.318                                            +1.000                                +0.312                                                    -0.799                                                                                                             -0.332                                                                                  +0.856                                                            -0.240                                                                                                             -0.098                                                  -0.233                                                                                                 +0.506                                      +0.213
                         :                                                                              bmuon_ptwrtbjet_3._3.:bmuon_ptwrtbjet:       +0.653                            +0.109                                                      +0.744                                  +0.152                                            +0.312                                +1.000                                                    -0.303                                                                                                             -0.143                                                                                  +0.291                                                            -0.124                                                                                                             -0.026                                                  -0.063                                                                                                 +0.217                                      +0.121
                         :                                                          log10_1._P_bmuon_reliso__1.2_1.2:log10_1._P_bmuon_reliso_:       +0.059                            -0.044                                                      -0.438                                  -0.316                                            -0.799                                -0.303                                                    +1.000                                                                                                             +0.324                                                                                  -0.627                                                            +0.305                                                                                                             +0.098                                                  +0.296                                                                                                 -0.406                                      -0.151
                         : bjet_ChargedHadronEnergyFraction_0.2_0.2:bjet_ChargedHadronEnergyFraction_0.9_0.9:bjet_ChargedHadronEnergyFraction:       +0.033                            -0.071                                                      -0.215                                  -0.072                                            -0.332                                -0.143                                                    +0.324                                                                                                             +1.000                                                                                  -0.387                                                            -0.337                                                                                                             -0.316                                                  -0.133                                                                                                 -0.301                                      -0.197
                         :                            bjet_MuonEnergyFraction_0.2_0.2:bjet_MuonEnergyFraction_0.4_0.4:bjet_MuonEnergyFraction:       -0.183                            +0.009                                                      +0.544                                  +0.246                                            +0.856                                +0.291                                                    -0.627                                                                                                             -0.387                                                                                  +1.000                                                            -0.237                                                                                                             -0.110                                                  -0.214                                                                                                 +0.461                                      +0.281
                         :                                                  bjet_NeutralEmEnergyFraction_0.5_0.5:bjet_NeutralEmEnergyFraction:       -0.016                            +0.000                                                      -0.163                                  -0.128                                            -0.240                                -0.124                                                    +0.305                                                                                                             -0.337                                                                                  -0.237                                                            +1.000                                                                                                             -0.115                                                  +0.442                                                                                                 +0.001                                      -0.051
                         : bjet_NeutralHadronEnergyFraction_0.1_0.1:bjet_NeutralHadronEnergyFraction_0.3_0.3:bjet_NeutralHadronEnergyFraction:       +0.064                            +0.037                                                      -0.081                                  -0.035                                            -0.098                                -0.026                                                    +0.098                                                                                                             -0.316                                                                                  -0.110                                                            -0.115                                                                                                             +1.000                                                  +0.089                                                                                                 +0.031                                      -0.007
                         :                                                            bjet_NeutralMultiplicity_25_25:bjet_NeutralMultiplicity:       -0.059                            -0.006                                                      -0.006                                  -0.056                                            -0.233                                -0.063                                                    +0.296                                                                                                             -0.133                                                                                  -0.214                                                            +0.442                                                                                                             +0.089                                                  +1.000                                                                                                 -0.028                                      -0.004
                         :             bjet_charge_T_bmuon_charge__M_0.3__M_0.3:bjet_charge_T_bmuon_charge_0.5_0.5:bjet_charge_T_bmuon_charge:       -0.060                            -0.014                                                      +0.353                                  +0.188                                            +0.506                                +0.217                                                    -0.406                                                                                                             -0.301                                                                                  +0.461                                                            +0.001                                                                                                             +0.031                                                  -0.028                                                                                                 +1.000                                      +0.340
                         :                                                                        fabs_bjet_charge__0.5_0.5:fabs_bjet_charge_:       -0.041                            +0.007                                                      +0.231                                  +0.057                                            +0.213                                +0.121                                                    -0.151                                                                                                             -0.197                                                                                  +0.281                                                            -0.051                                                                                                             -0.007                                                  -0.004                                                                                                 +0.340                                      +1.000
                         : -----------------------------------------------------------------------------------------------------------------------------------------------------------------------------------------------------------------------------------------------------------------------------------------------------------------------------------------------------------------------------------------------------------------------------------------------------------------------------------------------------------------------------------------------------------------------------------------------------------------------------------------------------------------------------------------------------------------------------------------------------------------------------------------------------------------------------------------------------------------------------------------------------------------------------------------------------------------------------------------------------------------------------------
DataSetFactory           : [BDT_2017] :  
                         : 
Factory                  : [1mTrain all methods[0m
Factory                  : [BDT_2017] : Create Transformation "I" with events from all classes.
                         : 
                         : Transformation, Variable selection : 
                         : Input : variable 'bmuon_dR_l_j' <---> Output : variable 'bmuon_dR_l_j'
                         : Input : variable 'bmuon_nsip3d>10.?10.:bmuon_nsip3d' <---> Output : variable 'bmuon_nsip3d>10.?10.:bmuon_nsip3d'
                         : Input : variable 'bmuon_P_jetrest<1.?1.:bmuon_P_jetrest>4.?4.:bmuon_P_jetrest' <---> Output : variable 'bmuon_P_jetrest<1.?1.:bmuon_P_jetrest>4.?4.:bmuon_P_jetrest'
                         : Input : variable 'bmuon_palongjet>10.?10.:bmuon_palongjet' <---> Output : variable 'bmuon_palongjet>10.?10.:bmuon_palongjet'
                         : Input : variable 'bmuon_palongjetratio>0.4?0.4:bmuon_palongjetratio' <---> Output : variable 'bmuon_palongjetratio>0.4?0.4:bmuon_palongjetratio'
                         : Input : variable 'bmuon_ptwrtbjet>3.?3.:bmuon_ptwrtbjet' <---> Output : variable 'bmuon_ptwrtbjet>3.?3.:bmuon_ptwrtbjet'
                         : Input : variable 'log10(1.+bmuon_reliso)>1.2?1.2:log10(1.+bmuon_reliso)' <---> Output : variable 'log10(1.+bmuon_reliso)>1.2?1.2:log10(1.+bmuon_reliso)'
                         : Input : variable 'bjet_ChargedHadronEnergyFraction<0.2?0.2:bjet_ChargedHadronEnergyFraction>0.9?0.9:bjet_ChargedHadronEnergyFraction' <---> Output : variable 'bjet_ChargedHadronEnergyFraction<0.2?0.2:bjet_ChargedHadronEnergyFraction>0.9?0.9:bjet_ChargedHadronEnergyFraction'
                         : Input : variable 'bjet_MuonEnergyFraction<0.2?0.2:bjet_MuonEnergyFraction>0.4?0.4:bjet_MuonEnergyFraction' <---> Output : variable 'bjet_MuonEnergyFraction<0.2?0.2:bjet_MuonEnergyFraction>0.4?0.4:bjet_MuonEnergyFraction'
                         : Input : variable 'bjet_NeutralEmEnergyFraction>0.5?0.5:bjet_NeutralEmEnergyFraction' <---> Output : variable 'bjet_NeutralEmEnergyFraction>0.5?0.5:bjet_NeutralEmEnergyFraction'
                         : Input : variable 'bjet_NeutralHadronEnergyFraction<0.1?0.1:bjet_NeutralHadronEnergyFraction>0.3?0.3:bjet_NeutralHadronEnergyFraction' <---> Output : variable 'bjet_NeutralHadronEnergyFraction<0.1?0.1:bjet_NeutralHadronEnergyFraction>0.3?0.3:bjet_NeutralHadronEnergyFraction'
                         : Input : variable 'bjet_NeutralMultiplicity>25?25:bjet_NeutralMultiplicity' <---> Output : variable 'bjet_NeutralMultiplicity>25?25:bjet_NeutralMultiplicity'
                         : Input : variable 'bjet_charge*bmuon_charge<-0.3?-0.3:bjet_charge*bmuon_charge>0.5?0.5:bjet_charge*bmuon_charge' <---> Output : variable 'bjet_charge*bmuon_charge<-0.3?-0.3:bjet_charge*bmuon_charge>0.5?0.5:bjet_charge*bmuon_charge'
                         : Input : variable 'fabs(bjet_charge)>0.5?0.5:fabs(bjet_charge)' <---> Output : variable 'fabs(bjet_charge)>0.5?0.5:fabs(bjet_charge)'
TFHandler_Factory        :                                                                                                           Variable                                                                                                                  Mean                                                                                                                  RMS                                                                                                          [        Min                                                                                                                  Max ]
                         : -------------------------------------------------------------------------------------------------------------------------------------------------------------------------------------------------------------------------------------------------------------------------------------------------------------------------------------------------------------------------------------------------------------------------------------------------------------------------------------------------------------------------------------------------------------------------------------------------------------
                         :                                                                                                       bmuon_dR_l_j:                                                                                                            0.085208                                                                                                            0.060265   [                                                                                                          0.00013398                                                                                                             0.39998 ]
                         :                                                                                  bmuon_nsip3d>10.?10.:bmuon_nsip3d:                                                                                                              7.2346                                                                                                              3.4608   [                                                                                                           0.0062385                                                                                                              10.000 ]
                         :                                                        bmuon_P_jetrest<1.?1.:bmuon_P_jetrest>4.?4.:bmuon_P_jetrest:                                                                                                              1.4584                                                                                                             0.61486   [                                                                                                              1.0000                                                                                                              4.0000 ]
                         :                                                                            bmuon_palongjet>10.?10.:bmuon_palongjet:                                                                                                              9.5174                                                                                                              1.1368   [                                                                                                              4.8232                                                                                                              10.000 ]
                         :                                                                  bmuon_palongjetratio>0.4?0.4:bmuon_palongjetratio:                                                                                                             0.21901                                                                                                             0.11230   [                                                                                                            0.010693                                                                                                             0.40000 ]
                         :                                                                              bmuon_ptwrtbjet>3.?3.:bmuon_ptwrtbjet:                                                                                                             0.93373                                                                                                             0.58440   [                                                                                                           0.0034248                                                                                                              3.0000 ]
                         :                                                              log10(1.+bmuon_reliso)>1.2?1.2:log10(1.+bmuon_reliso):                                                                                                             0.53461                                                                                                             0.28555   [                                                                                                              0.0000                                                                                                              1.2000 ]
                         : bjet_ChargedHadronEnergyFraction<0.2?0.2:bjet_ChargedHadronEnergyFraction>0.9?0.9:bjet_ChargedHadronEnergyFraction:                                                                                                             0.46831                                                                                                             0.18216   [                                                                                                             0.20000                                                                                                             0.90000 ]
                         :                            bjet_MuonEnergyFraction<0.2?0.2:bjet_MuonEnergyFraction>0.4?0.4:bjet_MuonEnergyFraction:                                                                                                             0.25817                                                                                                            0.079115   [                                                                                                             0.20000                                                                                                             0.40000 ]
                         :                                                  bjet_NeutralEmEnergyFraction>0.5?0.5:bjet_NeutralEmEnergyFraction:                                                                                                             0.19752                                                                                                             0.12757   [                                                                                                              0.0000                                                                                                             0.50000 ]
                         : bjet_NeutralHadronEnergyFraction<0.1?0.1:bjet_NeutralHadronEnergyFraction>0.3?0.3:bjet_NeutralHadronEnergyFraction:                                                                                                             0.12622                                                                                                            0.054122   [                                                                                                             0.10000                                                                                                             0.30000 ]
                         :                                                            bjet_NeutralMultiplicity>25?25:bjet_NeutralMultiplicity:                                                                                                              10.169                                                                                                              5.1756   [                                                                                                              0.0000                                                                                                              25.000 ]
                         :                       bjet_charge*bmuon_charge<-0.3?-0.3:bjet_charge*bmuon_charge>0.5?0.5:bjet_charge*bmuon_charge:                                                                                                             0.17020                                                                                                             0.26335   [                                                                                                            -0.30000                                                                                                             0.50000 ]
                         :                                                                        fabs(bjet_charge)>0.5?0.5:fabs(bjet_charge):                                                                                                             0.27659                                                                                                             0.16649   [                                                                                                          5.1672e-06                                                                                                             0.50000 ]
                         : -------------------------------------------------------------------------------------------------------------------------------------------------------------------------------------------------------------------------------------------------------------------------------------------------------------------------------------------------------------------------------------------------------------------------------------------------------------------------------------------------------------------------------------------------------------------------------------------------------------
                         : Ranking input variables (method unspecific)...
IdTransformation         : Ranking result (top variable is best ranked)
                         : -------------------------------------------------------------------------------------------------------------------------------------------
                         : Rank : Variable                                                                                                           : Separation
                         : -------------------------------------------------------------------------------------------------------------------------------------------
                         :    1 : bjet_charge*bmuon_charge<-0.3?-0.3:bjet_charge*bmuon_charge>0.5?0.5:bjet_charge*bmuon_charge                       : 1.374e-01
                         :    2 : bmuon_P_jetrest<1.?1.:bmuon_P_jetrest>4.?4.:bmuon_P_jetrest                                                        : 9.904e-02
                         :    3 : bmuon_palongjetratio>0.4?0.4:bmuon_palongjetratio                                                                  : 8.291e-02
                         :    4 : bjet_MuonEnergyFraction<0.2?0.2:bjet_MuonEnergyFraction>0.4?0.4:bjet_MuonEnergyFraction                            : 8.069e-02
                         :    5 : bmuon_ptwrtbjet>3.?3.:bmuon_ptwrtbjet                                                                              : 7.323e-02
                         :    6 : fabs(bjet_charge)>0.5?0.5:fabs(bjet_charge)                                                                        : 6.188e-02
                         :    7 : log10(1.+bmuon_reliso)>1.2?1.2:log10(1.+bmuon_reliso)                                                              : 6.009e-02
                         :    8 : bjet_ChargedHadronEnergyFraction<0.2?0.2:bjet_ChargedHadronEnergyFraction>0.9?0.9:bjet_ChargedHadronEnergyFraction : 1.824e-02
                         :    9 : bmuon_palongjet>10.?10.:bmuon_palongjet                                                                            : 1.468e-02
                         :   10 : bmuon_dR_l_j                                                                                                       : 7.736e-03
                         :   11 : bjet_NeutralEmEnergyFraction>0.5?0.5:bjet_NeutralEmEnergyFraction                                                  : 6.898e-03
                         :   12 : bmuon_nsip3d>10.?10.:bmuon_nsip3d                                                                                  : 6.841e-03
                         :   13 : bjet_NeutralMultiplicity>25?25:bjet_NeutralMultiplicity                                                            : 5.592e-03
                         :   14 : bjet_NeutralHadronEnergyFraction<0.1?0.1:bjet_NeutralHadronEnergyFraction>0.3?0.3:bjet_NeutralHadronEnergyFraction : 2.754e-03
                         : -------------------------------------------------------------------------------------------------------------------------------------------
Factory                  : Train method: BDT for Classification
                         : 
                         : Preparing the Gaussian transformation...
TFHandler_BDT            :                                                                                                           Variable                                                                                                                  Mean                                                                                                                  RMS                                                                                                          [        Min                                                                                                                  Max ]
                         : -------------------------------------------------------------------------------------------------------------------------------------------------------------------------------------------------------------------------------------------------------------------------------------------------------------------------------------------------------------------------------------------------------------------------------------------------------------------------------------------------------------------------------------------------------------------------------------------------------------
                         :                                                                                                       bmuon_dR_l_j:                                                                                                           0.0045312                                                                                                              1.0009   [                                                                                                             -3.3212                                                                                                              5.7307 ]
                         :                                                                                  bmuon_nsip3d>10.?10.:bmuon_nsip3d:                                                                                                              2.9351                                                                                                              2.9455   [                                                                                                             -3.1045                                                                                                              5.7307 ]
                         :                                                        bmuon_P_jetrest<1.?1.:bmuon_P_jetrest>4.?4.:bmuon_P_jetrest:                                                                                                             -1.0791                                                                                                              1.7380   [                                                                                                             -2.9299                                                                                                              5.4200 ]
                         :                                                                            bmuon_palongjet>10.?10.:bmuon_palongjet:                                                                                                              4.5612                                                                                                              2.3498   [                                                                                                             -2.8833                                                                                                              5.7307 ]
                         :                                                                  bmuon_palongjetratio>0.4?0.4:bmuon_palongjetratio:                                                                                                             0.80654                                                                                                              2.1334   [                                                                                                             -3.2587                                                                                                              5.4200 ]
                         :                                                                              bmuon_ptwrtbjet>3.?3.:bmuon_ptwrtbjet:                                                                                                            0.055977                                                                                                              1.1314   [                                                                                                             -3.3083                                                                                                              5.7307 ]
                         :                                                              log10(1.+bmuon_reliso)>1.2?1.2:log10(1.+bmuon_reliso):                                                                                                            0.063803                                                                                                              1.2367   [                                                                                                             -3.2358                                                                                                              5.4200 ]
                         : bjet_ChargedHadronEnergyFraction<0.2?0.2:bjet_ChargedHadronEnergyFraction>0.9?0.9:bjet_ChargedHadronEnergyFraction:                                                                                                            -0.22090                                                                                                              1.4440   [                                                                                                             -3.1225                                                                                                              5.7307 ]
                         :                            bjet_MuonEnergyFraction<0.2?0.2:bjet_MuonEnergyFraction>0.4?0.4:bjet_MuonEnergyFraction:                                                                                                            -0.54091                                                                                                              3.0588   [                                                                                                             -2.7628                                                                                                              5.7307 ]
                         :                                                  bjet_NeutralEmEnergyFraction>0.5?0.5:bjet_NeutralEmEnergyFraction:                                                                                                             0.16078                                                                                                              1.4262   [                                                                                                             -3.3039                                                                                                              5.7307 ]
                         : bjet_NeutralHadronEnergyFraction<0.1?0.1:bjet_NeutralHadronEnergyFraction>0.3?0.3:bjet_NeutralHadronEnergyFraction:                                                                                                             -1.6293                                                                                                              2.0022   [                                                                                                             -2.6867                                                                                                              5.7307 ]
                         :                                                            bjet_NeutralMultiplicity>25?25:bjet_NeutralMultiplicity:                                                                                                            0.063782                                                                                                              1.1912   [                                                                                                             -4.9864                                                                                                              5.7307 ]
                         :                       bjet_charge*bmuon_charge<-0.3?-0.3:bjet_charge*bmuon_charge>0.5?0.5:bjet_charge*bmuon_charge:                                                                                                             0.81237                                                                                                              2.5678   [                                                                                                             -3.0687                                                                                                              5.7307 ]
                         :                                                                        fabs(bjet_charge)>0.5?0.5:fabs(bjet_charge):                                                                                                              1.1210                                                                                                              2.4395   [                                                                                                             -3.1695                                                                                                              5.7307 ]
                         : -------------------------------------------------------------------------------------------------------------------------------------------------------------------------------------------------------------------------------------------------------------------------------------------------------------------------------------------------------------------------------------------------------------------------------------------------------------------------------------------------------------------------------------------------------------------------------------------------------------
                         : Events with weight == 0 are going to be simply ignored 
BDT                      : #events: (reweighted) sig: 25426 bkg: 25426
                         : #events: (unweighted) sig: 33471 bkg: 17381
                         : Training 3000 Decision Trees ... patience please
                         : Elapsed time for training with 73989 events: 310 sec         
BDT                      : [BDT_2017] : Evaluation of BDT on training sample (73989 events)
                         : Elapsed time for evaluation of 73989 events: 118 sec       
                         : Creating xml weight file: [0;36mBDT_2017/weights/BDT_2017_BDT.weights.xml[0m
                         : Creating standalone class: [0;36mBDT_2017/weights/BDT_2017_BDT.class.C[0m
                         : BDT_2017.root:/BDT_2017/Method_BDT/BDT
Factory                  : Training finished
                         : 
                         : Ranking input variables (method specific)...
BDT                      : Ranking result (top variable is best ranked)
                         : ----------------------------------------------------------------------------------------------------------------------------------------------------
                         : Rank : Variable                                                                                                           : Variable Importance
                         : ----------------------------------------------------------------------------------------------------------------------------------------------------
                         :    1 : bjet_charge*bmuon_charge<-0.3?-0.3:bjet_charge*bmuon_charge>0.5?0.5:bjet_charge*bmuon_charge                       : 2.444e-01
                         :    2 : bmuon_P_jetrest<1.?1.:bmuon_P_jetrest>4.?4.:bmuon_P_jetrest                                                        : 9.432e-02
                         :    3 : bmuon_ptwrtbjet>3.?3.:bmuon_ptwrtbjet                                                                              : 8.586e-02
                         :    4 : bjet_MuonEnergyFraction<0.2?0.2:bjet_MuonEnergyFraction>0.4?0.4:bjet_MuonEnergyFraction                            : 7.438e-02
                         :    5 : bmuon_dR_l_j                                                                                                       : 6.273e-02
                         :    6 : bjet_ChargedHadronEnergyFraction<0.2?0.2:bjet_ChargedHadronEnergyFraction>0.9?0.9:bjet_ChargedHadronEnergyFraction : 5.738e-02
                         :    7 : bmuon_nsip3d>10.?10.:bmuon_nsip3d                                                                                  : 5.676e-02
                         :    8 : bmuon_palongjetratio>0.4?0.4:bmuon_palongjetratio                                                                  : 5.602e-02
                         :    9 : log10(1.+bmuon_reliso)>1.2?1.2:log10(1.+bmuon_reliso)                                                              : 5.544e-02
                         :   10 : bjet_NeutralEmEnergyFraction>0.5?0.5:bjet_NeutralEmEnergyFraction                                                  : 5.276e-02
                         :   11 : fabs(bjet_charge)>0.5?0.5:fabs(bjet_charge)                                                                        : 4.673e-02
                         :   12 : bjet_NeutralMultiplicity>25?25:bjet_NeutralMultiplicity                                                            : 4.628e-02
                         :   13 : bjet_NeutralHadronEnergyFraction<0.1?0.1:bjet_NeutralHadronEnergyFraction>0.3?0.3:bjet_NeutralHadronEnergyFraction : 3.993e-02
                         :   14 : bmuon_palongjet>10.?10.:bmuon_palongjet                                                                            : 2.704e-02
                         : ----------------------------------------------------------------------------------------------------------------------------------------------------
Factory                  : === Destroy and recreate all methods via weight files for testing ===
                         : 
                         : Reading weight file: [0;36mBDT_2017/weights/BDT_2017_BDT.weights.xml[0m
Factory                  : [1mTest all methods[0m
Factory                  : Test method: BDT for Classification performance
                         : 
BDT                      : [BDT_2017] : Evaluation of BDT on testing sample (106443 events)
                         : Elapsed time for evaluation of 106443 events: 93.4 sec       
Factory                  : [1mEvaluate all methods[0m
Factory                  : Evaluate classifier: BDT
                         : 
TFHandler_BDT            :                                                                                                           Variable                                                                                                                  Mean                                                                                                                  RMS                                                                                                          [        Min                                                                                                                  Max ]
                         : -------------------------------------------------------------------------------------------------------------------------------------------------------------------------------------------------------------------------------------------------------------------------------------------------------------------------------------------------------------------------------------------------------------------------------------------------------------------------------------------------------------------------------------------------------------------------------------------------------------
                         :                                                                                                       bmuon_dR_l_j:                                                                                                          0.00048003                                                                                                              1.0191   [                                                                                                             -3.3774                                                                                                              5.7307 ]
                         :                                                                                  bmuon_nsip3d>10.?10.:bmuon_nsip3d:                                                                                                              2.9001                                                                                                              2.9569   [                                                                                                             -3.0347                                                                                                              5.7307 ]
                         :                                                        bmuon_P_jetrest<1.?1.:bmuon_P_jetrest>4.?4.:bmuon_P_jetrest:                                                                                                            -0.89456                                                                                                              1.7879   [                                                                                                             -2.9299                                                                                                              5.4200 ]
                         :                                                                            bmuon_palongjet>10.?10.:bmuon_palongjet:                                                                                                              4.6556                                                                                                              2.2726   [                                                                                                             -5.7307                                                                                                              5.7307 ]
                         :                                                                  bmuon_palongjetratio>0.4?0.4:bmuon_palongjetratio:                                                                                                             0.92618                                                                                                              2.2122   [                                                                                                             -3.4791                                                                                                              5.4196 ]
                         :                                                                              bmuon_ptwrtbjet>3.?3.:bmuon_ptwrtbjet:                                                                                                             0.15011                                                                                                              1.1884   [                                                                                                             -3.4458                                                                                                              5.7307 ]
                         :                                                              log10(1.+bmuon_reliso)>1.2?1.2:log10(1.+bmuon_reliso):                                                                                                            0.035548                                                                                                              1.2674   [                                                                                                             -3.2358                                                                                                              5.4164 ]
                         : bjet_ChargedHadronEnergyFraction<0.2?0.2:bjet_ChargedHadronEnergyFraction>0.9?0.9:bjet_ChargedHadronEnergyFraction:                                                                                                            -0.25884                                                                                                              1.4494   [                                                                                                             -3.1225                                                                                                              5.7307 ]
                         :                            bjet_MuonEnergyFraction<0.2?0.2:bjet_MuonEnergyFraction>0.4?0.4:bjet_MuonEnergyFraction:                                                                                                            -0.35288                                                                                                              3.1497   [                                                                                                             -2.7628                                                                                                              5.7307 ]
                         :                                                  bjet_NeutralEmEnergyFraction>0.5?0.5:bjet_NeutralEmEnergyFraction:                                                                                                             0.15355                                                                                                              1.4304   [                                                                                                             -3.3039                                                                                                              5.7307 ]
                         : bjet_NeutralHadronEnergyFraction<0.1?0.1:bjet_NeutralHadronEnergyFraction>0.3?0.3:bjet_NeutralHadronEnergyFraction:                                                                                                             -1.6757                                                                                                              1.9646   [                                                                                                             -2.6867                                                                                                              5.7307 ]
                         :                                                            bjet_NeutralMultiplicity>25?25:bjet_NeutralMultiplicity:                                                                                                            0.071062                                                                                                              1.2086   [                                                                                                             -4.9864                                                                                                              5.7307 ]
                         :                       bjet_charge*bmuon_charge<-0.3?-0.3:bjet_charge*bmuon_charge>0.5?0.5:bjet_charge*bmuon_charge:                                                                                                              1.0555                                                                                                              2.6279   [                                                                                                             -3.0687                                                                                                              5.7307 ]
                         :                                                                        fabs(bjet_charge)>0.5?0.5:fabs(bjet_charge):                                                                                                              1.2913                                                                                                              2.5149   [                                                                                                             -3.1669                                                                                                              5.7307 ]
                         : -------------------------------------------------------------------------------------------------------------------------------------------------------------------------------------------------------------------------------------------------------------------------------------------------------------------------------------------------------------------------------------------------------------------------------------------------------------------------------------------------------------------------------------------------------------------------------------------------------------
BDT                      : [BDT_2017] : Loop over test events and fill histograms with classifier response...
                         : 
TFHandler_BDT            :                                                                                                           Variable                                                                                                                  Mean                                                                                                                  RMS                                                                                                          [        Min                                                                                                                  Max ]
                         : -------------------------------------------------------------------------------------------------------------------------------------------------------------------------------------------------------------------------------------------------------------------------------------------------------------------------------------------------------------------------------------------------------------------------------------------------------------------------------------------------------------------------------------------------------------------------------------------------------------
                         :                                                                                                       bmuon_dR_l_j:                                                                                                          0.00048003                                                                                                              1.0191   [                                                                                                             -3.3774                                                                                                              5.7307 ]
                         :                                                                                  bmuon_nsip3d>10.?10.:bmuon_nsip3d:                                                                                                              2.9001                                                                                                              2.9569   [                                                                                                             -3.0347                                                                                                              5.7307 ]
                         :                                                        bmuon_P_jetrest<1.?1.:bmuon_P_jetrest>4.?4.:bmuon_P_jetrest:                                                                                                            -0.89456                                                                                                              1.7879   [                                                                                                             -2.9299                                                                                                              5.4200 ]
                         :                                                                            bmuon_palongjet>10.?10.:bmuon_palongjet:                                                                                                              4.6556                                                                                                              2.2726   [                                                                                                             -5.7307                                                                                                              5.7307 ]
                         :                                                                  bmuon_palongjetratio>0.4?0.4:bmuon_palongjetratio:                                                                                                             0.92618                                                                                                              2.2122   [                                                                                                             -3.4791                                                                                                              5.4196 ]
                         :                                                                              bmuon_ptwrtbjet>3.?3.:bmuon_ptwrtbjet:                                                                                                             0.15011                                                                                                              1.1884   [                                                                                                             -3.4458                                                                                                              5.7307 ]
                         :                                                              log10(1.+bmuon_reliso)>1.2?1.2:log10(1.+bmuon_reliso):                                                                                                            0.035548                                                                                                              1.2674   [                                                                                                             -3.2358                                                                                                              5.4164 ]
                         : bjet_ChargedHadronEnergyFraction<0.2?0.2:bjet_ChargedHadronEnergyFraction>0.9?0.9:bjet_ChargedHadronEnergyFraction:                                                                                                            -0.25884                                                                                                              1.4494   [                                                                                                             -3.1225                                                                                                              5.7307 ]
                         :                            bjet_MuonEnergyFraction<0.2?0.2:bjet_MuonEnergyFraction>0.4?0.4:bjet_MuonEnergyFraction:                                                                                                            -0.35288                                                                                                              3.1497   [                                                                                                             -2.7628                                                                                                              5.7307 ]
                         :                                                  bjet_NeutralEmEnergyFraction>0.5?0.5:bjet_NeutralEmEnergyFraction:                                                                                                             0.15355                                                                                                              1.4304   [                                                                                                             -3.3039                                                                                                              5.7307 ]
                         : bjet_NeutralHadronEnergyFraction<0.1?0.1:bjet_NeutralHadronEnergyFraction>0.3?0.3:bjet_NeutralHadronEnergyFraction:                                                                                                             -1.6757                                                                                                              1.9646   [                                                                                                             -2.6867                                                                                                              5.7307 ]
                         :                                                            bjet_NeutralMultiplicity>25?25:bjet_NeutralMultiplicity:                                                                                                            0.071062                                                                                                              1.2086   [                                                                                                             -4.9864                                                                                                              5.7307 ]
                         :                       bjet_charge*bmuon_charge<-0.3?-0.3:bjet_charge*bmuon_charge>0.5?0.5:bjet_charge*bmuon_charge:                                                                                                              1.0555                                                                                                              2.6279   [                                                                                                             -3.0687                                                                                                              5.7307 ]
                         :                                                                        fabs(bjet_charge)>0.5?0.5:fabs(bjet_charge):                                                                                                              1.2913                                                                                                              2.5149   [                                                                                                             -3.1669                                                                                                              5.7307 ]
                         : -------------------------------------------------------------------------------------------------------------------------------------------------------------------------------------------------------------------------------------------------------------------------------------------------------------------------------------------------------------------------------------------------------------------------------------------------------------------------------------------------------------------------------------------------------------------------------------------------------------
                         : 
                         : Evaluation results ranked by best signal efficiency and purity (area)
                         : -------------------------------------------------------------------------------------------------------------------
                         : DataSet       MVA                       
                         : Name:         Method:          ROC-integ
                         : BDT_2017      BDT            : 0.754
                         : -------------------------------------------------------------------------------------------------------------------
                         : 
                         : Testing efficiency compared to training efficiency (overtraining check)
                         : -------------------------------------------------------------------------------------------------------------------
                         : DataSet              MVA              Signal efficiency: from test sample (from training sample) 
                         : Name:                Method:          @B=0.01             @B=0.10            @B=0.30   
                         : -------------------------------------------------------------------------------------------------------------------
                         : BDT_2017             BDT            : 0.088 (0.106)       0.380 (0.417)      0.677 (0.699)
                         : -------------------------------------------------------------------------------------------------------------------
                         : 
Dataset:BDT_2017         : Created tree 'TestTree' with 106443 events
                         : 
Dataset:BDT_2017         : Created tree 'TrainTree' with 73989 events
                         : 
Factory                  : [1mThank you for using TMVA![0m
                         : [1mFor citation information, please visit: http://tmva.sf.net/citeTMVA.html[0m
['bmuon_dR_l_j', 'bmuon_nsip3d > 10. ? 10. : bmuon_nsip3d', 'bmuon_P_jetrest < 1. ? 1. : bmuon_P_jetrest > 4. ? 4. : bmuon_P_jetrest', 'bmuon_palongjet > 10. ? 10. : bmuon_palongjet', 'bmuon_palongjetratio > 0.4 ? 0.4 : bmuon_palongjetratio', 'bmuon_ptwrtbjet > 3. ? 3. : bmuon_ptwrtbjet', 'log10(1.+bmuon_reliso) > 1.2 ? 1.2 : log10(1.+bmuon_reliso)', 'bjet_ChargedHadronEnergyFraction < 0.2 ? 0.2 : bjet_ChargedHadronEnergyFraction > 0.9 ? 0.9 : bjet_ChargedHadronEnergyFraction', 'bjet_MuonEnergyFraction < 0.2 ? 0.2 : bjet_MuonEnergyFraction > 0.4 ? 0.4 : bjet_MuonEnergyFraction', 'bjet_NeutralEmEnergyFraction > 0.5 ? 0.5 : bjet_NeutralEmEnergyFraction', 'bjet_NeutralHadronEnergyFraction < 0.1 ? 0.1 : bjet_NeutralHadronEnergyFraction > 0.3 ? 0.3 : bjet_NeutralHadronEnergyFraction', 'bjet_NeutralMultiplicity > 25 ? 25 : bjet_NeutralMultiplicity', 'bjet_charge*bmuon_charge < -0.3 ? -0.3 : bjet_charge*bmuon_charge > 0.5 ? 0.5 : bjet_charge*bmuon_charge', 'fabs(bjet_charge) > 0.5 ? 0.5 : fabs(bjet_charge)'] ['belectron_dR_l_j < 0.13 ? 0.13 : belectron_dR_l_j', 'belectron_nsip3d > 10. ? 10. : belectron_nsip3d', 'belectron_P_jetrest > 2. ? 2. : belectron_P_jetrest', 'belectron_palongjet > 15.? 15. : belectron_palongjet', 'belectron_palongjetratio > 0.2 ? 0.2 : belectron_palongjetratio', 'belectron_ptwrtbjet > 3. ? 3. : belectron_ptwrtbjet', 'log10(1.+belectron_reliso) > 1.1 ? 1.1 : log10(1.+belectron_reliso) < 0.3 ? 0.3 : log10(1.+belectron_reliso)', 'bjet_ChargedEmEnergyFraction > 0.2 ? 0.2 : bjet_ChargedEmEnergyFraction', 'bjet_ChargedHadronEnergyFraction < 0.5 ? 0.5 : bjet_ChargedHadronEnergyFraction', 'bjet_NeutralEmEnergyFraction < 0.15 ? 0.15 : bjet_NeutralEmEnergyFraction > 0.6 ? 0.6 : bjet_NeutralEmEnergyFraction', 'bjet_NeutralMultiplicity', 'bjet_charge*belectron_charge < -0.4 ? -0.4 : bjet_charge*belectron_charge > 0.2 ? 0.2 : bjet_charge*belectron_charge', 'fabs(bjet_charge) > 0.35 ? 0.35 : fabs(bjet_charge)'] ['bjet_ChargedHadronEnergyFraction < 0.2 ? 0.2 : bjet_ChargedHadronEnergyFraction', 'bjet_NeutralEmEnergyFraction > 0.7 ? 0.7 : bjet_NeutralEmEnergyFraction', 'bjet_NeutralHadronEnergyFraction > 0.4 ? 0.4 : bjet_NeutralHadronEnergyFraction', 'bjet_NeutralMultiplicity > 30 ? 30 : bjet_NeutralMultiplicity', 'fabs(bjet_charge) > 0.4 ? 0.4 : fabs(bjet_charge)']
(bmuon_charge*bjet_partonFlavour < 0)&&Has_bMuon (bmuon_charge*bjet_partonFlavour > 0)&&Has_bMuon (belectron_charge*bjet_partonFlavour < 0)&&(Has_bElectron) (belectron_charge*bjet_partonFlavour > 0)&&(Has_bElectron) (bjet_charge*bjet_partonFlavour < 0)&&(!Has_bElectron)&&(!Has_bMuon) (bjet_charge*bjet_partonFlavour > 0)&&(!Has_bElectron)&&(!Has_bMuon)
sigcut= (bmuon_charge*bjet_partonFlavour < 0)&&Has_bMuon
bkgcut= (bmuon_charge*bjet_partonFlavour > 0)&&Has_bMuon
<sig cut>= (bmuon_charge*bjet_partonFlavour < 0)&&Has_bMuon
<bkg cut>= (bmuon_charge*bjet_partonFlavour > 0)&&Has_bMuon
---sig_test---
<self.testtree_sig> OutTree/sig
/data9/Users/jhchoi/Generate_BDT_Model/TMVA_TOOL/inputs/EEMu_MuMuE_Method/v2608.2/2017/EEMu_MuMuE_Method_DYJetsToEE_MiNNLO.root
/data9/Users/jhchoi/Generate_BDT_Model/TMVA_TOOL/inputs/EEMu_MuMuE_Method/v2608.2/2017/EEMu_MuMuE_Method_DYJetsToMuMu_MiNNLO.root
--bkg_test---
<self.testtree_bkg> OutTree/bkg
/data9/Users/jhchoi/Generate_BDT_Model/TMVA_TOOL/inputs/EEMu_MuMuE_Method/v2608.2/2017/EEMu_MuMuE_Method_DYJetsToEE_MiNNLO.root
/data9/Users/jhchoi/Generate_BDT_Model/TMVA_TOOL/inputs/EEMu_MuMuE_Method/v2608.2/2017/EEMu_MuMuE_Method_DYJetsToMuMu_MiNNLO.root
---sig_train---
<self.traintree_sig> OutTree/sig
/data9/Users/jhchoi/Generate_BDT_Model/TMVA_TOOL/inputs/EEMu_MuMuE_Method/v2608.2/2017/EEMu_MuMuE_Method_DYJets.root
---bkg_train---
<self.traintree_bkg> OutTree/bkg
/data9/Users/jhchoi/Generate_BDT_Model/TMVA_TOOL/inputs/EEMu_MuMuE_Method/v2608.2/2017/EEMu_MuMuE_Method_DYJets.root
>>>>self.dataloader.PrepareTrainingAndTestTree
Set sig cut -> (bmuon_charge*bjet_partonFlavour < 0)&&Has_bMuon
Set bkg cut -> (bmuon_charge*bjet_partonFlavour > 0)&&Has_bMuon
----AUC and Efficiency----
auc= 0.7538842748190708
BDT_2017 BDT
B = 0.005 : 0.0520 (0.0650)
B = 0.010 : 0.0880 (0.1060)
B = 0.015 : 0.1180 (0.1330)
B = 0.020 : 0.1420 (0.1580)
B = 0.025 : 0.1650 (0.1850)
B = 0.030 : 0.1840 (0.2080)
B = 0.035 : 0.2030 (0.2260)
B = 0.040 : 0.2200 (0.2470)
B = 0.045 : 0.2360 (0.2620)
B = 0.050 : 0.2520 (0.2740)
B = 0.100 : 0.3800 (0.4170)
B = 0.200 : 0.5540 (0.5770)
B = 0.300 : 0.6770 (0.6990)
B = 0.400 : 0.7660 (0.7800)
B = 0.500 : 0.8360 (0.8440)
B = 0.600 : 0.8890 (0.8910)
END of RUNNING...run_single
myerr=0
[ntry=1]
