Submitting job(s)............................................................................................................................................................................................................................................................................................................
300 job(s) submitted to cluster 1831889.
Error in <Merge>: Cannot merge histograms - limits are inconsistent:
 first: Nocut/Q_vs_allbeta/DYJets (100, 0.000000, 1000.000000), second: Nocut/Q_vs_allbeta/DYJets (100, 0.000000, 220.000000)
Error in <TFileMerger::MergeRecursive>: calling Merge() on 'Nocut/Q_vs_allbeta/DYJets' with the corresponding object in 'output/hists_100.root'
Error in <Merge>: Cannot merge histograms - limits are inconsistent:
 first: Nocut/Q_vs_allbeta/DYJets (100, 0.000000, 1000.000000), second: Nocut/Q_vs_allbeta/DYJets (100, 0.000000, 275.000000)
Error in <TFileMerger::MergeRecursive>: calling Merge() on 'Nocut/Q_vs_allbeta/DYJets' with the corresponding object in 'output/hists_101.root'
Error in <Merge>: Cannot merge histograms - limits are inconsistent:
 first: Nocut/Q_vs_allbeta/DYJets (100, 0.000000, 1000.000000), second: Nocut/Q_vs_allbeta/DYJets (100, 0.000000, 310.000000)
Error in <TFileMerger::MergeRecursive>: calling Merge() on 'Nocut/Q_vs_allbeta/DYJets' with the corresponding object in 'output/hists_103.root'
Error in <Merge>: Cannot merge histograms - limits are inconsistent:
 first: Nocut/Q_vs_allbeta/DYJets (100, 0.000000, 1000.000000), second: Nocut/Q_vs_allbeta/DYJets (100, 0.000000, 210.000000)
Error in <TFileMerger::MergeRecursive>: calling Merge() on 'Nocut/Q_vs_allbeta/DYJets' with the corresponding object in 'output/hists_104.root'
Error in <Merge>: Cannot merge histograms - limits are inconsistent:
 first: Nocut/Q_vs_allbeta/DYJets (100, 0.000000, 1000.000000), second: Nocut/Q_vs_allbeta/DYJets (100, 0.000000, 220.000000)
Error in <TFileMerger::MergeRecursive>: calling Merge() on 'Nocut/Q_vs_allbeta/DYJets' with the corresponding object in 'output/hists_10.root'
Error in <Merge>: Cannot merge histograms - limits are inconsistent:
 first: Nocut/Q_vs_allbeta/DYJets (100, 0.000000, 1000.000000), second: Nocut/Q_vs_allbeta/DYJets (100, 0.000000, 235.000000)
Error in <TFileMerger::MergeRecursive>: calling Merge() on 'Nocut/Q_vs_allbeta/DYJets' with the corresponding object in 'output/hists_110.root'
Error in <Merge>: Cannot merge histograms - limits are inconsistent:
 first: Nocut/Q_vs_allbeta/DYJets (100, 0.000000, 1000.000000), second: Nocut/Q_vs_allbeta/DYJets (100, 0.000000, 310.000000)
Error in <TFileMerger::MergeRecursive>: calling Merge() on 'Nocut/Q_vs_allbeta/DYJets' with the corresponding object in 'output/hists_111.root'
Error in <Merge>: Cannot merge histograms - limits are inconsistent:
 first: Nocut/Q_vs_allbeta/DYJets (100, 0.000000, 1000.000000), second: Nocut/Q_vs_allbeta/DYJets (100, 0.000000, 215.000000)
Error in <TFileMerger::MergeRecursive>: calling Merge() on 'Nocut/Q_vs_allbeta/DYJets' with the corresponding object in 'output/hists_114.root'
Error in <Merge>: Cannot merge histograms - limits are inconsistent:
 first: Nocut/Q_vs_allbeta/DYJets (100, 0.000000, 1000.000000), second: Nocut/Q_vs_allbeta/DYJets (100, 0.000000, 168.000000)
Error in <TFileMerger::MergeRecursive>: calling Merge() on 'Nocut/Q_vs_allbeta/DYJets' with the corresponding object in 'output/hists_118.root'
Error in <Merge>: Cannot merge histograms - limits are inconsistent:
 first: Nocut/Q_vs_allbeta/DYJets (100, 0.000000, 1000.000000), second: Nocut/Q_vs_allbeta/DYJets (100, 0.000000, 340.000000)
Error in <TFileMerger::MergeRecursive>: calling Merge() on 'Nocut/Q_vs_allbeta/DYJets' with the corresponding object in 'output/hists_11.root'
Error in <Merge>: Cannot merge histograms - limits are inconsistent:
 first: Nocut/Q_vs_allbeta/DYJets (100, 0.000000, 1000.000000), second: Nocut/Q_vs_allbeta/DYJets (100, 0.000000, 365.000000)
Error in <TFileMerger::MergeRecursive>: calling Merge() on 'Nocut/Q_vs_allbeta/DYJets' with the corresponding object in 'output/hists_122.root'
Error in <Merge>: Cannot merge histograms - limits are inconsistent:
 first: Nocut/Q_vs_allbeta/DYJets (100, 0.000000, 1000.000000), second: Nocut/Q_vs_allbeta/DYJets (100, 0.000000, 300.000000)
Error in <TFileMerger::MergeRecursive>: calling Merge() on 'Nocut/Q_vs_allbeta/DYJets' with the corresponding object in 'output/hists_124.root'
Error in <Merge>: Cannot merge histograms - limits are inconsistent:
 first: Nocut/Q_vs_allbeta/DYJets (100, 0.000000, 1000.000000), second: Nocut/Q_vs_allbeta/DYJets (100, 0.000000, 182.000000)
Error in <TFileMerger::MergeRecursive>: calling Merge() on 'Nocut/Q_vs_allbeta/DYJets' with the corresponding object in 'output/hists_125.root'
Error in <Merge>: Cannot merge histograms - limits are inconsistent:
 first: Nocut/Q_vs_allbeta/DYJets (100, 0.000000, 1000.000000), second: Nocut/Q_vs_allbeta/DYJets (100, 0.000000, 240.000000)
Error in <TFileMerger::MergeRecursive>: calling Merge() on 'Nocut/Q_vs_allbeta/DYJets' with the corresponding object in 'output/hists_126.root'
Error in <Merge>: Cannot merge histograms - limits are inconsistent:
 first: Nocut/Q_vs_allbeta/DYJets (100, 0.000000, 1000.000000), second: Nocut/Q_vs_allbeta/DYJets (100, 0.000000, 380.000000)
Error in <TFileMerger::MergeRecursive>: calling Merge() on 'Nocut/Q_vs_allbeta/DYJets' with the corresponding object in 'output/hists_131.root'
Error in <Merge>: Cannot merge histograms - limits are inconsistent:
 first: Nocut/Q_vs_allbeta/DYJets (100, 0.000000, 1000.000000), second: Nocut/Q_vs_allbeta/DYJets (100, 0.000000, 194.000000)
Error in <TFileMerger::MergeRecursive>: calling Merge() on 'Nocut/Q_vs_allbeta/DYJets' with the corresponding object in 'output/hists_132.root'
Error in <Merge>: Cannot merge histograms - limits are inconsistent:
 first: Nocut/Q_vs_allbeta/DYJets (100, 0.000000, 1000.000000), second: Nocut/Q_vs_allbeta/DYJets (100, 0.000000, 192.000000)
Error in <TFileMerger::MergeRecursive>: calling Merge() on 'Nocut/Q_vs_allbeta/DYJets' with the corresponding object in 'output/hists_134.root'
Error in <Merge>: Cannot merge histograms - limits are inconsistent:
 first: Nocut/Q_vs_allbeta/DYJets (100, 0.000000, 1000.000000), second: Nocut/Q_vs_allbeta/DYJets (100, 0.000000, 186.000000)
Error in <TFileMerger::MergeRecursive>: calling Merge() on 'Nocut/Q_vs_allbeta/DYJets' with the corresponding object in 'output/hists_136.root'
Error in <Merge>: Cannot merge histograms - limits are inconsistent:
 first: Nocut/Q_vs_allbeta/DYJets (100, 0.000000, 1000.000000), second: Nocut/Q_vs_allbeta/DYJets (100, 0.000000, 485.000000)
Error in <TFileMerger::MergeRecursive>: calling Merge() on 'Nocut/Q_vs_allbeta/DYJets' with the corresponding object in 'output/hists_137.root'
Error in <Merge>: Cannot merge histograms - limits are inconsistent:
 first: Nocut/Q_vs_allbeta/DYJets (100, 0.000000, 1000.000000), second: Nocut/Q_vs_allbeta/DYJets (100, 0.000000, 164.000000)
Error in <TFileMerger::MergeRecursive>: calling Merge() on 'Nocut/Q_vs_allbeta/DYJets' with the corresponding object in 'output/hists_141.root'
Error in <Merge>: Cannot merge histograms - limits are inconsistent:
 first: Nocut/Q_vs_allbeta/DYJets (100, 0.000000, 1000.000000), second: Nocut/Q_vs_allbeta/DYJets (100, 0.000000, 198.000000)
Error in <TFileMerger::MergeRecursive>: calling Merge() on 'Nocut/Q_vs_allbeta/DYJets' with the corresponding object in 'output/hists_144.root'
Error in <Merge>: Cannot merge histograms - limits are inconsistent:
 first: Nocut/Q_vs_allbeta/DYJets (100, 0.000000, 1000.000000), second: Nocut/Q_vs_allbeta/DYJets (100, 0.000000, 230.000000)
Error in <TFileMerger::MergeRecursive>: calling Merge() on 'Nocut/Q_vs_allbeta/DYJets' with the corresponding object in 'output/hists_146.root'
Error in <Merge>: Cannot merge histograms - limits are inconsistent:
 first: Nocut/Q_vs_allbeta/DYJets (100, 0.000000, 1000.000000), second: Nocut/Q_vs_allbeta/DYJets (100, 0.000000, 210.000000)
Error in <TFileMerger::MergeRecursive>: calling Merge() on 'Nocut/Q_vs_allbeta/DYJets' with the corresponding object in 'output/hists_148.root'
Error in <Merge>: Cannot merge histograms - limits are inconsistent:
 first: Nocut/Q_vs_allbeta/DYJets (100, 0.000000, 1000.000000), second: Nocut/Q_vs_allbeta/DYJets (100, 0.000000, 205.000000)
Error in <TFileMerger::MergeRecursive>: calling Merge() on 'Nocut/Q_vs_allbeta/DYJets' with the corresponding object in 'output/hists_151.root'
Error in <Merge>: Cannot merge histograms - limits are inconsistent:
 first: Nocut/Q_vs_allbeta/DYJets (100, 0.000000, 1000.000000), second: Nocut/Q_vs_allbeta/DYJets (100, 0.000000, 440.000000)
Error in <TFileMerger::MergeRecursive>: calling Merge() on 'Nocut/Q_vs_allbeta/DYJets' with the corresponding object in 'output/hists_154.root'
Error in <Merge>: Cannot merge histograms - limits are inconsistent:
 first: Nocut/Q_vs_allbeta/DYJets (100, 0.000000, 1000.000000), second: Nocut/Q_vs_allbeta/DYJets (100, 0.000000, 325.000000)
Error in <TFileMerger::MergeRecursive>: calling Merge() on 'Nocut/Q_vs_allbeta/DYJets' with the corresponding object in 'output/hists_155.root'
Error in <Merge>: Cannot merge histograms - limits are inconsistent:
 first: Nocut/Q_vs_allbeta/DYJets (100, 0.000000, 1000.000000), second: Nocut/Q_vs_allbeta/DYJets (100, 0.000000, 210.000000)
Error in <TFileMerger::MergeRecursive>: calling Merge() on 'Nocut/Q_vs_allbeta/DYJets' with the corresponding object in 'output/hists_156.root'
Error in <Merge>: Cannot merge histograms - limits are inconsistent:
 first: Nocut/Q_vs_allbeta/DYJets (100, 0.000000, 1000.000000), second: Nocut/Q_vs_allbeta/DYJets (100, 0.000000, 445.000000)
Error in <TFileMerger::MergeRecursive>: calling Merge() on 'Nocut/Q_vs_allbeta/DYJets' with the corresponding object in 'output/hists_15.root'
Error in <Merge>: Cannot merge histograms - limits are inconsistent:
 first: Nocut/Q_vs_allbeta/DYJets (100, 0.000000, 1000.000000), second: Nocut/Q_vs_allbeta/DYJets (100, 0.000000, 194.000000)
Error in <TFileMerger::MergeRecursive>: calling Merge() on 'Nocut/Q_vs_allbeta/DYJets' with the corresponding object in 'output/hists_160.root'
Error in <Merge>: Cannot merge histograms - limits are inconsistent:
 first: Nocut/Q_vs_allbeta/DYJets (100, 0.000000, 1000.000000), second: Nocut/Q_vs_allbeta/DYJets (100, 0.000000, 290.000000)
Error in <TFileMerger::MergeRecursive>: calling Merge() on 'Nocut/Q_vs_allbeta/DYJets' with the corresponding object in 'output/hists_162.root'
Error in <Merge>: Cannot merge histograms - limits are inconsistent:
 first: Nocut/Q_vs_allbeta/DYJets (100, 0.000000, 1000.000000), second: Nocut/Q_vs_allbeta/DYJets (100, 0.000000, 290.000000)
Error in <TFileMerger::MergeRecursive>: calling Merge() on 'Nocut/Q_vs_allbeta/DYJets' with the corresponding object in 'output/hists_167.root'
Error in <Merge>: Cannot merge histograms - limits are inconsistent:
 first: Nocut/Q_vs_allbeta/DYJets (100, 0.000000, 1000.000000), second: Nocut/Q_vs_allbeta/DYJets (100, 0.000000, 220.000000)
Error in <TFileMerger::MergeRecursive>: calling Merge() on 'Nocut/Q_vs_allbeta/DYJets' with the corresponding object in 'output/hists_168.root'
Error in <Merge>: Cannot merge histograms - limits are inconsistent:
 first: Nocut/Q_vs_allbeta/DYJets (100, 0.000000, 1000.000000), second: Nocut/Q_vs_allbeta/DYJets (100, 0.000000, 290.000000)
Error in <TFileMerger::MergeRecursive>: calling Merge() on 'Nocut/Q_vs_allbeta/DYJets' with the corresponding object in 'output/hists_169.root'
Error in <Merge>: Cannot merge histograms - limits are inconsistent:
 first: Nocut/Q_vs_allbeta/DYJets (100, 0.000000, 1000.000000), second: Nocut/Q_vs_allbeta/DYJets (100, 0.000000, 335.000000)
Error in <TFileMerger::MergeRecursive>: calling Merge() on 'Nocut/Q_vs_allbeta/DYJets' with the corresponding object in 'output/hists_16.root'
Error in <Merge>: Cannot merge histograms - limits are inconsistent:
 first: Nocut/Q_vs_allbeta/DYJets (100, 0.000000, 1000.000000), second: Nocut/Q_vs_allbeta/DYJets (100, 0.000000, 485.000000)
Error in <TFileMerger::MergeRecursive>: calling Merge() on 'Nocut/Q_vs_allbeta/DYJets' with the corresponding object in 'output/hists_170.root'
Error in <Merge>: Cannot merge histograms - limits are inconsistent:
 first: Nocut/Q_vs_allbeta/DYJets (100, 0.000000, 1000.000000), second: Nocut/Q_vs_allbeta/DYJets (100, 0.000000, 255.000000)
Error in <TFileMerger::MergeRecursive>: calling Merge() on 'Nocut/Q_vs_allbeta/DYJets' with the corresponding object in 'output/hists_174.root'
Error in <Merge>: Cannot merge histograms - limits are inconsistent:
 first: Nocut/Q_vs_allbeta/DYJets (100, 0.000000, 1000.000000), second: Nocut/Q_vs_allbeta/DYJets (100, 0.000000, 210.000000)
Error in <TFileMerger::MergeRecursive>: calling Merge() on 'Nocut/Q_vs_allbeta/DYJets' with the corresponding object in 'output/hists_181.root'
Error in <Merge>: Cannot merge histograms - limits are inconsistent:
 first: Nocut/Q_vs_allbeta/DYJets (100, 0.000000, 1000.000000), second: Nocut/Q_vs_allbeta/DYJets (100, 0.000000, 265.000000)
Error in <TFileMerger::MergeRecursive>: calling Merge() on 'Nocut/Q_vs_allbeta/DYJets' with the corresponding object in 'output/hists_182.root'
Error in <Merge>: Cannot merge histograms - limits are inconsistent:
 first: Nocut/Q_vs_allbeta/DYJets (100, 0.000000, 1000.000000), second: Nocut/Q_vs_allbeta/DYJets (100, 0.000000, 330.000000)
Error in <TFileMerger::MergeRecursive>: calling Merge() on 'Nocut/Q_vs_allbeta/DYJets' with the corresponding object in 'output/hists_184.root'
Error in <Merge>: Cannot merge histograms - limits are inconsistent:
 first: Nocut/Q_vs_allbeta/DYJets (100, 0.000000, 1000.000000), second: Nocut/Q_vs_allbeta/DYJets (100, 0.000000, 370.000000)
Error in <TFileMerger::MergeRecursive>: calling Merge() on 'Nocut/Q_vs_allbeta/DYJets' with the corresponding object in 'output/hists_190.root'
Error in <Merge>: Cannot merge histograms - limits are inconsistent:
 first: Nocut/Q_vs_allbeta/DYJets (100, 0.000000, 1000.000000), second: Nocut/Q_vs_allbeta/DYJets (100, 0.000000, 186.000000)
Error in <TFileMerger::MergeRecursive>: calling Merge() on 'Nocut/Q_vs_allbeta/DYJets' with the corresponding object in 'output/hists_192.root'
Error in <Merge>: Cannot merge histograms - limits are inconsistent:
 first: Nocut/Q_vs_allbeta/DYJets (100, 0.000000, 1000.000000), second: Nocut/Q_vs_allbeta/DYJets (100, 0.000000, 240.000000)
Error in <TFileMerger::MergeRecursive>: calling Merge() on 'Nocut/Q_vs_allbeta/DYJets' with the corresponding object in 'output/hists_196.root'
Error in <Merge>: Cannot merge histograms - limits are inconsistent:
 first: Nocut/Q_vs_allbeta/DYJets (100, 0.000000, 1000.000000), second: Nocut/Q_vs_allbeta/DYJets (100, 0.000000, 230.000000)
Error in <TFileMerger::MergeRecursive>: calling Merge() on 'Nocut/Q_vs_allbeta/DYJets' with the corresponding object in 'output/hists_198.root'
Error in <Merge>: Cannot merge histograms - limits are inconsistent:
 first: Nocut/Q_vs_allbeta/DYJets (100, 0.000000, 1000.000000), second: Nocut/Q_vs_allbeta/DYJets (100, 0.000000, 270.000000)
Error in <TFileMerger::MergeRecursive>: calling Merge() on 'Nocut/Q_vs_allbeta/DYJets' with the corresponding object in 'output/hists_19.root'
Error in <Merge>: Cannot merge histograms - limits are inconsistent:
 first: Nocut/Q_vs_allbeta/DYJets (100, 0.000000, 1000.000000), second: Nocut/Q_vs_allbeta/DYJets (100, 0.000000, 320.000000)
Error in <TFileMerger::MergeRecursive>: calling Merge() on 'Nocut/Q_vs_allbeta/DYJets' with the corresponding object in 'output/hists_204.root'
Error in <Merge>: Cannot merge histograms - limits are inconsistent:
 first: Nocut/Q_vs_allbeta/DYJets (100, 0.000000, 1000.000000), second: Nocut/Q_vs_allbeta/DYJets (100, 0.000000, 260.000000)
Error in <TFileMerger::MergeRecursive>: calling Merge() on 'Nocut/Q_vs_allbeta/DYJets' with the corresponding object in 'output/hists_205.root'
Error in <Merge>: Cannot merge histograms - limits are inconsistent:
 first: Nocut/Q_vs_allbeta/DYJets (100, 0.000000, 1000.000000), second: Nocut/Q_vs_allbeta/DYJets (100, 0.000000, 205.000000)
Error in <TFileMerger::MergeRecursive>: calling Merge() on 'Nocut/Q_vs_allbeta/DYJets' with the corresponding object in 'output/hists_208.root'
Error in <Merge>: Cannot merge histograms - limits are inconsistent:
 first: Nocut/Q_vs_allbeta/DYJets (100, 0.000000, 1000.000000), second: Nocut/Q_vs_allbeta/DYJets (100, 0.000000, 230.000000)
Error in <TFileMerger::MergeRecursive>: calling Merge() on 'Nocut/Q_vs_allbeta/DYJets' with the corresponding object in 'output/hists_209.root'
Error in <Merge>: Cannot merge histograms - limits are inconsistent:
 first: Nocut/Q_vs_allbeta/DYJets (100, 0.000000, 1000.000000), second: Nocut/Q_vs_allbeta/DYJets (100, 0.000000, 235.000000)
Error in <TFileMerger::MergeRecursive>: calling Merge() on 'Nocut/Q_vs_allbeta/DYJets' with the corresponding object in 'output/hists_210.root'
Error in <Merge>: Cannot merge histograms - limits are inconsistent:
 first: Nocut/Q_vs_allbeta/DYJets (100, 0.000000, 1000.000000), second: Nocut/Q_vs_allbeta/DYJets (100, 0.000000, 270.000000)
Error in <TFileMerger::MergeRecursive>: calling Merge() on 'Nocut/Q_vs_allbeta/DYJets' with the corresponding object in 'output/hists_212.root'
Error in <Merge>: Cannot merge histograms - limits are inconsistent:
 first: Nocut/Q_vs_allbeta/DYJets (100, 0.000000, 1000.000000), second: Nocut/Q_vs_allbeta/DYJets (100, 0.000000, 485.000000)
Error in <TFileMerger::MergeRecursive>: calling Merge() on 'Nocut/Q_vs_allbeta/DYJets' with the corresponding object in 'output/hists_214.root'
Error in <Merge>: Cannot merge histograms - limits are inconsistent:
 first: Nocut/Q_vs_allbeta/DYJets (100, -5.000000, 5.000000), second: Nocut/Q_vs_allbeta/DYJets (100, -6.200000, 5.600000)
Error in <TFileMerger::MergeRecursive>: calling Merge() on 'Nocut/Q_vs_allbeta/DYJets' with the corresponding object in 'output/hists_216.root'
Error in <Merge>: Cannot merge histograms - limits are inconsistent:
 first: Nocut/Q_vs_allbeta/DYJets (100, 0.000000, 1000.000000), second: Nocut/Q_vs_allbeta/DYJets (100, 0.000000, 290.000000)
Error in <TFileMerger::MergeRecursive>: calling Merge() on 'Nocut/Q_vs_allbeta/DYJets' with the corresponding object in 'output/hists_218.root'
Error in <Merge>: Cannot merge histograms - limits are inconsistent:
 first: Nocut/Q_vs_allbeta/DYJets (100, -5.000000, 5.000000), second: Nocut/Q_vs_allbeta/DYJets (100, -7.000000, 5.600000)
Error in <TFileMerger::MergeRecursive>: calling Merge() on 'Nocut/Q_vs_allbeta/DYJets' with the corresponding object in 'output/hists_21.root'
Error in <Merge>: Cannot merge histograms - limits are inconsistent:
 first: Nocut/Q_vs_allbeta/DYJets (100, -5.000000, 5.000000), second: Nocut/Q_vs_allbeta/DYJets (100, -5.400000, 5.800000)
Error in <TFileMerger::MergeRecursive>: calling Merge() on 'Nocut/Q_vs_allbeta/DYJets' with the corresponding object in 'output/hists_220.root'
Error in <Merge>: Cannot merge histograms - limits are inconsistent:
 first: Nocut/Q_vs_allbeta/DYJets (100, 0.000000, 1000.000000), second: Nocut/Q_vs_allbeta/DYJets (100, 0.000000, 335.000000)
Error in <TFileMerger::MergeRecursive>: calling Merge() on 'Nocut/Q_vs_allbeta/DYJets' with the corresponding object in 'output/hists_221.root'
Error in <Merge>: Cannot merge histograms - limits are inconsistent:
 first: Nocut/Q_vs_allbeta/DYJets (100, 0.000000, 1000.000000), second: Nocut/Q_vs_allbeta/DYJets (100, 0.000000, 280.000000)
Error in <TFileMerger::MergeRecursive>: calling Merge() on 'Nocut/Q_vs_allbeta/DYJets' with the corresponding object in 'output/hists_222.root'
Error in <Merge>: Cannot merge histograms - limits are inconsistent:
 first: Nocut/Q_vs_allbeta/DYJets (100, 0.000000, 1000.000000), second: Nocut/Q_vs_allbeta/DYJets (100, 0.000000, 215.000000)
Error in <TFileMerger::MergeRecursive>: calling Merge() on 'Nocut/Q_vs_allbeta/DYJets' with the corresponding object in 'output/hists_223.root'
Error in <Merge>: Cannot merge histograms - limits are inconsistent:
 first: Nocut/Q_vs_allbeta/DYJets (100, -5.000000, 5.000000), second: Nocut/Q_vs_allbeta/DYJets (100, -6.000000, 5.400000)
Error in <TFileMerger::MergeRecursive>: calling Merge() on 'Nocut/Q_vs_allbeta/DYJets' with the corresponding object in 'output/hists_225.root'
Error in <Merge>: Cannot merge histograms - limits are inconsistent:
 first: Nocut/Q_vs_allbeta/DYJets (100, 0.000000, 1000.000000), second: Nocut/Q_vs_allbeta/DYJets (100, 0.000000, 205.000000)
Error in <TFileMerger::MergeRecursive>: calling Merge() on 'Nocut/Q_vs_allbeta/DYJets' with the corresponding object in 'output/hists_226.root'
Error in <Merge>: Cannot merge histograms - limits are inconsistent:
 first: Nocut/Q_vs_allbeta/DYJets (100, 0.000000, 1000.000000), second: Nocut/Q_vs_allbeta/DYJets (100, 0.000000, 295.000000)
Error in <TFileMerger::MergeRecursive>: calling Merge() on 'Nocut/Q_vs_allbeta/DYJets' with the corresponding object in 'output/hists_227.root'
Error in <Merge>: Cannot merge histograms - limits are inconsistent:
 first: Nocut/Q_vs_allbeta/DYJets (100, 0.000000, 1000.000000), second: Nocut/Q_vs_allbeta/DYJets (100, 0.000000, 255.000000)
Error in <TFileMerger::MergeRecursive>: calling Merge() on 'Nocut/Q_vs_allbeta/DYJets' with the corresponding object in 'output/hists_232.root'
Error in <Merge>: Cannot merge histograms - limits are inconsistent:
 first: Nocut/Q_vs_allbeta/DYJets (100, 0.000000, 1000.000000), second: Nocut/Q_vs_allbeta/DYJets (100, 0.000000, 270.000000)
Error in <TFileMerger::MergeRecursive>: calling Merge() on 'Nocut/Q_vs_allbeta/DYJets' with the corresponding object in 'output/hists_238.root'
Error in <Merge>: Cannot merge histograms - limits are inconsistent:
 first: Nocut/Q_vs_allbeta/DYJets (100, 0.000000, 1000.000000), second: Nocut/Q_vs_allbeta/DYJets (100, 0.000000, 425.000000)
Error in <TFileMerger::MergeRecursive>: calling Merge() on 'Nocut/Q_vs_allbeta/DYJets' with the corresponding object in 'output/hists_241.root'
Error in <Merge>: Cannot merge histograms - limits are inconsistent:
 first: Nocut/Q_vs_allbeta/DYJets (100, 0.000000, 1000.000000), second: Nocut/Q_vs_allbeta/DYJets (100, 0.000000, 335.000000)
Error in <TFileMerger::MergeRecursive>: calling Merge() on 'Nocut/Q_vs_allbeta/DYJets' with the corresponding object in 'output/hists_244.root'
Error in <Merge>: Cannot merge histograms - limits are inconsistent:
 first: Nocut/Q_vs_allbeta/DYJets (100, 0.000000, 1000.000000), second: Nocut/Q_vs_allbeta/DYJets (100, 0.000000, 530.000000)
Error in <TFileMerger::MergeRecursive>: calling Merge() on 'Nocut/Q_vs_allbeta/DYJets' with the corresponding object in 'output/hists_249.root'
Error in <Merge>: Cannot merge histograms - limits are inconsistent:
 first: Nocut/Q_vs_allbeta/DYJets (100, 0.000000, 1000.000000), second: Nocut/Q_vs_allbeta/DYJets (100, 0.000000, 360.000000)
Error in <TFileMerger::MergeRecursive>: calling Merge() on 'Nocut/Q_vs_allbeta/DYJets' with the corresponding object in 'output/hists_24.root'
Error in <Merge>: Cannot merge histograms - limits are inconsistent:
 first: Nocut/Q_vs_allbeta/DYJets (100, 0.000000, 1000.000000), second: Nocut/Q_vs_allbeta/DYJets (100, 0.000000, 310.000000)
Error in <TFileMerger::MergeRecursive>: calling Merge() on 'Nocut/Q_vs_allbeta/DYJets' with the corresponding object in 'output/hists_250.root'
Error in <Merge>: Cannot merge histograms - limits are inconsistent:
 first: Nocut/Q_vs_allbeta/DYJets (100, 0.000000, 1000.000000), second: Nocut/Q_vs_allbeta/DYJets (100, 0.000000, 215.000000)
Error in <TFileMerger::MergeRecursive>: calling Merge() on 'Nocut/Q_vs_allbeta/DYJets' with the corresponding object in 'output/hists_253.root'
Error in <Merge>: Cannot merge histograms - limits are inconsistent:
 first: Nocut/Q_vs_allbeta/DYJets (100, 0.000000, 1000.000000), second: Nocut/Q_vs_allbeta/DYJets (100, 0.000000, 320.000000)
Error in <TFileMerger::MergeRecursive>: calling Merge() on 'Nocut/Q_vs_allbeta/DYJets' with the corresponding object in 'output/hists_254.root'
Error in <Merge>: Cannot merge histograms - limits are inconsistent:
 first: Nocut/Q_vs_allbeta/DYJets (100, 0.000000, 1000.000000), second: Nocut/Q_vs_allbeta/DYJets (100, 0.000000, 350.000000)
Error in <TFileMerger::MergeRecursive>: calling Merge() on 'Nocut/Q_vs_allbeta/DYJets' with the corresponding object in 'output/hists_257.root'
Error in <Merge>: Cannot merge histograms - limits are inconsistent:
 first: Nocut/Q_vs_allbeta/DYJets (100, 0.000000, 1000.000000), second: Nocut/Q_vs_allbeta/DYJets (100, 0.000000, 205.000000)
Error in <TFileMerger::MergeRecursive>: calling Merge() on 'Nocut/Q_vs_allbeta/DYJets' with the corresponding object in 'output/hists_258.root'
Error in <Merge>: Cannot merge histograms - limits are inconsistent:
 first: Nocut/Q_vs_allbeta/DYJets (100, 0.000000, 1000.000000), second: Nocut/Q_vs_allbeta/DYJets (100, 0.000000, 325.000000)
Error in <TFileMerger::MergeRecursive>: calling Merge() on 'Nocut/Q_vs_allbeta/DYJets' with the corresponding object in 'output/hists_262.root'
Error in <Merge>: Cannot merge histograms - limits are inconsistent:
 first: Nocut/Q_vs_allbeta/DYJets (100, 0.000000, 1000.000000), second: Nocut/Q_vs_allbeta/DYJets (100, 0.000000, 210.000000)
Error in <TFileMerger::MergeRecursive>: calling Merge() on 'Nocut/Q_vs_allbeta/DYJets' with the corresponding object in 'output/hists_266.root'
Error in <Merge>: Cannot merge histograms - limits are inconsistent:
 first: Nocut/Q_vs_allbeta/DYJets (100, -5.000000, 5.000000), second: Nocut/Q_vs_allbeta/DYJets (100, -5.800000, 5.800000)
Error in <TFileMerger::MergeRecursive>: calling Merge() on 'Nocut/Q_vs_allbeta/DYJets' with the corresponding object in 'output/hists_268.root'
Error in <Merge>: Cannot merge histograms - limits are inconsistent:
 first: Nocut/Q_vs_allbeta/DYJets (100, 0.000000, 1000.000000), second: Nocut/Q_vs_allbeta/DYJets (100, 0.000000, 220.000000)
Error in <TFileMerger::MergeRecursive>: calling Merge() on 'Nocut/Q_vs_allbeta/DYJets' with the corresponding object in 'output/hists_26.root'
Error in <Merge>: Cannot merge histograms - limits are inconsistent:
 first: Nocut/Q_vs_allbeta/DYJets (100, 0.000000, 1000.000000), second: Nocut/Q_vs_allbeta/DYJets (100, 0.000000, 415.000000)
Error in <TFileMerger::MergeRecursive>: calling Merge() on 'Nocut/Q_vs_allbeta/DYJets' with the corresponding object in 'output/hists_273.root'
Error in <Merge>: Cannot merge histograms - limits are inconsistent:
 first: Nocut/Q_vs_allbeta/DYJets (100, 0.000000, 1000.000000), second: Nocut/Q_vs_allbeta/DYJets (100, 0.000000, 295.000000)
Error in <TFileMerger::MergeRecursive>: calling Merge() on 'Nocut/Q_vs_allbeta/DYJets' with the corresponding object in 'output/hists_274.root'
Error in <Merge>: Cannot merge histograms - limits are inconsistent:
 first: Nocut/Q_vs_allbeta/DYJets (100, 0.000000, 1000.000000), second: Nocut/Q_vs_allbeta/DYJets (100, 0.000000, 215.000000)
Error in <TFileMerger::MergeRecursive>: calling Merge() on 'Nocut/Q_vs_allbeta/DYJets' with the corresponding object in 'output/hists_277.root'
Error in <Merge>: Cannot merge histograms - limits are inconsistent:
 first: Nocut/Q_vs_allbeta/DYJets (100, -5.000000, 5.000000), second: Nocut/Q_vs_allbeta/DYJets (100, -6.400000, 5.200000)
Error in <TFileMerger::MergeRecursive>: calling Merge() on 'Nocut/Q_vs_allbeta/DYJets' with the corresponding object in 'output/hists_280.root'
Error in <Merge>: Cannot merge histograms - limits are inconsistent:
 first: Nocut/Q_vs_allbeta/DYJets (100, 0.000000, 1000.000000), second: Nocut/Q_vs_allbeta/DYJets (100, 0.000000, 240.000000)
Error in <TFileMerger::MergeRecursive>: calling Merge() on 'Nocut/Q_vs_allbeta/DYJets' with the corresponding object in 'output/hists_281.root'
Error in <Merge>: Cannot merge histograms - limits are inconsistent:
 first: Nocut/Q_vs_allbeta/DYJets (100, 0.000000, 1000.000000), second: Nocut/Q_vs_allbeta/DYJets (100, 0.000000, 210.000000)
Error in <TFileMerger::MergeRecursive>: calling Merge() on 'Nocut/Q_vs_allbeta/DYJets' with the corresponding object in 'output/hists_283.root'
Error in <Merge>: Cannot merge histograms - limits are inconsistent:
 first: Nocut/Q_vs_allbeta/DYJets (100, 0.000000, 1000.000000), second: Nocut/Q_vs_allbeta/DYJets (100, 0.000000, 310.000000)
Error in <TFileMerger::MergeRecursive>: calling Merge() on 'Nocut/Q_vs_allbeta/DYJets' with the corresponding object in 'output/hists_284.root'
Error in <Merge>: Cannot merge histograms - limits are inconsistent:
 first: Nocut/Q_vs_allbeta/DYJets (100, 0.000000, 1000.000000), second: Nocut/Q_vs_allbeta/DYJets (100, 0.000000, 300.000000)
Error in <TFileMerger::MergeRecursive>: calling Merge() on 'Nocut/Q_vs_allbeta/DYJets' with the corresponding object in 'output/hists_288.root'
Error in <Merge>: Cannot merge histograms - limits are inconsistent:
 first: Nocut/Q_vs_allbeta/DYJets (100, 0.000000, 1000.000000), second: Nocut/Q_vs_allbeta/DYJets (100, 0.000000, 325.000000)
Error in <TFileMerger::MergeRecursive>: calling Merge() on 'Nocut/Q_vs_allbeta/DYJets' with the corresponding object in 'output/hists_289.root'
Error in <Merge>: Cannot merge histograms - limits are inconsistent:
 first: Nocut/Q_vs_allbeta/DYJets (100, 0.000000, 1000.000000), second: Nocut/Q_vs_allbeta/DYJets (100, 0.000000, 335.000000)
Error in <TFileMerger::MergeRecursive>: calling Merge() on 'Nocut/Q_vs_allbeta/DYJets' with the corresponding object in 'output/hists_28.root'
Error in <Merge>: Cannot merge histograms - limits are inconsistent:
 first: Nocut/Q_vs_allbeta/DYJets (100, 0.000000, 1000.000000), second: Nocut/Q_vs_allbeta/DYJets (100, 0.000000, 320.000000)
Error in <TFileMerger::MergeRecursive>: calling Merge() on 'Nocut/Q_vs_allbeta/DYJets' with the corresponding object in 'output/hists_290.root'
Error in <Merge>: Cannot merge histograms - limits are inconsistent:
 first: Nocut/Q_vs_allbeta/DYJets (100, 0.000000, 1000.000000), second: Nocut/Q_vs_allbeta/DYJets (100, 0.000000, 172.000000)
Error in <TFileMerger::MergeRecursive>: calling Merge() on 'Nocut/Q_vs_allbeta/DYJets' with the corresponding object in 'output/hists_291.root'
Error in <Merge>: Cannot merge histograms - limits are inconsistent:
 first: Nocut/Q_vs_allbeta/DYJets (100, 0.000000, 1000.000000), second: Nocut/Q_vs_allbeta/DYJets (100, 0.000000, 520.000000)
Error in <TFileMerger::MergeRecursive>: calling Merge() on 'Nocut/Q_vs_allbeta/DYJets' with the corresponding object in 'output/hists_292.root'
Error in <Merge>: Cannot merge histograms - limits are inconsistent:
 first: Nocut/Q_vs_allbeta/DYJets (100, 0.000000, 1000.000000), second: Nocut/Q_vs_allbeta/DYJets (100, 0.000000, 184.000000)
Error in <TFileMerger::MergeRecursive>: calling Merge() on 'Nocut/Q_vs_allbeta/DYJets' with the corresponding object in 'output/hists_296.root'
Error in <Merge>: Cannot merge histograms - limits are inconsistent:
 first: Nocut/Q_vs_allbeta/DYJets (100, 0.000000, 1000.000000), second: Nocut/Q_vs_allbeta/DYJets (100, 0.000000, 210.000000)
Error in <TFileMerger::MergeRecursive>: calling Merge() on 'Nocut/Q_vs_allbeta/DYJets' with the corresponding object in 'output/hists_298.root'
Error in <Merge>: Cannot merge histograms - limits are inconsistent:
 first: Nocut/Q_vs_allbeta/DYJets (100, 0.000000, 1000.000000), second: Nocut/Q_vs_allbeta/DYJets (100, 0.000000, 184.000000)
Error in <TFileMerger::MergeRecursive>: calling Merge() on 'Nocut/Q_vs_allbeta/DYJets' with the corresponding object in 'output/hists_30.root'
Error in <Merge>: Cannot merge histograms - limits are inconsistent:
 first: Nocut/Q_vs_allbeta/DYJets (100, 0.000000, 1000.000000), second: Nocut/Q_vs_allbeta/DYJets (100, 0.000000, 385.000000)
Error in <TFileMerger::MergeRecursive>: calling Merge() on 'Nocut/Q_vs_allbeta/DYJets' with the corresponding object in 'output/hists_31.root'
Error in <Merge>: Cannot merge histograms - limits are inconsistent:
 first: Nocut/Q_vs_allbeta/DYJets (100, 0.000000, 1000.000000), second: Nocut/Q_vs_allbeta/DYJets (100, 0.000000, 210.000000)
Error in <TFileMerger::MergeRecursive>: calling Merge() on 'Nocut/Q_vs_allbeta/DYJets' with the corresponding object in 'output/hists_33.root'
Error in <Merge>: Cannot merge histograms - limits are inconsistent:
 first: Nocut/Q_vs_allbeta/DYJets (100, 0.000000, 1000.000000), second: Nocut/Q_vs_allbeta/DYJets (100, 0.000000, 325.000000)
Error in <TFileMerger::MergeRecursive>: calling Merge() on 'Nocut/Q_vs_allbeta/DYJets' with the corresponding object in 'output/hists_36.root'
Error in <Merge>: Cannot merge histograms - limits are inconsistent:
 first: Nocut/Q_vs_allbeta/DYJets (100, 0.000000, 1000.000000), second: Nocut/Q_vs_allbeta/DYJets (100, 0.000000, 275.000000)
Error in <TFileMerger::MergeRecursive>: calling Merge() on 'Nocut/Q_vs_allbeta/DYJets' with the corresponding object in 'output/hists_40.root'
Error in <Merge>: Cannot merge histograms - limits are inconsistent:
 first: Nocut/Q_vs_allbeta/DYJets (100, 0.000000, 1000.000000), second: Nocut/Q_vs_allbeta/DYJets (100, 0.000000, 325.000000)
Error in <TFileMerger::MergeRecursive>: calling Merge() on 'Nocut/Q_vs_allbeta/DYJets' with the corresponding object in 'output/hists_41.root'
Error in <Merge>: Cannot merge histograms - limits are inconsistent:
 first: Nocut/Q_vs_allbeta/DYJets (100, 0.000000, 1000.000000), second: Nocut/Q_vs_allbeta/DYJets (100, 0.000000, 220.000000)
Error in <TFileMerger::MergeRecursive>: calling Merge() on 'Nocut/Q_vs_allbeta/DYJets' with the corresponding object in 'output/hists_43.root'
Error in <Merge>: Cannot merge histograms - limits are inconsistent:
 first: Nocut/Q_vs_allbeta/DYJets (100, 0.000000, 1000.000000), second: Nocut/Q_vs_allbeta/DYJets (100, 0.000000, 210.000000)
Error in <TFileMerger::MergeRecursive>: calling Merge() on 'Nocut/Q_vs_allbeta/DYJets' with the corresponding object in 'output/hists_44.root'
Error in <Merge>: Cannot merge histograms - limits are inconsistent:
 first: Nocut/Q_vs_allbeta/DYJets (100, 0.000000, 1000.000000), second: Nocut/Q_vs_allbeta/DYJets (100, 0.000000, 310.000000)
Error in <TFileMerger::MergeRecursive>: calling Merge() on 'Nocut/Q_vs_allbeta/DYJets' with the corresponding object in 'output/hists_45.root'
Error in <Merge>: Cannot merge histograms - limits are inconsistent:
 first: Nocut/Q_vs_allbeta/DYJets (100, 0.000000, 1000.000000), second: Nocut/Q_vs_allbeta/DYJets (100, 0.000000, 220.000000)
Error in <TFileMerger::MergeRecursive>: calling Merge() on 'Nocut/Q_vs_allbeta/DYJets' with the corresponding object in 'output/hists_47.root'
Error in <Merge>: Cannot merge histograms - limits are inconsistent:
 first: Nocut/Q_vs_allbeta/DYJets (100, 0.000000, 1000.000000), second: Nocut/Q_vs_allbeta/DYJets (100, 0.000000, 235.000000)
Error in <TFileMerger::MergeRecursive>: calling Merge() on 'Nocut/Q_vs_allbeta/DYJets' with the corresponding object in 'output/hists_49.root'
Error in <Merge>: Cannot merge histograms - limits are inconsistent:
 first: Nocut/Q_vs_allbeta/DYJets (100, 0.000000, 1000.000000), second: Nocut/Q_vs_allbeta/DYJets (100, 0.000000, 410.000000)
Error in <TFileMerger::MergeRecursive>: calling Merge() on 'Nocut/Q_vs_allbeta/DYJets' with the corresponding object in 'output/hists_4.root'
Error in <Merge>: Cannot merge histograms - limits are inconsistent:
 first: Nocut/Q_vs_allbeta/DYJets (100, 0.000000, 1000.000000), second: Nocut/Q_vs_allbeta/DYJets (100, 0.000000, 194.000000)
Error in <TFileMerger::MergeRecursive>: calling Merge() on 'Nocut/Q_vs_allbeta/DYJets' with the corresponding object in 'output/hists_50.root'
Error in <Merge>: Cannot merge histograms - limits are inconsistent:
 first: Nocut/Q_vs_allbeta/DYJets (100, 0.000000, 1000.000000), second: Nocut/Q_vs_allbeta/DYJets (100, 0.000000, 156.000000)
Error in <TFileMerger::MergeRecursive>: calling Merge() on 'Nocut/Q_vs_allbeta/DYJets' with the corresponding object in 'output/hists_52.root'
Error in <Merge>: Cannot merge histograms - limits are inconsistent:
 first: Nocut/Q_vs_allbeta/DYJets (100, -5.000000, 5.000000), second: Nocut/Q_vs_allbeta/DYJets (100, -5.400000, 5.200000)
Error in <TFileMerger::MergeRecursive>: calling Merge() on 'Nocut/Q_vs_allbeta/DYJets' with the corresponding object in 'output/hists_54.root'
Error in <Merge>: Cannot merge histograms - limits are inconsistent:
 first: Nocut/Q_vs_allbeta/DYJets (100, 0.000000, 1000.000000), second: Nocut/Q_vs_allbeta/DYJets (100, 0.000000, 215.000000)
Error in <TFileMerger::MergeRecursive>: calling Merge() on 'Nocut/Q_vs_allbeta/DYJets' with the corresponding object in 'output/hists_58.root'
Error in <Merge>: Cannot merge histograms - limits are inconsistent:
 first: Nocut/Q_vs_allbeta/DYJets (100, 0.000000, 1000.000000), second: Nocut/Q_vs_allbeta/DYJets (100, 0.000000, 475.000000)
Error in <TFileMerger::MergeRecursive>: calling Merge() on 'Nocut/Q_vs_allbeta/DYJets' with the corresponding object in 'output/hists_59.root'
Error in <Merge>: Cannot merge histograms - limits are inconsistent:
 first: Nocut/Q_vs_allbeta/DYJets (100, 0.000000, 1000.000000), second: Nocut/Q_vs_allbeta/DYJets (100, 0.000000, 240.000000)
Error in <TFileMerger::MergeRecursive>: calling Merge() on 'Nocut/Q_vs_allbeta/DYJets' with the corresponding object in 'output/hists_5.root'
Error in <Merge>: Cannot merge histograms - limits are inconsistent:
 first: Nocut/Q_vs_allbeta/DYJets (100, 0.000000, 1000.000000), second: Nocut/Q_vs_allbeta/DYJets (100, 0.000000, 255.000000)
Error in <TFileMerger::MergeRecursive>: calling Merge() on 'Nocut/Q_vs_allbeta/DYJets' with the corresponding object in 'output/hists_60.root'
Error in <Merge>: Cannot merge histograms - limits are inconsistent:
 first: Nocut/Q_vs_allbeta/DYJets (100, 0.000000, 1000.000000), second: Nocut/Q_vs_allbeta/DYJets (100, 0.000000, 285.000000)
Error in <TFileMerger::MergeRecursive>: calling Merge() on 'Nocut/Q_vs_allbeta/DYJets' with the corresponding object in 'output/hists_62.root'
Error in <Merge>: Cannot merge histograms - limits are inconsistent:
 first: Nocut/Q_vs_allbeta/DYJets (100, 0.000000, 1000.000000), second: Nocut/Q_vs_allbeta/DYJets (100, 0.000000, 270.000000)
Error in <TFileMerger::MergeRecursive>: calling Merge() on 'Nocut/Q_vs_allbeta/DYJets' with the corresponding object in 'output/hists_63.root'
Error in <Merge>: Cannot merge histograms - limits are inconsistent:
 first: Nocut/Q_vs_allbeta/DYJets (100, 0.000000, 1000.000000), second: Nocut/Q_vs_allbeta/DYJets (100, 0.000000, 170.000000)
Error in <TFileMerger::MergeRecursive>: calling Merge() on 'Nocut/Q_vs_allbeta/DYJets' with the corresponding object in 'output/hists_64.root'
Error in <Merge>: Cannot merge histograms - limits are inconsistent:
 first: Nocut/Q_vs_allbeta/DYJets (100, 0.000000, 1000.000000), second: Nocut/Q_vs_allbeta/DYJets (100, 0.000000, 240.000000)
Error in <TFileMerger::MergeRecursive>: calling Merge() on 'Nocut/Q_vs_allbeta/DYJets' with the corresponding object in 'output/hists_65.root'
Error in <Merge>: Cannot merge histograms - limits are inconsistent:
 first: Nocut/Q_vs_allbeta/DYJets (100, 0.000000, 1000.000000), second: Nocut/Q_vs_allbeta/DYJets (100, 0.000000, 210.000000)
Error in <TFileMerger::MergeRecursive>: calling Merge() on 'Nocut/Q_vs_allbeta/DYJets' with the corresponding object in 'output/hists_67.root'
Error in <Merge>: Cannot merge histograms - limits are inconsistent:
 first: Nocut/Q_vs_allbeta/DYJets (100, 0.000000, 1000.000000), second: Nocut/Q_vs_allbeta/DYJets (100, 0.000000, 410.000000)
Error in <TFileMerger::MergeRecursive>: calling Merge() on 'Nocut/Q_vs_allbeta/DYJets' with the corresponding object in 'output/hists_69.root'
Error in <Merge>: Cannot merge histograms - limits are inconsistent:
 first: Nocut/Q_vs_allbeta/DYJets (100, 0.000000, 1000.000000), second: Nocut/Q_vs_allbeta/DYJets (100, 0.000000, 198.000000)
Error in <TFileMerger::MergeRecursive>: calling Merge() on 'Nocut/Q_vs_allbeta/DYJets' with the corresponding object in 'output/hists_6.root'
Error in <Merge>: Cannot merge histograms - limits are inconsistent:
 first: Nocut/Q_vs_allbeta/DYJets (100, 0.000000, 1000.000000), second: Nocut/Q_vs_allbeta/DYJets (100, 0.000000, 162.000000)
Error in <TFileMerger::MergeRecursive>: calling Merge() on 'Nocut/Q_vs_allbeta/DYJets' with the corresponding object in 'output/hists_70.root'
Error in <Merge>: Cannot merge histograms - limits are inconsistent:
 first: Nocut/Q_vs_allbeta/DYJets (100, 0.000000, 1000.000000), second: Nocut/Q_vs_allbeta/DYJets (100, 0.000000, 235.000000)
Error in <TFileMerger::MergeRecursive>: calling Merge() on 'Nocut/Q_vs_allbeta/DYJets' with the corresponding object in 'output/hists_71.root'
Error in <Merge>: Cannot merge histograms - limits are inconsistent:
 first: Nocut/Q_vs_allbeta/DYJets (100, 0.000000, 1000.000000), second: Nocut/Q_vs_allbeta/DYJets (100, 0.000000, 260.000000)
Error in <TFileMerger::MergeRecursive>: calling Merge() on 'Nocut/Q_vs_allbeta/DYJets' with the corresponding object in 'output/hists_72.root'
Error in <Merge>: Cannot merge histograms - limits are inconsistent:
 first: Nocut/Q_vs_allbeta/DYJets (100, 0.000000, 1000.000000), second: Nocut/Q_vs_allbeta/DYJets (100, 0.000000, 225.000000)
Error in <TFileMerger::MergeRecursive>: calling Merge() on 'Nocut/Q_vs_allbeta/DYJets' with the corresponding object in 'output/hists_74.root'
Error in <Merge>: Cannot merge histograms - limits are inconsistent:
 first: Nocut/Q_vs_allbeta/DYJets (100, 0.000000, 1000.000000), second: Nocut/Q_vs_allbeta/DYJets (100, 0.000000, 305.000000)
Error in <TFileMerger::MergeRecursive>: calling Merge() on 'Nocut/Q_vs_allbeta/DYJets' with the corresponding object in 'output/hists_75.root'
Error in <Merge>: Cannot merge histograms - limits are inconsistent:
 first: Nocut/Q_vs_allbeta/DYJets (100, 0.000000, 1000.000000), second: Nocut/Q_vs_allbeta/DYJets (100, 0.000000, 275.000000)
Error in <TFileMerger::MergeRecursive>: calling Merge() on 'Nocut/Q_vs_allbeta/DYJets' with the corresponding object in 'output/hists_76.root'
Error in <Merge>: Cannot merge histograms - limits are inconsistent:
 first: Nocut/Q_vs_allbeta/DYJets (100, 0.000000, 1000.000000), second: Nocut/Q_vs_allbeta/DYJets (100, 0.000000, 425.000000)
Error in <TFileMerger::MergeRecursive>: calling Merge() on 'Nocut/Q_vs_allbeta/DYJets' with the corresponding object in 'output/hists_77.root'
Error in <Merge>: Cannot merge histograms - limits are inconsistent:
 first: Nocut/Q_vs_allbeta/DYJets (100, 0.000000, 1000.000000), second: Nocut/Q_vs_allbeta/DYJets (100, 0.000000, 275.000000)
Error in <TFileMerger::MergeRecursive>: calling Merge() on 'Nocut/Q_vs_allbeta/DYJets' with the corresponding object in 'output/hists_80.root'
Error in <Merge>: Cannot merge histograms - limits are inconsistent:
 first: Nocut/Q_vs_allbeta/DYJets (100, 0.000000, 1000.000000), second: Nocut/Q_vs_allbeta/DYJets (100, 0.000000, 205.000000)
Error in <TFileMerger::MergeRecursive>: calling Merge() on 'Nocut/Q_vs_allbeta/DYJets' with the corresponding object in 'output/hists_81.root'
Error in <Merge>: Cannot merge histograms - limits are inconsistent:
 first: Nocut/Q_vs_allbeta/DYJets (100, 0.000000, 1000.000000), second: Nocut/Q_vs_allbeta/DYJets (100, 0.000000, 405.000000)
Error in <TFileMerger::MergeRecursive>: calling Merge() on 'Nocut/Q_vs_allbeta/DYJets' with the corresponding object in 'output/hists_83.root'
Error in <Merge>: Cannot merge histograms - limits are inconsistent:
 first: Nocut/Q_vs_allbeta/DYJets (100, -5.000000, 5.000000), second: Nocut/Q_vs_allbeta/DYJets (100, -5.800000, 5.800000)
Error in <TFileMerger::MergeRecursive>: calling Merge() on 'Nocut/Q_vs_allbeta/DYJets' with the corresponding object in 'output/hists_84.root'
Error in <Merge>: Cannot merge histograms - limits are inconsistent:
 first: Nocut/Q_vs_allbeta/DYJets (100, 0.000000, 1000.000000), second: Nocut/Q_vs_allbeta/DYJets (100, 0.000000, 255.000000)
Error in <TFileMerger::MergeRecursive>: calling Merge() on 'Nocut/Q_vs_allbeta/DYJets' with the corresponding object in 'output/hists_87.root'
Error in <Merge>: Cannot merge histograms - limits are inconsistent:
 first: Nocut/Q_vs_allbeta/DYJets (100, 0.000000, 1000.000000), second: Nocut/Q_vs_allbeta/DYJets (100, 0.000000, 325.000000)
Error in <TFileMerger::MergeRecursive>: calling Merge() on 'Nocut/Q_vs_allbeta/DYJets' with the corresponding object in 'output/hists_93.root'
Error in <Merge>: Cannot merge histograms - limits are inconsistent:
 first: Nocut/Q_vs_allbeta/DYJets (100, 0.000000, 1000.000000), second: Nocut/Q_vs_allbeta/DYJets (100, 0.000000, 230.000000)
Error in <TFileMerger::MergeRecursive>: calling Merge() on 'Nocut/Q_vs_allbeta/DYJets' with the corresponding object in 'output/hists_94.root'
Error in <Merge>: Cannot merge histograms - limits are inconsistent:
 first: Nocut/Q_vs_allbeta/DYJets (100, 0.000000, 1000.000000), second: Nocut/Q_vs_allbeta/DYJets (100, 0.000000, 280.000000)
Error in <TFileMerger::MergeRecursive>: calling Merge() on 'Nocut/Q_vs_allbeta/DYJets' with the corresponding object in 'output/hists_95.root'
Error in <Merge>: Cannot merge histograms - limits are inconsistent:
 first: Nocut/Q_vs_allbeta/DYJets (100, 0.000000, 1000.000000), second: Nocut/Q_vs_allbeta/DYJets (100, 0.000000, 220.000000)
Error in <TFileMerger::MergeRecursive>: calling Merge() on 'Nocut/Q_vs_allbeta/DYJets' with the corresponding object in 'output/hists_96.root'
Error in <Merge>: Cannot merge histograms - limits are inconsistent:
 first: Nocut/Q_vs_beta/DYJets (100, 0.000000, 335.000000), second: Nocut/Q_vs_beta/DYJets (100, 0.000000, 365.000000)
Error in <TFileMerger::MergeRecursive>: calling Merge() on 'Nocut/Q_vs_beta/DYJets' with the corresponding object in 'output/hists_100.root'
Error in <Merge>: Cannot merge histograms - limits are inconsistent:
 first: Nocut/Q_vs_beta/DYJets (100, 0.000000, 335.000000), second: Nocut/Q_vs_beta/DYJets (100, 0.000000, 280.000000)
Error in <TFileMerger::MergeRecursive>: calling Merge() on 'Nocut/Q_vs_beta/DYJets' with the corresponding object in 'output/hists_101.root'
Error in <Merge>: Cannot merge histograms - limits are inconsistent:
 first: Nocut/Q_vs_beta/DYJets (100, 0.000000, 335.000000), second: Nocut/Q_vs_beta/DYJets (100, 0.000000, 370.000000)
Error in <TFileMerger::MergeRecursive>: calling Merge() on 'Nocut/Q_vs_beta/DYJets' with the corresponding object in 'output/hists_102.root'
Error in <Merge>: Cannot merge histograms - limits are inconsistent:
 first: Nocut/Q_vs_beta/DYJets (100, 0.000000, 335.000000), second: Nocut/Q_vs_beta/DYJets (100, 0.000000, 172.000000)
Error in <TFileMerger::MergeRecursive>: calling Merge() on 'Nocut/Q_vs_beta/DYJets' with the corresponding object in 'output/hists_103.root'
Error in <Merge>: Cannot merge histograms - limits are inconsistent:
 first: Nocut/Q_vs_beta/DYJets (100, 0.000000, 335.000000), second: Nocut/Q_vs_beta/DYJets (100, 0.000000, 225.000000)
Error in <TFileMerger::MergeRecursive>: calling Merge() on 'Nocut/Q_vs_beta/DYJets' with the corresponding object in 'output/hists_104.root'
Error in <Merge>: Cannot merge histograms - limits are inconsistent:
 first: Nocut/Q_vs_beta/DYJets (100, 0.000000, 335.000000), second: Nocut/Q_vs_beta/DYJets (100, 0.000000, 210.000000)
Error in <TFileMerger::MergeRecursive>: calling Merge() on 'Nocut/Q_vs_beta/DYJets' with the corresponding object in 'output/hists_105.root'
Error in <Merge>: Cannot merge histograms - limits are inconsistent:
 first: Nocut/Q_vs_beta/DYJets (100, 0.000000, 335.000000), second: Nocut/Q_vs_beta/DYJets (100, 0.000000, 405.000000)
Error in <TFileMerger::MergeRecursive>: calling Merge() on 'Nocut/Q_vs_beta/DYJets' with the corresponding object in 'output/hists_106.root'
Error in <Merge>: Cannot merge histograms - limits are inconsistent:
 first: Nocut/Q_vs_beta/DYJets (100, 0.000000, 335.000000), second: Nocut/Q_vs_beta/DYJets (100, 0.000000, 250.000000)
Error in <TFileMerger::MergeRecursive>: calling Merge() on 'Nocut/Q_vs_beta/DYJets' with the corresponding object in 'output/hists_107.root'
Error in <Merge>: Cannot merge histograms - limits are inconsistent:
 first: Nocut/Q_vs_beta/DYJets (100, 0.000000, 335.000000), second: Nocut/Q_vs_beta/DYJets (100, 0.000000, 350.000000)
Error in <TFileMerger::MergeRecursive>: calling Merge() on 'Nocut/Q_vs_beta/DYJets' with the corresponding object in 'output/hists_108.root'
Error in <Merge>: Cannot merge histograms - limits are inconsistent:
 first: Nocut/Q_vs_beta/DYJets (100, 0.000000, 335.000000), second: Nocut/Q_vs_beta/DYJets (100, 0.000000, 198.000000)
Error in <TFileMerger::MergeRecursive>: calling Merge() on 'Nocut/Q_vs_beta/DYJets' with the corresponding object in 'output/hists_109.root'
Error in <Merge>: Cannot merge histograms - limits are inconsistent:
 first: Nocut/Q_vs_beta/DYJets (100, 0.000000, 335.000000), second: Nocut/Q_vs_beta/DYJets (100, 0.000000, 215.000000)
Error in <TFileMerger::MergeRecursive>: calling Merge() on 'Nocut/Q_vs_beta/DYJets' with the corresponding object in 'output/hists_10.root'
Error in <Merge>: Cannot merge histograms - limits are inconsistent:
 first: Nocut/Q_vs_beta/DYJets (100, 0.000000, 335.000000), second: Nocut/Q_vs_beta/DYJets (100, 0.000000, 220.000000)
Error in <TFileMerger::MergeRecursive>: calling Merge() on 'Nocut/Q_vs_beta/DYJets' with the corresponding object in 'output/hists_110.root'
Error in <Merge>: Cannot merge histograms - limits are inconsistent:
 first: Nocut/Q_vs_beta/DYJets (100, 0.000000, 335.000000), second: Nocut/Q_vs_beta/DYJets (100, 0.000000, 320.000000)
Error in <TFileMerger::MergeRecursive>: calling Merge() on 'Nocut/Q_vs_beta/DYJets' with the corresponding object in 'output/hists_111.root'
Error in <Merge>: Cannot merge histograms - limits are inconsistent:
 first: Nocut/Q_vs_beta/DYJets (100, 0.000000, 335.000000), second: Nocut/Q_vs_beta/DYJets (100, 0.000000, 250.000000)
Error in <TFileMerger::MergeRecursive>: calling Merge() on 'Nocut/Q_vs_beta/DYJets' with the corresponding object in 'output/hists_112.root'
Error in <Merge>: Cannot merge histograms - limits are inconsistent:
 first: Nocut/Q_vs_beta/DYJets (100, 0.000000, 335.000000), second: Nocut/Q_vs_beta/DYJets (100, 0.000000, 200.000000)
Error in <TFileMerger::MergeRecursive>: calling Merge() on 'Nocut/Q_vs_beta/DYJets' with the corresponding object in 'output/hists_113.root'
Error in <Merge>: Cannot merge histograms - limits are inconsistent:
 first: Nocut/Q_vs_beta/DYJets (100, 0.000000, 335.000000), second: Nocut/Q_vs_beta/DYJets (100, 0.000000, 215.000000)
Error in <TFileMerger::MergeRecursive>: calling Merge() on 'Nocut/Q_vs_beta/DYJets' with the corresponding object in 'output/hists_114.root'
Error in <Merge>: Cannot merge histograms - limits are inconsistent:
 first: Nocut/Q_vs_beta/DYJets (100, 0.000000, 335.000000), second: Nocut/Q_vs_beta/DYJets (100, 0.000000, 310.000000)
Error in <TFileMerger::MergeRecursive>: calling Merge() on 'Nocut/Q_vs_beta/DYJets' with the corresponding object in 'output/hists_115.root'
Error in <Merge>: Cannot merge histograms - limits are inconsistent:
 first: Nocut/Q_vs_beta/DYJets (100, -6.600000, 5.800000), second: Nocut/Q_vs_beta/DYJets (100, -5.400000, 5.800000)
Error in <TFileMerger::MergeRecursive>: calling Merge() on 'Nocut/Q_vs_beta/DYJets' with the corresponding object in 'output/hists_116.root'
Error in <Merge>: Cannot merge histograms - limits are inconsistent:
 first: Nocut/Q_vs_beta/DYJets (100, 0.000000, 335.000000), second: Nocut/Q_vs_beta/DYJets (100, 0.000000, 390.000000)
Error in <TFileMerger::MergeRecursive>: calling Merge() on 'Nocut/Q_vs_beta/DYJets' with the corresponding object in 'output/hists_117.root'
Error in <Merge>: Cannot merge histograms - limits are inconsistent:
 first: Nocut/Q_vs_beta/DYJets (100, 0.000000, 335.000000), second: Nocut/Q_vs_beta/DYJets (100, 0.000000, 210.000000)
Error in <TFileMerger::MergeRecursive>: calling Merge() on 'Nocut/Q_vs_beta/DYJets' with the corresponding object in 'output/hists_118.root'
Error in <Merge>: Cannot merge histograms - limits are inconsistent:
 first: Nocut/Q_vs_beta/DYJets (100, 0.000000, 335.000000), second: Nocut/Q_vs_beta/DYJets (100, 0.000000, 365.000000)
Error in <TFileMerger::MergeRecursive>: calling Merge() on 'Nocut/Q_vs_beta/DYJets' with the corresponding object in 'output/hists_119.root'
Error in <Merge>: Cannot merge histograms - limits are inconsistent:
 first: Nocut/Q_vs_beta/DYJets (100, 0.000000, 335.000000), second: Nocut/Q_vs_beta/DYJets (100, 0.000000, 340.000000)
Error in <TFileMerger::MergeRecursive>: calling Merge() on 'Nocut/Q_vs_beta/DYJets' with the corresponding object in 'output/hists_11.root'
Error in <Merge>: Cannot merge histograms - limits are inconsistent:
 first: Nocut/Q_vs_beta/DYJets (100, 0.000000, 335.000000), second: Nocut/Q_vs_beta/DYJets (100, 0.000000, 255.000000)
Error in <TFileMerger::MergeRecursive>: calling Merge() on 'Nocut/Q_vs_beta/DYJets' with the corresponding object in 'output/hists_120.root'
Error in <Merge>: Cannot merge histograms - limits are inconsistent:
 first: Nocut/Q_vs_beta/DYJets (100, 0.000000, 335.000000), second: Nocut/Q_vs_beta/DYJets (100, 0.000000, 220.000000)
Error in <TFileMerger::MergeRecursive>: calling Merge() on 'Nocut/Q_vs_beta/DYJets' with the corresponding object in 'output/hists_121.root'
Error in <Merge>: Cannot merge histograms - limits are inconsistent:
 first: Nocut/Q_vs_beta/DYJets (100, 0.000000, 335.000000), second: Nocut/Q_vs_beta/DYJets (100, 0.000000, 235.000000)
Error in <TFileMerger::MergeRecursive>: calling Merge() on 'Nocut/Q_vs_beta/DYJets' with the corresponding object in 'output/hists_122.root'
Error in <Merge>: Cannot merge histograms - limits are inconsistent:
 first: Nocut/Q_vs_beta/DYJets (100, 0.000000, 335.000000), second: Nocut/Q_vs_beta/DYJets (100, 0.000000, 550.000000)
Error in <TFileMerger::MergeRecursive>: calling Merge() on 'Nocut/Q_vs_beta/DYJets' with the corresponding object in 'output/hists_123.root'
Error in <Merge>: Cannot merge histograms - limits are inconsistent:
 first: Nocut/Q_vs_beta/DYJets (100, 0.000000, 335.000000), second: Nocut/Q_vs_beta/DYJets (100, 0.000000, 300.000000)
Error in <TFileMerger::MergeRecursive>: calling Merge() on 'Nocut/Q_vs_beta/DYJets' with the corresponding object in 'output/hists_124.root'
Error in <Merge>: Cannot merge histograms - limits are inconsistent:
 first: Nocut/Q_vs_beta/DYJets (100, 0.000000, 335.000000), second: Nocut/Q_vs_beta/DYJets (100, 0.000000, 215.000000)
Error in <TFileMerger::MergeRecursive>: calling Merge() on 'Nocut/Q_vs_beta/DYJets' with the corresponding object in 'output/hists_125.root'
Error in <Merge>: Cannot merge histograms - limits are inconsistent:
 first: Nocut/Q_vs_beta/DYJets (100, 0.000000, 335.000000), second: Nocut/Q_vs_beta/DYJets (100, 0.000000, 210.000000)
Error in <TFileMerger::MergeRecursive>: calling Merge() on 'Nocut/Q_vs_beta/DYJets' with the corresponding object in 'output/hists_126.root'
Error in <Merge>: Cannot merge histograms - limits are inconsistent:
 first: Nocut/Q_vs_beta/DYJets (100, 0.000000, 335.000000), second: Nocut/Q_vs_beta/DYJets (100, 0.000000, 200.000000)
Error in <TFileMerger::MergeRecursive>: calling Merge() on 'Nocut/Q_vs_beta/DYJets' with the corresponding object in 'output/hists_127.root'
Error in <Merge>: Cannot merge histograms - limits are inconsistent:
 first: Nocut/Q_vs_beta/DYJets (100, 0.000000, 335.000000), second: Nocut/Q_vs_beta/DYJets (100, 2.000000, 150.000000)
Error in <TFileMerger::MergeRecursive>: calling Merge() on 'Nocut/Q_vs_beta/DYJets' with the corresponding object in 'output/hists_128.root'
Error in <Merge>: Cannot merge histograms - limits are inconsistent:
 first: Nocut/Q_vs_beta/DYJets (100, 0.000000, 335.000000), second: Nocut/Q_vs_beta/DYJets (100, 0.000000, 280.000000)
Error in <TFileMerger::MergeRecursive>: calling Merge() on 'Nocut/Q_vs_beta/DYJets' with the corresponding object in 'output/hists_129.root'
Error in <Merge>: Cannot merge histograms - limits are inconsistent:
 first: Nocut/Q_vs_beta/DYJets (100, 0.000000, 335.000000), second: Nocut/Q_vs_beta/DYJets (100, 0.000000, 172.000000)
Error in <TFileMerger::MergeRecursive>: calling Merge() on 'Nocut/Q_vs_beta/DYJets' with the corresponding object in 'output/hists_12.root'
Error in <Merge>: Cannot merge histograms - limits are inconsistent:
 first: Nocut/Q_vs_beta/DYJets (100, 0.000000, 335.000000), second: Nocut/Q_vs_beta/DYJets (100, 0.000000, 148.000000)
Error in <TFileMerger::MergeRecursive>: calling Merge() on 'Nocut/Q_vs_beta/DYJets' with the corresponding object in 'output/hists_130.root'
Error in <Merge>: Cannot merge histograms - limits are inconsistent:
 first: Nocut/Q_vs_beta/DYJets (100, 0.000000, 335.000000), second: Nocut/Q_vs_beta/DYJets (100, 0.000000, 220.000000)
Error in <TFileMerger::MergeRecursive>: calling Merge() on 'Nocut/Q_vs_beta/DYJets' with the corresponding object in 'output/hists_131.root'
Error in <Merge>: Cannot merge histograms - limits are inconsistent:
 first: Nocut/Q_vs_beta/DYJets (100, 0.000000, 335.000000), second: Nocut/Q_vs_beta/DYJets (100, 0.000000, 194.000000)
Error in <TFileMerger::MergeRecursive>: calling Merge() on 'Nocut/Q_vs_beta/DYJets' with the corresponding object in 'output/hists_132.root'
Error in <Merge>: Cannot merge histograms - limits are inconsistent:
 first: Nocut/Q_vs_beta/DYJets (100, 0.000000, 335.000000), second: Nocut/Q_vs_beta/DYJets (100, 0.000000, 395.000000)
Error in <TFileMerger::MergeRecursive>: calling Merge() on 'Nocut/Q_vs_beta/DYJets' with the corresponding object in 'output/hists_133.root'
Error in <Merge>: Cannot merge histograms - limits are inconsistent:
 first: Nocut/Q_vs_beta/DYJets (100, 0.000000, 335.000000), second: Nocut/Q_vs_beta/DYJets (100, 0.000000, 180.000000)
Error in <TFileMerger::MergeRecursive>: calling Merge() on 'Nocut/Q_vs_beta/DYJets' with the corresponding object in 'output/hists_134.root'
Error in <Merge>: Cannot merge histograms - limits are inconsistent:
 first: Nocut/Q_vs_beta/DYJets (100, 0.000000, 335.000000), second: Nocut/Q_vs_beta/DYJets (100, 0.000000, 330.000000)
Error in <TFileMerger::MergeRecursive>: calling Merge() on 'Nocut/Q_vs_beta/DYJets' with the corresponding object in 'output/hists_135.root'
Error in <Merge>: Cannot merge histograms - limits are inconsistent:
 first: Nocut/Q_vs_beta/DYJets (100, 0.000000, 335.000000), second: Nocut/Q_vs_beta/DYJets (100, 0.000000, 260.000000)
Error in <TFileMerger::MergeRecursive>: calling Merge() on 'Nocut/Q_vs_beta/DYJets' with the corresponding object in 'output/hists_136.root'
Error in <Merge>: Cannot merge histograms - limits are inconsistent:
 first: Nocut/Q_vs_beta/DYJets (100, 0.000000, 335.000000), second: Nocut/Q_vs_beta/DYJets (100, 0.000000, 485.000000)
Error in <TFileMerger::MergeRecursive>: calling Merge() on 'Nocut/Q_vs_beta/DYJets' with the corresponding object in 'output/hists_137.root'
Error in <Merge>: Cannot merge histograms - limits are inconsistent:
 first: Nocut/Q_vs_beta/DYJets (100, 0.000000, 335.000000), second: Nocut/Q_vs_beta/DYJets (100, 0.000000, 246.000000)
Error in <TFileMerger::MergeRecursive>: calling Merge() on 'Nocut/Q_vs_beta/DYJets' with the corresponding object in 'output/hists_138.root'
Error in <Merge>: Cannot merge histograms - limits are inconsistent:
 first: Nocut/Q_vs_beta/DYJets (100, 0.000000, 335.000000), second: Nocut/Q_vs_beta/DYJets (100, 0.000000, 215.000000)
Error in <TFileMerger::MergeRecursive>: calling Merge() on 'Nocut/Q_vs_beta/DYJets' with the corresponding object in 'output/hists_139.root'
Error in <Merge>: Cannot merge histograms - limits are inconsistent:
 first: Nocut/Q_vs_beta/DYJets (100, 0.000000, 335.000000), second: Nocut/Q_vs_beta/DYJets (100, 0.000000, 250.000000)
Error in <TFileMerger::MergeRecursive>: calling Merge() on 'Nocut/Q_vs_beta/DYJets' with the corresponding object in 'output/hists_13.root'
Error in <Merge>: Cannot merge histograms - limits are inconsistent:
 first: Nocut/Q_vs_beta/DYJets (100, 0.000000, 335.000000), second: Nocut/Q_vs_beta/DYJets (100, 0.000000, 200.000000)
Error in <TFileMerger::MergeRecursive>: calling Merge() on 'Nocut/Q_vs_beta/DYJets' with the corresponding object in 'output/hists_140.root'
Error in <Merge>: Cannot merge histograms - limits are inconsistent:
 first: Nocut/Q_vs_beta/DYJets (100, 0.000000, 335.000000), second: Nocut/Q_vs_beta/DYJets (100, 0.000000, 235.000000)
Error in <TFileMerger::MergeRecursive>: calling Merge() on 'Nocut/Q_vs_beta/DYJets' with the corresponding object in 'output/hists_141.root'
Error in <Merge>: Cannot merge histograms - limits are inconsistent:
 first: Nocut/Q_vs_beta/DYJets (100, 0.000000, 335.000000), second: Nocut/Q_vs_beta/DYJets (100, 0.000000, 188.000000)
Error in <TFileMerger::MergeRecursive>: calling Merge() on 'Nocut/Q_vs_beta/DYJets' with the corresponding object in 'output/hists_142.root'
Error in <Merge>: Cannot merge histograms - limits are inconsistent:
 first: Nocut/Q_vs_beta/DYJets (100, 0.000000, 335.000000), second: Nocut/Q_vs_beta/DYJets (100, 0.000000, 295.000000)
Error in <TFileMerger::MergeRecursive>: calling Merge() on 'Nocut/Q_vs_beta/DYJets' with the corresponding object in 'output/hists_143.root'
Error in <Merge>: Cannot merge histograms - limits are inconsistent:
 first: Nocut/Q_vs_beta/DYJets (100, 0.000000, 335.000000), second: Nocut/Q_vs_beta/DYJets (100, 0.000000, 500.000000)
Error in <TFileMerger::MergeRecursive>: calling Merge() on 'Nocut/Q_vs_beta/DYJets' with the corresponding object in 'output/hists_144.root'
Error in <Merge>: Cannot merge histograms - limits are inconsistent:
 first: Nocut/Q_vs_beta/DYJets (100, 0.000000, 335.000000), second: Nocut/Q_vs_beta/DYJets (100, 0.000000, 465.000000)
Error in <TFileMerger::MergeRecursive>: calling Merge() on 'Nocut/Q_vs_beta/DYJets' with the corresponding object in 'output/hists_145.root'
Error in <Merge>: Cannot merge histograms - limits are inconsistent:
 first: Nocut/Q_vs_beta/DYJets (100, 0.000000, 335.000000), second: Nocut/Q_vs_beta/DYJets (100, 0.000000, 198.000000)
Error in <TFileMerger::MergeRecursive>: calling Merge() on 'Nocut/Q_vs_beta/DYJets' with the corresponding object in 'output/hists_146.root'
Error in <Merge>: Cannot merge histograms - limits are inconsistent:
 first: Nocut/Q_vs_beta/DYJets (100, 0.000000, 335.000000), second: Nocut/Q_vs_beta/DYJets (100, 0.000000, 385.000000)
Error in <TFileMerger::MergeRecursive>: calling Merge() on 'Nocut/Q_vs_beta/DYJets' with the corresponding object in 'output/hists_147.root'
Error in <Merge>: Cannot merge histograms - limits are inconsistent:
 first: Nocut/Q_vs_beta/DYJets (100, 0.000000, 335.000000), second: Nocut/Q_vs_beta/DYJets (100, 0.000000, 210.000000)
Error in <TFileMerger::MergeRecursive>: calling Merge() on 'Nocut/Q_vs_beta/DYJets' with the corresponding object in 'output/hists_148.root'
Error in <Merge>: Cannot merge histograms - limits are inconsistent:
 first: Nocut/Q_vs_beta/DYJets (100, 0.000000, 335.000000), second: Nocut/Q_vs_beta/DYJets (100, 0.000000, 300.000000)
Error in <TFileMerger::MergeRecursive>: calling Merge() on 'Nocut/Q_vs_beta/DYJets' with the corresponding object in 'output/hists_149.root'
Error in <Merge>: Cannot merge histograms - limits are inconsistent:
 first: Nocut/Q_vs_beta/DYJets (100, 0.000000, 335.000000), second: Nocut/Q_vs_beta/DYJets (100, 0.000000, 225.000000)
Error in <TFileMerger::MergeRecursive>: calling Merge() on 'Nocut/Q_vs_beta/DYJets' with the corresponding object in 'output/hists_14.root'
Error in <Merge>: Cannot merge histograms - limits are inconsistent:
 first: Nocut/Q_vs_beta/DYJets (100, 0.000000, 335.000000), second: Nocut/Q_vs_beta/DYJets (100, 0.000000, 400.000000)
Error in <TFileMerger::MergeRecursive>: calling Merge() on 'Nocut/Q_vs_beta/DYJets' with the corresponding object in 'output/hists_150.root'
Error in <Merge>: Cannot merge histograms - limits are inconsistent:
 first: Nocut/Q_vs_beta/DYJets (100, 0.000000, 335.000000), second: Nocut/Q_vs_beta/DYJets (100, 0.000000, 205.000000)
Error in <TFileMerger::MergeRecursive>: calling Merge() on 'Nocut/Q_vs_beta/DYJets' with the corresponding object in 'output/hists_151.root'
Error in <Merge>: Cannot merge histograms - limits are inconsistent:
 first: Nocut/Q_vs_beta/DYJets (100, 0.000000, 335.000000), second: Nocut/Q_vs_beta/DYJets (100, 0.000000, 285.000000)
Error in <TFileMerger::MergeRecursive>: calling Merge() on 'Nocut/Q_vs_beta/DYJets' with the corresponding object in 'output/hists_152.root'
Error in <Merge>: Cannot merge histograms - limits are inconsistent:
 first: Nocut/Q_vs_beta/DYJets (100, 0.000000, 335.000000), second: Nocut/Q_vs_beta/DYJets (100, 0.000000, 205.000000)
Error in <TFileMerger::MergeRecursive>: calling Merge() on 'Nocut/Q_vs_beta/DYJets' with the corresponding object in 'output/hists_153.root'
Error in <Merge>: Cannot merge histograms - limits are inconsistent:
 first: Nocut/Q_vs_beta/DYJets (100, 0.000000, 335.000000), second: Nocut/Q_vs_beta/DYJets (100, 0.000000, 170.000000)
Error in <TFileMerger::MergeRecursive>: calling Merge() on 'Nocut/Q_vs_beta/DYJets' with the corresponding object in 'output/hists_154.root'
Error in <Merge>: Cannot merge histograms - limits are inconsistent:
 first: Nocut/Q_vs_beta/DYJets (100, 0.000000, 335.000000), second: Nocut/Q_vs_beta/DYJets (100, 0.000000, 325.000000)
Error in <TFileMerger::MergeRecursive>: calling Merge() on 'Nocut/Q_vs_beta/DYJets' with the corresponding object in 'output/hists_155.root'
Error in <Merge>: Cannot merge histograms - limits are inconsistent:
 first: Nocut/Q_vs_beta/DYJets (100, 0.000000, 335.000000), second: Nocut/Q_vs_beta/DYJets (100, 0.000000, 255.000000)
Error in <TFileMerger::MergeRecursive>: calling Merge() on 'Nocut/Q_vs_beta/DYJets' with the corresponding object in 'output/hists_156.root'
Error in <Merge>: Cannot merge histograms - limits are inconsistent:
 first: Nocut/Q_vs_beta/DYJets (100, 0.000000, 335.000000), second: Nocut/Q_vs_beta/DYJets (100, 0.000000, 475.000000)
Error in <TFileMerger::MergeRecursive>: calling Merge() on 'Nocut/Q_vs_beta/DYJets' with the corresponding object in 'output/hists_157.root'
Error in <Merge>: Cannot merge histograms - limits are inconsistent:
 first: Nocut/Q_vs_beta/DYJets (100, 0.000000, 335.000000), second: Nocut/Q_vs_beta/DYJets (100, 0.000000, 192.000000)
Error in <TFileMerger::MergeRecursive>: calling Merge() on 'Nocut/Q_vs_beta/DYJets' with the corresponding object in 'output/hists_158.root'
Error in <Merge>: Cannot merge histograms - limits are inconsistent:
 first: Nocut/Q_vs_beta/DYJets (100, 0.000000, 335.000000), second: Nocut/Q_vs_beta/DYJets (100, 0.000000, 230.000000)
Error in <TFileMerger::MergeRecursive>: calling Merge() on 'Nocut/Q_vs_beta/DYJets' with the corresponding object in 'output/hists_159.root'
Error in <Merge>: Cannot merge histograms - limits are inconsistent:
 first: Nocut/Q_vs_beta/DYJets (100, 0.000000, 335.000000), second: Nocut/Q_vs_beta/DYJets (100, 0.000000, 445.000000)
Error in <TFileMerger::MergeRecursive>: calling Merge() on 'Nocut/Q_vs_beta/DYJets' with the corresponding object in 'output/hists_15.root'
Error in <Merge>: Cannot merge histograms - limits are inconsistent:
 first: Nocut/Q_vs_beta/DYJets (100, 0.000000, 335.000000), second: Nocut/Q_vs_beta/DYJets (100, 0.000000, 250.000000)
Error in <TFileMerger::MergeRecursive>: calling Merge() on 'Nocut/Q_vs_beta/DYJets' with the corresponding object in 'output/hists_160.root'
Error in <Merge>: Cannot merge histograms - limits are inconsistent:
 first: Nocut/Q_vs_beta/DYJets (100, 0.000000, 335.000000), second: Nocut/Q_vs_beta/DYJets (100, 0.000000, 330.000000)
Error in <TFileMerger::MergeRecursive>: calling Merge() on 'Nocut/Q_vs_beta/DYJets' with the corresponding object in 'output/hists_161.root'
Error in <Merge>: Cannot merge histograms - limits are inconsistent:
 first: Nocut/Q_vs_beta/DYJets (100, 0.000000, 335.000000), second: Nocut/Q_vs_beta/DYJets (100, 0.000000, 290.000000)
Error in <TFileMerger::MergeRecursive>: calling Merge() on 'Nocut/Q_vs_beta/DYJets' with the corresponding object in 'output/hists_162.root'
Error in <Merge>: Cannot merge histograms - limits are inconsistent:
 first: Nocut/Q_vs_beta/DYJets (100, 0.000000, 335.000000), second: Nocut/Q_vs_beta/DYJets (100, 0.000000, 350.000000)
Error in <TFileMerger::MergeRecursive>: calling Merge() on 'Nocut/Q_vs_beta/DYJets' with the corresponding object in 'output/hists_163.root'
Error in <Merge>: Cannot merge histograms - limits are inconsistent:
 first: Nocut/Q_vs_beta/DYJets (100, 0.000000, 335.000000), second: Nocut/Q_vs_beta/DYJets (100, 0.000000, 200.000000)
Error in <TFileMerger::MergeRecursive>: calling Merge() on 'Nocut/Q_vs_beta/DYJets' with the corresponding object in 'output/hists_164.root'
Error in <Merge>: Cannot merge histograms - limits are inconsistent:
 first: Nocut/Q_vs_beta/DYJets (100, 0.000000, 335.000000), second: Nocut/Q_vs_beta/DYJets (100, 0.000000, 370.000000)
Error in <TFileMerger::MergeRecursive>: calling Merge() on 'Nocut/Q_vs_beta/DYJets' with the corresponding object in 'output/hists_165.root'
Error in <Merge>: Cannot merge histograms - limits are inconsistent:
 first: Nocut/Q_vs_beta/DYJets (100, 0.000000, 335.000000), second: Nocut/Q_vs_beta/DYJets (100, 0.000000, 385.000000)
Error in <TFileMerger::MergeRecursive>: calling Merge() on 'Nocut/Q_vs_beta/DYJets' with the corresponding object in 'output/hists_166.root'
Error in <Merge>: Cannot merge histograms - limits are inconsistent:
 first: Nocut/Q_vs_beta/DYJets (100, 0.000000, 335.000000), second: Nocut/Q_vs_beta/DYJets (100, 0.000000, 235.000000)
Error in <TFileMerger::MergeRecursive>: calling Merge() on 'Nocut/Q_vs_beta/DYJets' with the corresponding object in 'output/hists_167.root'
Error in <Merge>: Cannot merge histograms - limits are inconsistent:
 first: Nocut/Q_vs_beta/DYJets (100, 0.000000, 335.000000), second: Nocut/Q_vs_beta/DYJets (100, 0.000000, 255.000000)
Error in <TFileMerger::MergeRecursive>: calling Merge() on 'Nocut/Q_vs_beta/DYJets' with the corresponding object in 'output/hists_168.root'
Error in <Merge>: Cannot merge histograms - limits are inconsistent:
 first: Nocut/Q_vs_beta/DYJets (100, 0.000000, 335.000000), second: Nocut/Q_vs_beta/DYJets (100, 0.000000, 365.000000)
Error in <TFileMerger::MergeRecursive>: calling Merge() on 'Nocut/Q_vs_beta/DYJets' with the corresponding object in 'output/hists_169.root'
Error in <Merge>: Cannot merge histograms - limits are inconsistent:
 first: Nocut/Q_vs_beta/DYJets (100, 0.000000, 335.000000), second: Nocut/Q_vs_beta/DYJets (100, 0.000000, 205.000000)
Error in <TFileMerger::MergeRecursive>: calling Merge() on 'Nocut/Q_vs_beta/DYJets' with the corresponding object in 'output/hists_16.root'
Error in <Merge>: Cannot merge histograms - limits are inconsistent:
 first: Nocut/Q_vs_beta/DYJets (100, 0.000000, 335.000000), second: Nocut/Q_vs_beta/DYJets (100, 0.000000, 485.000000)
Error in <TFileMerger::MergeRecursive>: calling Merge() on 'Nocut/Q_vs_beta/DYJets' with the corresponding object in 'output/hists_170.root'
Error in <Merge>: Cannot merge histograms - limits are inconsistent:
 first: Nocut/Q_vs_beta/DYJets (100, 0.000000, 335.000000), second: Nocut/Q_vs_beta/DYJets (100, 0.000000, 290.000000)
Error in <TFileMerger::MergeRecursive>: calling Merge() on 'Nocut/Q_vs_beta/DYJets' with the corresponding object in 'output/hists_171.root'
Error in <Merge>: Cannot merge histograms - limits are inconsistent:
 first: Nocut/Q_vs_beta/DYJets (100, 0.000000, 335.000000), second: Nocut/Q_vs_beta/DYJets (100, 0.000000, 205.000000)
Error in <TFileMerger::MergeRecursive>: calling Merge() on 'Nocut/Q_vs_beta/DYJets' with the corresponding object in 'output/hists_172.root'
Error in <Merge>: Cannot merge histograms - limits are inconsistent:
 first: Nocut/Q_vs_beta/DYJets (100, 0.000000, 335.000000), second: Nocut/Q_vs_beta/DYJets (100, 0.000000, 205.000000)
Error in <TFileMerger::MergeRecursive>: calling Merge() on 'Nocut/Q_vs_beta/DYJets' with the corresponding object in 'output/hists_173.root'
Error in <Merge>: Cannot merge histograms - limits are inconsistent:
 first: Nocut/Q_vs_beta/DYJets (100, 0.000000, 335.000000), second: Nocut/Q_vs_beta/DYJets (100, 0.000000, 280.000000)
Error in <TFileMerger::MergeRecursive>: calling Merge() on 'Nocut/Q_vs_beta/DYJets' with the corresponding object in 'output/hists_174.root'
Error in <Merge>: Cannot merge histograms - limits are inconsistent:
 first: Nocut/Q_vs_beta/DYJets (100, 0.000000, 335.000000), second: Nocut/Q_vs_beta/DYJets (100, 0.000000, 220.000000)
Error in <TFileMerger::MergeRecursive>: calling Merge() on 'Nocut/Q_vs_beta/DYJets' with the corresponding object in 'output/hists_175.root'
Error in <Merge>: Cannot merge histograms - limits are inconsistent:
 first: Nocut/Q_vs_beta/DYJets (100, 0.000000, 335.000000), second: Nocut/Q_vs_beta/DYJets (100, 0.000000, 230.000000)
Error in <TFileMerger::MergeRecursive>: calling Merge() on 'Nocut/Q_vs_beta/DYJets' with the corresponding object in 'output/hists_176.root'
Error in <Merge>: Cannot merge histograms - limits are inconsistent:
 first: Nocut/Q_vs_beta/DYJets (100, 0.000000, 335.000000), second: Nocut/Q_vs_beta/DYJets (100, 0.000000, 186.000000)
Error in <TFileMerger::MergeRecursive>: calling Merge() on 'Nocut/Q_vs_beta/DYJets' with the corresponding object in 'output/hists_177.root'
Error in <Merge>: Cannot merge histograms - limits are inconsistent:
 first: Nocut/Q_vs_beta/DYJets (100, 0.000000, 335.000000), second: Nocut/Q_vs_beta/DYJets (100, 0.000000, 215.000000)
Error in <TFileMerger::MergeRecursive>: calling Merge() on 'Nocut/Q_vs_beta/DYJets' with the corresponding object in 'output/hists_178.root'
Error in <Merge>: Cannot merge histograms - limits are inconsistent:
 first: Nocut/Q_vs_beta/DYJets (100, 0.000000, 335.000000), second: Nocut/Q_vs_beta/DYJets (100, 0.000000, 255.000000)
Error in <TFileMerger::MergeRecursive>: calling Merge() on 'Nocut/Q_vs_beta/DYJets' with the corresponding object in 'output/hists_179.root'
Error in <Merge>: Cannot merge histograms - limits are inconsistent:
 first: Nocut/Q_vs_beta/DYJets (100, 0.000000, 335.000000), second: Nocut/Q_vs_beta/DYJets (100, 0.000000, 180.000000)
Error in <TFileMerger::MergeRecursive>: calling Merge() on 'Nocut/Q_vs_beta/DYJets' with the corresponding object in 'output/hists_17.root'
Error in <Merge>: Cannot merge histograms - limits are inconsistent:
 first: Nocut/Q_vs_beta/DYJets (100, 0.000000, 335.000000), second: Nocut/Q_vs_beta/DYJets (100, 0.000000, 230.000000)
Error in <TFileMerger::MergeRecursive>: calling Merge() on 'Nocut/Q_vs_beta/DYJets' with the corresponding object in 'output/hists_180.root'
Error in <Merge>: Cannot merge histograms - limits are inconsistent:
 first: Nocut/Q_vs_beta/DYJets (100, 0.000000, 335.000000), second: Nocut/Q_vs_beta/DYJets (100, 0.000000, 210.000000)
Error in <TFileMerger::MergeRecursive>: calling Merge() on 'Nocut/Q_vs_beta/DYJets' with the corresponding object in 'output/hists_181.root'
Error in <Merge>: Cannot merge histograms - limits are inconsistent:
 first: Nocut/Q_vs_beta/DYJets (100, 0.000000, 335.000000), second: Nocut/Q_vs_beta/DYJets (100, 0.000000, 305.000000)
Error in <TFileMerger::MergeRecursive>: calling Merge() on 'Nocut/Q_vs_beta/DYJets' with the corresponding object in 'output/hists_182.root'
Error in <Merge>: Cannot merge histograms - limits are inconsistent:
 first: Nocut/Q_vs_beta/DYJets (100, 0.000000, 335.000000), second: Nocut/Q_vs_beta/DYJets (100, 0.000000, 225.000000)
Error in <TFileMerger::MergeRecursive>: calling Merge() on 'Nocut/Q_vs_beta/DYJets' with the corresponding object in 'output/hists_183.root'
Error in <Merge>: Cannot merge histograms - limits are inconsistent:
 first: Nocut/Q_vs_beta/DYJets (100, 0.000000, 335.000000), second: Nocut/Q_vs_beta/DYJets (100, 0.000000, 470.000000)
Error in <TFileMerger::MergeRecursive>: calling Merge() on 'Nocut/Q_vs_beta/DYJets' with the corresponding object in 'output/hists_184.root'
Error in <Merge>: Cannot merge histograms - limits are inconsistent:
 first: Nocut/Q_vs_beta/DYJets (100, 0.000000, 335.000000), second: Nocut/Q_vs_beta/DYJets (100, 0.000000, 210.000000)
Error in <TFileMerger::MergeRecursive>: calling Merge() on 'Nocut/Q_vs_beta/DYJets' with the corresponding object in 'output/hists_185.root'
Error in <Merge>: Cannot merge histograms - limits are inconsistent:
 first: Nocut/Q_vs_beta/DYJets (100, 0.000000, 335.000000), second: Nocut/Q_vs_beta/DYJets (100, 0.000000, 240.000000)
Error in <TFileMerger::MergeRecursive>: calling Merge() on 'Nocut/Q_vs_beta/DYJets' with the corresponding object in 'output/hists_186.root'
Error in <Merge>: Cannot merge histograms - limits are inconsistent:
 first: Nocut/Q_vs_beta/DYJets (100, 0.000000, 335.000000), second: Nocut/Q_vs_beta/DYJets (100, 0.000000, 220.000000)
Error in <TFileMerger::MergeRecursive>: calling Merge() on 'Nocut/Q_vs_beta/DYJets' with the corresponding object in 'output/hists_187.root'
Error in <Merge>: Cannot merge histograms - limits are inconsistent:
 first: Nocut/Q_vs_beta/DYJets (100, 0.000000, 335.000000), second: Nocut/Q_vs_beta/DYJets (100, 0.000000, 200.000000)
Error in <TFileMerger::MergeRecursive>: calling Merge() on 'Nocut/Q_vs_beta/DYJets' with the corresponding object in 'output/hists_188.root'
Error in <Merge>: Cannot merge histograms - limits are inconsistent:
 first: Nocut/Q_vs_beta/DYJets (100, 0.000000, 335.000000), second: Nocut/Q_vs_beta/DYJets (100, 0.000000, 425.000000)
Error in <TFileMerger::MergeRecursive>: calling Merge() on 'Nocut/Q_vs_beta/DYJets' with the corresponding object in 'output/hists_189.root'
Error in <Merge>: Cannot merge histograms - limits are inconsistent:
 first: Nocut/Q_vs_beta/DYJets (100, 0.000000, 335.000000), second: Nocut/Q_vs_beta/DYJets (100, 0.000000, 220.000000)
Error in <TFileMerger::MergeRecursive>: calling Merge() on 'Nocut/Q_vs_beta/DYJets' with the corresponding object in 'output/hists_18.root'
Error in <Merge>: Cannot merge histograms - limits are inconsistent:
 first: Nocut/Q_vs_beta/DYJets (100, 0.000000, 335.000000), second: Nocut/Q_vs_beta/DYJets (100, 0.000000, 265.000000)
Error in <TFileMerger::MergeRecursive>: calling Merge() on 'Nocut/Q_vs_beta/DYJets' with the corresponding object in 'output/hists_190.root'
Error in <Merge>: Cannot merge histograms - limits are inconsistent:
 first: Nocut/Q_vs_beta/DYJets (100, 0.000000, 335.000000), second: Nocut/Q_vs_beta/DYJets (100, 0.000000, 540.000000)
Error in <TFileMerger::MergeRecursive>: calling Merge() on 'Nocut/Q_vs_beta/DYJets' with the corresponding object in 'output/hists_191.root'
Error in <Merge>: Cannot merge histograms - limits are inconsistent:
 first: Nocut/Q_vs_beta/DYJets (100, 0.000000, 335.000000), second: Nocut/Q_vs_beta/DYJets (100, 0.000000, 186.000000)
Error in <TFileMerger::MergeRecursive>: calling Merge() on 'Nocut/Q_vs_beta/DYJets' with the corresponding object in 'output/hists_192.root'
Error in <Merge>: Cannot merge histograms - limits are inconsistent:
 first: Nocut/Q_vs_beta/DYJets (100, 0.000000, 335.000000), second: Nocut/Q_vs_beta/DYJets (100, 0.000000, 260.000000)
Error in <TFileMerger::MergeRecursive>: calling Merge() on 'Nocut/Q_vs_beta/DYJets' with the corresponding object in 'output/hists_193.root'
Error in <Merge>: Cannot merge histograms - limits are inconsistent:
 first: Nocut/Q_vs_beta/DYJets (100, 0.000000, 335.000000), second: Nocut/Q_vs_beta/DYJets (100, 0.000000, 182.000000)
Error in <TFileMerger::MergeRecursive>: calling Merge() on 'Nocut/Q_vs_beta/DYJets' with the corresponding object in 'output/hists_194.root'
Error in <Merge>: Cannot merge histograms - limits are inconsistent:
 first: Nocut/Q_vs_beta/DYJets (100, 0.000000, 335.000000), second: Nocut/Q_vs_beta/DYJets (100, 0.000000, 184.000000)
Error in <TFileMerger::MergeRecursive>: calling Merge() on 'Nocut/Q_vs_beta/DYJets' with the corresponding object in 'output/hists_195.root'
Error in <Merge>: Cannot merge histograms - limits are inconsistent:
 first: Nocut/Q_vs_beta/DYJets (100, 0.000000, 335.000000), second: Nocut/Q_vs_beta/DYJets (100, 0.000000, 225.000000)
Error in <TFileMerger::MergeRecursive>: calling Merge() on 'Nocut/Q_vs_beta/DYJets' with the corresponding object in 'output/hists_196.root'
Error in <Merge>: Cannot merge histograms - limits are inconsistent:
 first: Nocut/Q_vs_beta/DYJets (100, 0.000000, 335.000000), second: Nocut/Q_vs_beta/DYJets (100, 0.000000, 530.000000)
Error in <TFileMerger::MergeRecursive>: calling Merge() on 'Nocut/Q_vs_beta/DYJets' with the corresponding object in 'output/hists_197.root'
Error in <Merge>: Cannot merge histograms - limits are inconsistent:
 first: Nocut/Q_vs_beta/DYJets (100, 0.000000, 335.000000), second: Nocut/Q_vs_beta/DYJets (100, 0.000000, 230.000000)
Error in <TFileMerger::MergeRecursive>: calling Merge() on 'Nocut/Q_vs_beta/DYJets' with the corresponding object in 'output/hists_198.root'
Error in <Merge>: Cannot merge histograms - limits are inconsistent:
 first: Nocut/Q_vs_beta/DYJets (100, 0.000000, 335.000000), second: Nocut/Q_vs_beta/DYJets (100, 0.000000, 225.000000)
Error in <TFileMerger::MergeRecursive>: calling Merge() on 'Nocut/Q_vs_beta/DYJets' with the corresponding object in 'output/hists_199.root'
Error in <Merge>: Cannot merge histograms - limits are inconsistent:
 first: Nocut/Q_vs_beta/DYJets (100, 0.000000, 335.000000), second: Nocut/Q_vs_beta/DYJets (100, 0.000000, 365.000000)
Error in <TFileMerger::MergeRecursive>: calling Merge() on 'Nocut/Q_vs_beta/DYJets' with the corresponding object in 'output/hists_19.root'
Error in <Merge>: Cannot merge histograms - limits are inconsistent:
 first: Nocut/Q_vs_beta/DYJets (100, 0.000000, 335.000000), second: Nocut/Q_vs_beta/DYJets (100, 0.000000, 172.000000)
Error in <TFileMerger::MergeRecursive>: calling Merge() on 'Nocut/Q_vs_beta/DYJets' with the corresponding object in 'output/hists_1.root'
Error in <Merge>: Cannot merge histograms - limits are inconsistent:
 first: Nocut/Q_vs_beta/DYJets (100, 0.000000, 335.000000), second: Nocut/Q_vs_beta/DYJets (100, 0.000000, 196.000000)
Error in <TFileMerger::MergeRecursive>: calling Merge() on 'Nocut/Q_vs_beta/DYJets' with the corresponding object in 'output/hists_200.root'
Error in <Merge>: Cannot merge histograms - limits are inconsistent:
 first: Nocut/Q_vs_beta/DYJets (100, 0.000000, 335.000000), second: Nocut/Q_vs_beta/DYJets (100, 0.000000, 300.000000)
Error in <TFileMerger::MergeRecursive>: calling Merge() on 'Nocut/Q_vs_beta/DYJets' with the corresponding object in 'output/hists_201.root'
Error in <Merge>: Cannot merge histograms - limits are inconsistent:
 first: Nocut/Q_vs_beta/DYJets (100, 0.000000, 335.000000), second: Nocut/Q_vs_beta/DYJets (100, 0.000000, 194.000000)
Error in <TFileMerger::MergeRecursive>: calling Merge() on 'Nocut/Q_vs_beta/DYJets' with the corresponding object in 'output/hists_202.root'
Error in <Merge>: Cannot merge histograms - limits are inconsistent:
 first: Nocut/Q_vs_beta/DYJets (100, 0.000000, 335.000000), second: Nocut/Q_vs_beta/DYJets (100, 0.000000, 192.000000)
Error in <TFileMerger::MergeRecursive>: calling Merge() on 'Nocut/Q_vs_beta/DYJets' with the corresponding object in 'output/hists_203.root'
Error in <Merge>: Cannot merge histograms - limits are inconsistent:
 first: Nocut/Q_vs_beta/DYJets (100, 0.000000, 335.000000), second: Nocut/Q_vs_beta/DYJets (100, 0.000000, 295.000000)
Error in <TFileMerger::MergeRecursive>: calling Merge() on 'Nocut/Q_vs_beta/DYJets' with the corresponding object in 'output/hists_204.root'
Error in <Merge>: Cannot merge histograms - limits are inconsistent:
 first: Nocut/Q_vs_beta/DYJets (100, 0.000000, 335.000000), second: Nocut/Q_vs_beta/DYJets (100, 0.000000, 325.000000)
Error in <TFileMerger::MergeRecursive>: calling Merge() on 'Nocut/Q_vs_beta/DYJets' with the corresponding object in 'output/hists_205.root'
Error in <Merge>: Cannot merge histograms - limits are inconsistent:
 first: Nocut/Q_vs_beta/DYJets (100, 0.000000, 335.000000), second: Nocut/Q_vs_beta/DYJets (100, 0.000000, 225.000000)
Error in <TFileMerger::MergeRecursive>: calling Merge() on 'Nocut/Q_vs_beta/DYJets' with the corresponding object in 'output/hists_206.root'
Error in <Merge>: Cannot merge histograms - limits are inconsistent:
 first: Nocut/Q_vs_beta/DYJets (100, 0.000000, 335.000000), second: Nocut/Q_vs_beta/DYJets (100, 0.000000, 174.000000)
Error in <TFileMerger::MergeRecursive>: calling Merge() on 'Nocut/Q_vs_beta/DYJets' with the corresponding object in 'output/hists_207.root'
Error in <Merge>: Cannot merge histograms - limits are inconsistent:
 first: Nocut/Q_vs_beta/DYJets (100, 0.000000, 335.000000), second: Nocut/Q_vs_beta/DYJets (100, 0.000000, 230.000000)
Error in <TFileMerger::MergeRecursive>: calling Merge() on 'Nocut/Q_vs_beta/DYJets' with the corresponding object in 'output/hists_208.root'
Error in <Merge>: Cannot merge histograms - limits are inconsistent:
 first: Nocut/Q_vs_beta/DYJets (100, 0.000000, 335.000000), second: Nocut/Q_vs_beta/DYJets (100, 0.000000, 310.000000)
Error in <TFileMerger::MergeRecursive>: calling Merge() on 'Nocut/Q_vs_beta/DYJets' with the corresponding object in 'output/hists_209.root'
Error in <Merge>: Cannot merge histograms - limits are inconsistent:
 first: Nocut/Q_vs_beta/DYJets (100, 0.000000, 335.000000), second: Nocut/Q_vs_beta/DYJets (100, 0.000000, 230.000000)
Error in <TFileMerger::MergeRecursive>: calling Merge() on 'Nocut/Q_vs_beta/DYJets' with the corresponding object in 'output/hists_20.root'
Error in <Merge>: Cannot merge histograms - limits are inconsistent:
 first: Nocut/Q_vs_beta/DYJets (100, 0.000000, 335.000000), second: Nocut/Q_vs_beta/DYJets (100, 0.000000, 210.000000)
Error in <TFileMerger::MergeRecursive>: calling Merge() on 'Nocut/Q_vs_beta/DYJets' with the corresponding object in 'output/hists_210.root'
Error in <Merge>: Cannot merge histograms - limits are inconsistent:
 first: Nocut/Q_vs_beta/DYJets (100, 0.000000, 335.000000), second: Nocut/Q_vs_beta/DYJets (100, 0.000000, 196.000000)
Error in <TFileMerger::MergeRecursive>: calling Merge() on 'Nocut/Q_vs_beta/DYJets' with the corresponding object in 'output/hists_211.root'
Error in <Merge>: Cannot merge histograms - limits are inconsistent:
 first: Nocut/Q_vs_beta/DYJets (100, 0.000000, 335.000000), second: Nocut/Q_vs_beta/DYJets (100, 0.000000, 460.000000)
Error in <TFileMerger::MergeRecursive>: calling Merge() on 'Nocut/Q_vs_beta/DYJets' with the corresponding object in 'output/hists_212.root'
Error in <Merge>: Cannot merge histograms - limits are inconsistent:
 first: Nocut/Q_vs_beta/DYJets (100, 0.000000, 335.000000), second: Nocut/Q_vs_beta/DYJets (100, 0.000000, 176.000000)
Error in <TFileMerger::MergeRecursive>: calling Merge() on 'Nocut/Q_vs_beta/DYJets' with the corresponding object in 'output/hists_213.root'
Error in <Merge>: Cannot merge histograms - limits are inconsistent:
 first: Nocut/Q_vs_beta/DYJets (100, 0.000000, 335.000000), second: Nocut/Q_vs_beta/DYJets (100, 0.000000, 246.000000)
Error in <TFileMerger::MergeRecursive>: calling Merge() on 'Nocut/Q_vs_beta/DYJets' with the corresponding object in 'output/hists_214.root'
Error in <Merge>: Cannot merge histograms - limits are inconsistent:
 first: Nocut/Q_vs_beta/DYJets (100, 0.000000, 335.000000), second: Nocut/Q_vs_beta/DYJets (100, 0.000000, 400.000000)
Error in <TFileMerger::MergeRecursive>: calling Merge() on 'Nocut/Q_vs_beta/DYJets' with the corresponding object in 'output/hists_215.root'
Error in <Merge>: Cannot merge histograms - limits are inconsistent:
 first: Nocut/Q_vs_beta/DYJets (100, 0.000000, 335.000000), second: Nocut/Q_vs_beta/DYJets (100, 0.000000, 205.000000)
Error in <TFileMerger::MergeRecursive>: calling Merge() on 'Nocut/Q_vs_beta/DYJets' with the corresponding object in 'output/hists_216.root'
Error in <Merge>: Cannot merge histograms - limits are inconsistent:
 first: Nocut/Q_vs_beta/DYJets (100, 0.000000, 335.000000), second: Nocut/Q_vs_beta/DYJets (100, 0.000000, 430.000000)
Error in <TFileMerger::MergeRecursive>: calling Merge() on 'Nocut/Q_vs_beta/DYJets' with the corresponding object in 'output/hists_217.root'
Error in <Merge>: Cannot merge histograms - limits are inconsistent:
 first: Nocut/Q_vs_beta/DYJets (100, 0.000000, 335.000000), second: Nocut/Q_vs_beta/DYJets (100, 0.000000, 265.000000)
Error in <TFileMerger::MergeRecursive>: calling Merge() on 'Nocut/Q_vs_beta/DYJets' with the corresponding object in 'output/hists_218.root'
Error in <Merge>: Cannot merge histograms - limits are inconsistent:
 first: Nocut/Q_vs_beta/DYJets (100, 0.000000, 335.000000), second: Nocut/Q_vs_beta/DYJets (100, 0.000000, 280.000000)
Error in <TFileMerger::MergeRecursive>: calling Merge() on 'Nocut/Q_vs_beta/DYJets' with the corresponding object in 'output/hists_219.root'
Error in <Merge>: Cannot merge histograms - limits are inconsistent:
 first: Nocut/Q_vs_beta/DYJets (100, 0.000000, 335.000000), second: Nocut/Q_vs_beta/DYJets (100, 0.000000, 220.000000)
Error in <TFileMerger::MergeRecursive>: calling Merge() on 'Nocut/Q_vs_beta/DYJets' with the corresponding object in 'output/hists_21.root'
Error in <Merge>: Cannot merge histograms - limits are inconsistent:
 first: Nocut/Q_vs_beta/DYJets (100, 0.000000, 335.000000), second: Nocut/Q_vs_beta/DYJets (100, 0.000000, 186.000000)
Error in <TFileMerger::MergeRecursive>: calling Merge() on 'Nocut/Q_vs_beta/DYJets' with the corresponding object in 'output/hists_220.root'
Error in <Merge>: Cannot merge histograms - limits are inconsistent:
 first: Nocut/Q_vs_beta/DYJets (100, -6.600000, 5.800000), second: Nocut/Q_vs_beta/DYJets (100, -5.600000, 5.200000)
Error in <TFileMerger::MergeRecursive>: calling Merge() on 'Nocut/Q_vs_beta/DYJets' with the corresponding object in 'output/hists_221.root'
Error in <Merge>: Cannot merge histograms - limits are inconsistent:
 first: Nocut/Q_vs_beta/DYJets (100, 0.000000, 335.000000), second: Nocut/Q_vs_beta/DYJets (100, 0.000000, 315.000000)
Error in <TFileMerger::MergeRecursive>: calling Merge() on 'Nocut/Q_vs_beta/DYJets' with the corresponding object in 'output/hists_222.root'
Error in <Merge>: Cannot merge histograms - limits are inconsistent:
 first: Nocut/Q_vs_beta/DYJets (100, 0.000000, 335.000000), second: Nocut/Q_vs_beta/DYJets (100, 0.000000, 220.000000)
Error in <TFileMerger::MergeRecursive>: calling Merge() on 'Nocut/Q_vs_beta/DYJets' with the corresponding object in 'output/hists_223.root'
Error in <Merge>: Cannot merge histograms - limits are inconsistent:
 first: Nocut/Q_vs_beta/DYJets (100, 0.000000, 335.000000), second: Nocut/Q_vs_beta/DYJets (100, 0.000000, 220.000000)
Error in <TFileMerger::MergeRecursive>: calling Merge() on 'Nocut/Q_vs_beta/DYJets' with the corresponding object in 'output/hists_224.root'
Error in <Merge>: Cannot merge histograms - limits are inconsistent:
 first: Nocut/Q_vs_beta/DYJets (100, 0.000000, 335.000000), second: Nocut/Q_vs_beta/DYJets (100, 0.000000, 250.000000)
Error in <TFileMerger::MergeRecursive>: calling Merge() on 'Nocut/Q_vs_beta/DYJets' with the corresponding object in 'output/hists_225.root'
Error in <Merge>: Cannot merge histograms - limits are inconsistent:
 first: Nocut/Q_vs_beta/DYJets (100, 0.000000, 335.000000), second: Nocut/Q_vs_beta/DYJets (100, 0.000000, 310.000000)
Error in <TFileMerger::MergeRecursive>: calling Merge() on 'Nocut/Q_vs_beta/DYJets' with the corresponding object in 'output/hists_226.root'
Error in <Merge>: Cannot merge histograms - limits are inconsistent:
 first: Nocut/Q_vs_beta/DYJets (100, 0.000000, 335.000000), second: Nocut/Q_vs_beta/DYJets (100, 0.000000, 295.000000)
Error in <TFileMerger::MergeRecursive>: calling Merge() on 'Nocut/Q_vs_beta/DYJets' with the corresponding object in 'output/hists_227.root'
Error in <Merge>: Cannot merge histograms - limits are inconsistent:
 first: Nocut/Q_vs_beta/DYJets (100, 0.000000, 335.000000), second: Nocut/Q_vs_beta/DYJets (100, 0.000000, 188.000000)
Error in <TFileMerger::MergeRecursive>: calling Merge() on 'Nocut/Q_vs_beta/DYJets' with the corresponding object in 'output/hists_228.root'
Error in <Merge>: Cannot merge histograms - limits are inconsistent:
 first: Nocut/Q_vs_beta/DYJets (100, 0.000000, 335.000000), second: Nocut/Q_vs_beta/DYJets (100, 0.000000, 275.000000)
Error in <TFileMerger::MergeRecursive>: calling Merge() on 'Nocut/Q_vs_beta/DYJets' with the corresponding object in 'output/hists_229.root'
Error in <Merge>: Cannot merge histograms - limits are inconsistent:
 first: Nocut/Q_vs_beta/DYJets (100, 0.000000, 335.000000), second: Nocut/Q_vs_beta/DYJets (100, 0.000000, 198.000000)
Error in <TFileMerger::MergeRecursive>: calling Merge() on 'Nocut/Q_vs_beta/DYJets' with the corresponding object in 'output/hists_22.root'
Error in <Merge>: Cannot merge histograms - limits are inconsistent:
 first: Nocut/Q_vs_beta/DYJets (100, 0.000000, 335.000000), second: Nocut/Q_vs_beta/DYJets (100, 0.000000, 360.000000)
Error in <TFileMerger::MergeRecursive>: calling Merge() on 'Nocut/Q_vs_beta/DYJets' with the corresponding object in 'output/hists_230.root'
Error in <Merge>: Cannot merge histograms - limits are inconsistent:
 first: Nocut/Q_vs_beta/DYJets (100, 0.000000, 335.000000), second: Nocut/Q_vs_beta/DYJets (100, 0.000000, 320.000000)
Error in <TFileMerger::MergeRecursive>: calling Merge() on 'Nocut/Q_vs_beta/DYJets' with the corresponding object in 'output/hists_231.root'
Error in <Merge>: Cannot merge histograms - limits are inconsistent:
 first: Nocut/Q_vs_beta/DYJets (100, 0.000000, 335.000000), second: Nocut/Q_vs_beta/DYJets (100, 0.000000, 260.000000)
Error in <TFileMerger::MergeRecursive>: calling Merge() on 'Nocut/Q_vs_beta/DYJets' with the corresponding object in 'output/hists_232.root'
Error in <Merge>: Cannot merge histograms - limits are inconsistent:
 first: Nocut/Q_vs_beta/DYJets (100, 0.000000, 335.000000), second: Nocut/Q_vs_beta/DYJets (100, 0.000000, 205.000000)
Error in <TFileMerger::MergeRecursive>: calling Merge() on 'Nocut/Q_vs_beta/DYJets' with the corresponding object in 'output/hists_233.root'
Error in <Merge>: Cannot merge histograms - limits are inconsistent:
 first: Nocut/Q_vs_beta/DYJets (100, 0.000000, 335.000000), second: Nocut/Q_vs_beta/DYJets (100, 0.000000, 280.000000)
Error in <TFileMerger::MergeRecursive>: calling Merge() on 'Nocut/Q_vs_beta/DYJets' with the corresponding object in 'output/hists_234.root'
Error in <Merge>: Cannot merge histograms - limits are inconsistent:
 first: Nocut/Q_vs_beta/DYJets (100, 0.000000, 335.000000), second: Nocut/Q_vs_beta/DYJets (100, 0.000000, 246.000000)
Error in <TFileMerger::MergeRecursive>: calling Merge() on 'Nocut/Q_vs_beta/DYJets' with the corresponding object in 'output/hists_235.root'
Error in <Merge>: Cannot merge histograms - limits are inconsistent:
 first: Nocut/Q_vs_beta/DYJets (100, 0.000000, 335.000000), second: Nocut/Q_vs_beta/DYJets (100, 0.000000, 176.000000)
Error in <TFileMerger::MergeRecursive>: calling Merge() on 'Nocut/Q_vs_beta/DYJets' with the corresponding object in 'output/hists_236.root'
Error in <Merge>: Cannot merge histograms - limits are inconsistent:
 first: Nocut/Q_vs_beta/DYJets (100, 0.000000, 335.000000), second: Nocut/Q_vs_beta/DYJets (100, 0.000000, 250.000000)
Error in <TFileMerger::MergeRecursive>: calling Merge() on 'Nocut/Q_vs_beta/DYJets' with the corresponding object in 'output/hists_237.root'
Error in <Merge>: Cannot merge histograms - limits are inconsistent:
 first: Nocut/Q_vs_beta/DYJets (100, 0.000000, 335.000000), second: Nocut/Q_vs_beta/DYJets (100, 0.000000, 235.000000)
Error in <TFileMerger::MergeRecursive>: calling Merge() on 'Nocut/Q_vs_beta/DYJets' with the corresponding object in 'output/hists_238.root'
Error in <Merge>: Cannot merge histograms - limits are inconsistent:
 first: Nocut/Q_vs_beta/DYJets (100, 0.000000, 335.000000), second: Nocut/Q_vs_beta/DYJets (100, 0.000000, 220.000000)
Error in <TFileMerger::MergeRecursive>: calling Merge() on 'Nocut/Q_vs_beta/DYJets' with the corresponding object in 'output/hists_239.root'
Error in <Merge>: Cannot merge histograms - limits are inconsistent:
 first: Nocut/Q_vs_beta/DYJets (100, 0.000000, 335.000000), second: Nocut/Q_vs_beta/DYJets (100, 0.000000, 620.000000)
Error in <TFileMerger::MergeRecursive>: calling Merge() on 'Nocut/Q_vs_beta/DYJets' with the corresponding object in 'output/hists_23.root'
Error in <Merge>: Cannot merge histograms - limits are inconsistent:
 first: Nocut/Q_vs_beta/DYJets (100, 0.000000, 335.000000), second: Nocut/Q_vs_beta/DYJets (100, 0.000000, 280.000000)
Error in <TFileMerger::MergeRecursive>: calling Merge() on 'Nocut/Q_vs_beta/DYJets' with the corresponding object in 'output/hists_240.root'
Error in <Merge>: Cannot merge histograms - limits are inconsistent:
 first: Nocut/Q_vs_beta/DYJets (100, 0.000000, 335.000000), second: Nocut/Q_vs_beta/DYJets (100, 0.000000, 425.000000)
Error in <TFileMerger::MergeRecursive>: calling Merge() on 'Nocut/Q_vs_beta/DYJets' with the corresponding object in 'output/hists_241.root'
Error in <Merge>: Cannot merge histograms - limits are inconsistent:
 first: Nocut/Q_vs_beta/DYJets (100, 0.000000, 335.000000), second: Nocut/Q_vs_beta/DYJets (100, 0.000000, 305.000000)
Error in <TFileMerger::MergeRecursive>: calling Merge() on 'Nocut/Q_vs_beta/DYJets' with the corresponding object in 'output/hists_242.root'
Error in <Merge>: Cannot merge histograms - limits are inconsistent:
 first: Nocut/Q_vs_beta/DYJets (100, 0.000000, 335.000000), second: Nocut/Q_vs_beta/DYJets (100, 0.000000, 240.000000)
Error in <TFileMerger::MergeRecursive>: calling Merge() on 'Nocut/Q_vs_beta/DYJets' with the corresponding object in 'output/hists_243.root'
Error in <Merge>: Cannot merge histograms - limits are inconsistent:
 first: Nocut/Q_vs_beta/DYJets (100, -6.600000, 5.800000), second: Nocut/Q_vs_beta/DYJets (100, -6.600000, 5.200000)
Error in <TFileMerger::MergeRecursive>: calling Merge() on 'Nocut/Q_vs_beta/DYJets' with the corresponding object in 'output/hists_244.root'
Error in <Merge>: Cannot merge histograms - limits are inconsistent:
 first: Nocut/Q_vs_beta/DYJets (100, 0.000000, 335.000000), second: Nocut/Q_vs_beta/DYJets (100, 0.000000, 450.000000)
Error in <TFileMerger::MergeRecursive>: calling Merge() on 'Nocut/Q_vs_beta/DYJets' with the corresponding object in 'output/hists_245.root'
Error in <Merge>: Cannot merge histograms - limits are inconsistent:
 first: Nocut/Q_vs_beta/DYJets (100, 0.000000, 335.000000), second: Nocut/Q_vs_beta/DYJets (100, 0.000000, 255.000000)
Error in <TFileMerger::MergeRecursive>: calling Merge() on 'Nocut/Q_vs_beta/DYJets' with the corresponding object in 'output/hists_246.root'
Error in <Merge>: Cannot merge histograms - limits are inconsistent:
 first: Nocut/Q_vs_beta/DYJets (100, 0.000000, 335.000000), second: Nocut/Q_vs_beta/DYJets (100, 0.000000, 315.000000)
Error in <TFileMerger::MergeRecursive>: calling Merge() on 'Nocut/Q_vs_beta/DYJets' with the corresponding object in 'output/hists_247.root'
Error in <Merge>: Cannot merge histograms - limits are inconsistent:
 first: Nocut/Q_vs_beta/DYJets (100, 0.000000, 335.000000), second: Nocut/Q_vs_beta/DYJets (100, 0.000000, 280.000000)
Error in <TFileMerger::MergeRecursive>: calling Merge() on 'Nocut/Q_vs_beta/DYJets' with the corresponding object in 'output/hists_248.root'
Error in <Merge>: Cannot merge histograms - limits are inconsistent:
 first: Nocut/Q_vs_beta/DYJets (100, 0.000000, 335.000000), second: Nocut/Q_vs_beta/DYJets (100, 0.000000, 530.000000)
Error in <TFileMerger::MergeRecursive>: calling Merge() on 'Nocut/Q_vs_beta/DYJets' with the corresponding object in 'output/hists_249.root'
Error in <Merge>: Cannot merge histograms - limits are inconsistent:
 first: Nocut/Q_vs_beta/DYJets (100, 0.000000, 335.000000), second: Nocut/Q_vs_beta/DYJets (100, 0.000000, 385.000000)
Error in <TFileMerger::MergeRecursive>: calling Merge() on 'Nocut/Q_vs_beta/DYJets' with the corresponding object in 'output/hists_24.root'
Error in <Merge>: Cannot merge histograms - limits are inconsistent:
 first: Nocut/Q_vs_beta/DYJets (100, 0.000000, 335.000000), second: Nocut/Q_vs_beta/DYJets (100, 0.000000, 310.000000)
Error in <TFileMerger::MergeRecursive>: calling Merge() on 'Nocut/Q_vs_beta/DYJets' with the corresponding object in 'output/hists_250.root'
Error in <Merge>: Cannot merge histograms - limits are inconsistent:
 first: Nocut/Q_vs_beta/DYJets (100, 0.000000, 335.000000), second: Nocut/Q_vs_beta/DYJets (100, 0.000000, 210.000000)
Error in <TFileMerger::MergeRecursive>: calling Merge() on 'Nocut/Q_vs_beta/DYJets' with the corresponding object in 'output/hists_251.root'
Error in <Merge>: Cannot merge histograms - limits are inconsistent:
 first: Nocut/Q_vs_beta/DYJets (100, 0.000000, 335.000000), second: Nocut/Q_vs_beta/DYJets (100, 0.000000, 280.000000)
Error in <TFileMerger::MergeRecursive>: calling Merge() on 'Nocut/Q_vs_beta/DYJets' with the corresponding object in 'output/hists_252.root'
Error in <Merge>: Cannot merge histograms - limits are inconsistent:
 first: Nocut/Q_vs_beta/DYJets (100, 0.000000, 335.000000), second: Nocut/Q_vs_beta/DYJets (100, 0.000000, 210.000000)
Error in <TFileMerger::MergeRecursive>: calling Merge() on 'Nocut/Q_vs_beta/DYJets' with the corresponding object in 'output/hists_253.root'
Error in <Merge>: Cannot merge histograms - limits are inconsistent:
 first: Nocut/Q_vs_beta/DYJets (100, 0.000000, 335.000000), second: Nocut/Q_vs_beta/DYJets (100, 0.000000, 325.000000)
Error in <TFileMerger::MergeRecursive>: calling Merge() on 'Nocut/Q_vs_beta/DYJets' with the corresponding object in 'output/hists_254.root'
Error in <Merge>: Cannot merge histograms - limits are inconsistent:
 first: Nocut/Q_vs_beta/DYJets (100, 0.000000, 335.000000), second: Nocut/Q_vs_beta/DYJets (100, 0.000000, 210.000000)
Error in <TFileMerger::MergeRecursive>: calling Merge() on 'Nocut/Q_vs_beta/DYJets' with the corresponding object in 'output/hists_255.root'
Error in <Merge>: Cannot merge histograms - limits are inconsistent:
 first: Nocut/Q_vs_beta/DYJets (100, 0.000000, 335.000000), second: Nocut/Q_vs_beta/DYJets (100, 0.000000, 300.000000)
Error in <TFileMerger::MergeRecursive>: calling Merge() on 'Nocut/Q_vs_beta/DYJets' with the corresponding object in 'output/hists_256.root'
Error in <Merge>: Cannot merge histograms - limits are inconsistent:
 first: Nocut/Q_vs_beta/DYJets (100, 0.000000, 335.000000), second: Nocut/Q_vs_beta/DYJets (100, 0.000000, 350.000000)
Error in <TFileMerger::MergeRecursive>: calling Merge() on 'Nocut/Q_vs_beta/DYJets' with the corresponding object in 'output/hists_257.root'
Error in <Merge>: Cannot merge histograms - limits are inconsistent:
 first: Nocut/Q_vs_beta/DYJets (100, 0.000000, 335.000000), second: Nocut/Q_vs_beta/DYJets (100, 0.000000, 240.000000)
Error in <TFileMerger::MergeRecursive>: calling Merge() on 'Nocut/Q_vs_beta/DYJets' with the corresponding object in 'output/hists_258.root'
Error in <Merge>: Cannot merge histograms - limits are inconsistent:
 first: Nocut/Q_vs_beta/DYJets (100, 0.000000, 335.000000), second: Nocut/Q_vs_beta/DYJets (100, 0.000000, 248.000000)
Error in <TFileMerger::MergeRecursive>: calling Merge() on 'Nocut/Q_vs_beta/DYJets' with the corresponding object in 'output/hists_259.root'
Error in <Merge>: Cannot merge histograms - limits are inconsistent:
 first: Nocut/Q_vs_beta/DYJets (100, 0.000000, 335.000000), second: Nocut/Q_vs_beta/DYJets (100, 0.000000, 230.000000)
Error in <TFileMerger::MergeRecursive>: calling Merge() on 'Nocut/Q_vs_beta/DYJets' with the corresponding object in 'output/hists_25.root'
Error in <Merge>: Cannot merge histograms - limits are inconsistent:
 first: Nocut/Q_vs_beta/DYJets (100, 0.000000, 335.000000), second: Nocut/Q_vs_beta/DYJets (100, 0.000000, 600.000000)
Error in <TFileMerger::MergeRecursive>: calling Merge() on 'Nocut/Q_vs_beta/DYJets' with the corresponding object in 'output/hists_260.root'
Error in <Merge>: Cannot merge histograms - limits are inconsistent:
 first: Nocut/Q_vs_beta/DYJets (100, -6.600000, 5.800000), second: Nocut/Q_vs_beta/DYJets (100, -5.400000, 5.600000)
Error in <TFileMerger::MergeRecursive>: calling Merge() on 'Nocut/Q_vs_beta/DYJets' with the corresponding object in 'output/hists_261.root'
Error in <Merge>: Cannot merge histograms - limits are inconsistent:
 first: Nocut/Q_vs_beta/DYJets (100, 0.000000, 335.000000), second: Nocut/Q_vs_beta/DYJets (100, 0.000000, 275.000000)
Error in <TFileMerger::MergeRecursive>: calling Merge() on 'Nocut/Q_vs_beta/DYJets' with the corresponding object in 'output/hists_262.root'
Error in <Merge>: Cannot merge histograms - limits are inconsistent:
 first: Nocut/Q_vs_beta/DYJets (100, 0.000000, 335.000000), second: Nocut/Q_vs_beta/DYJets (100, 0.000000, 285.000000)
Error in <TFileMerger::MergeRecursive>: calling Merge() on 'Nocut/Q_vs_beta/DYJets' with the corresponding object in 'output/hists_263.root'
Error in <Merge>: Cannot merge histograms - limits are inconsistent:
 first: Nocut/Q_vs_beta/DYJets (100, 0.000000, 335.000000), second: Nocut/Q_vs_beta/DYJets (100, 0.000000, 395.000000)
Error in <TFileMerger::MergeRecursive>: calling Merge() on 'Nocut/Q_vs_beta/DYJets' with the corresponding object in 'output/hists_264.root'
Error in <Merge>: Cannot merge histograms - limits are inconsistent:
 first: Nocut/Q_vs_beta/DYJets (100, 0.000000, 335.000000), second: Nocut/Q_vs_beta/DYJets (100, 0.000000, 265.000000)
Error in <TFileMerger::MergeRecursive>: calling Merge() on 'Nocut/Q_vs_beta/DYJets' with the corresponding object in 'output/hists_265.root'
Error in <Merge>: Cannot merge histograms - limits are inconsistent:
 first: Nocut/Q_vs_beta/DYJets (100, 0.000000, 335.000000), second: Nocut/Q_vs_beta/DYJets (100, 0.000000, 174.000000)
Error in <TFileMerger::MergeRecursive>: calling Merge() on 'Nocut/Q_vs_beta/DYJets' with the corresponding object in 'output/hists_266.root'
Error in <Merge>: Cannot merge histograms - limits are inconsistent:
 first: Nocut/Q_vs_beta/DYJets (100, 0.000000, 335.000000), second: Nocut/Q_vs_beta/DYJets (100, 0.000000, 460.000000)
Error in <TFileMerger::MergeRecursive>: calling Merge() on 'Nocut/Q_vs_beta/DYJets' with the corresponding object in 'output/hists_267.root'
Error in <Merge>: Cannot merge histograms - limits are inconsistent:
 first: Nocut/Q_vs_beta/DYJets (100, 0.000000, 335.000000), second: Nocut/Q_vs_beta/DYJets (100, 0.000000, 200.000000)
Error in <TFileMerger::MergeRecursive>: calling Merge() on 'Nocut/Q_vs_beta/DYJets' with the corresponding object in 'output/hists_268.root'
Error in <Merge>: Cannot merge histograms - limits are inconsistent:
 first: Nocut/Q_vs_beta/DYJets (100, 0.000000, 335.000000), second: Nocut/Q_vs_beta/DYJets (100, 0.000000, 230.000000)
Error in <TFileMerger::MergeRecursive>: calling Merge() on 'Nocut/Q_vs_beta/DYJets' with the corresponding object in 'output/hists_269.root'
Error in <Merge>: Cannot merge histograms - limits are inconsistent:
 first: Nocut/Q_vs_beta/DYJets (100, 0.000000, 335.000000), second: Nocut/Q_vs_beta/DYJets (100, 0.000000, 235.000000)
Error in <TFileMerger::MergeRecursive>: calling Merge() on 'Nocut/Q_vs_beta/DYJets' with the corresponding object in 'output/hists_26.root'
Error in <Merge>: Cannot merge histograms - limits are inconsistent:
 first: Nocut/Q_vs_beta/DYJets (100, 0.000000, 335.000000), second: Nocut/Q_vs_beta/DYJets (100, 0.000000, 380.000000)
Error in <TFileMerger::MergeRecursive>: calling Merge() on 'Nocut/Q_vs_beta/DYJets' with the corresponding object in 'output/hists_270.root'
Error in <Merge>: Cannot merge histograms - limits are inconsistent:
 first: Nocut/Q_vs_beta/DYJets (100, 0.000000, 335.000000), second: Nocut/Q_vs_beta/DYJets (100, 0.000000, 235.000000)
Error in <TFileMerger::MergeRecursive>: calling Merge() on 'Nocut/Q_vs_beta/DYJets' with the corresponding object in 'output/hists_271.root'
Error in <Merge>: Cannot merge histograms - limits are inconsistent:
 first: Nocut/Q_vs_beta/DYJets (100, 0.000000, 335.000000), second: Nocut/Q_vs_beta/DYJets (100, 0.000000, 220.000000)
Error in <TFileMerger::MergeRecursive>: calling Merge() on 'Nocut/Q_vs_beta/DYJets' with the corresponding object in 'output/hists_272.root'
Error in <Merge>: Cannot merge histograms - limits are inconsistent:
 first: Nocut/Q_vs_beta/DYJets (100, 0.000000, 335.000000), second: Nocut/Q_vs_beta/DYJets (100, 0.000000, 415.000000)
Error in <TFileMerger::MergeRecursive>: calling Merge() on 'Nocut/Q_vs_beta/DYJets' with the corresponding object in 'output/hists_273.root'
Error in <Merge>: Cannot merge histograms - limits are inconsistent:
 first: Nocut/Q_vs_beta/DYJets (100, 0.000000, 335.000000), second: Nocut/Q_vs_beta/DYJets (100, 0.000000, 295.000000)
Error in <TFileMerger::MergeRecursive>: calling Merge() on 'Nocut/Q_vs_beta/DYJets' with the corresponding object in 'output/hists_274.root'
Error in <Merge>: Cannot merge histograms - limits are inconsistent:
 first: Nocut/Q_vs_beta/DYJets (100, 0.000000, 335.000000), second: Nocut/Q_vs_beta/DYJets (100, 0.000000, 285.000000)
Error in <TFileMerger::MergeRecursive>: calling Merge() on 'Nocut/Q_vs_beta/DYJets' with the corresponding object in 'output/hists_275.root'
Error in <Merge>: Cannot merge histograms - limits are inconsistent:
 first: Nocut/Q_vs_beta/DYJets (100, 0.000000, 335.000000), second: Nocut/Q_vs_beta/DYJets (100, 0.000000, 270.000000)
Error in <TFileMerger::MergeRecursive>: calling Merge() on 'Nocut/Q_vs_beta/DYJets' with the corresponding object in 'output/hists_276.root'
Error in <Merge>: Cannot merge histograms - limits are inconsistent:
 first: Nocut/Q_vs_beta/DYJets (100, 0.000000, 335.000000), second: Nocut/Q_vs_beta/DYJets (100, 0.000000, 215.000000)
Error in <TFileMerger::MergeRecursive>: calling Merge() on 'Nocut/Q_vs_beta/DYJets' with the corresponding object in 'output/hists_277.root'
Error in <Merge>: Cannot merge histograms - limits are inconsistent:
 first: Nocut/Q_vs_beta/DYJets (100, 0.000000, 335.000000), second: Nocut/Q_vs_beta/DYJets (100, 0.000000, 240.000000)
Error in <TFileMerger::MergeRecursive>: calling Merge() on 'Nocut/Q_vs_beta/DYJets' with the corresponding object in 'output/hists_278.root'
Error in <Merge>: Cannot merge histograms - limits are inconsistent:
 first: Nocut/Q_vs_beta/DYJets (100, 0.000000, 335.000000), second: Nocut/Q_vs_beta/DYJets (100, 0.000000, 244.000000)
Error in <TFileMerger::MergeRecursive>: calling Merge() on 'Nocut/Q_vs_beta/DYJets' with the corresponding object in 'output/hists_279.root'
Error in <Merge>: Cannot merge histograms - limits are inconsistent:
 first: Nocut/Q_vs_beta/DYJets (100, 0.000000, 335.000000), second: Nocut/Q_vs_beta/DYJets (100, 0.000000, 520.000000)
Error in <TFileMerger::MergeRecursive>: calling Merge() on 'Nocut/Q_vs_beta/DYJets' with the corresponding object in 'output/hists_27.root'
Error in <Merge>: Cannot merge histograms - limits are inconsistent:
 first: Nocut/Q_vs_beta/DYJets (100, 0.000000, 335.000000), second: Nocut/Q_vs_beta/DYJets (100, 0.000000, 255.000000)
Error in <TFileMerger::MergeRecursive>: calling Merge() on 'Nocut/Q_vs_beta/DYJets' with the corresponding object in 'output/hists_280.root'
Error in <Merge>: Cannot merge histograms - limits are inconsistent:
 first: Nocut/Q_vs_beta/DYJets (100, 0.000000, 335.000000), second: Nocut/Q_vs_beta/DYJets (100, 0.000000, 240.000000)
Error in <TFileMerger::MergeRecursive>: calling Merge() on 'Nocut/Q_vs_beta/DYJets' with the corresponding object in 'output/hists_281.root'
Error in <Merge>: Cannot merge histograms - limits are inconsistent:
 first: Nocut/Q_vs_beta/DYJets (100, 0.000000, 335.000000), second: Nocut/Q_vs_beta/DYJets (100, 0.000000, 295.000000)
Error in <TFileMerger::MergeRecursive>: calling Merge() on 'Nocut/Q_vs_beta/DYJets' with the corresponding object in 'output/hists_282.root'
Error in <Merge>: Cannot merge histograms - limits are inconsistent:
 first: Nocut/Q_vs_beta/DYJets (100, 0.000000, 335.000000), second: Nocut/Q_vs_beta/DYJets (100, 0.000000, 188.000000)
Error in <TFileMerger::MergeRecursive>: calling Merge() on 'Nocut/Q_vs_beta/DYJets' with the corresponding object in 'output/hists_283.root'
Error in <Merge>: Cannot merge histograms - limits are inconsistent:
 first: Nocut/Q_vs_beta/DYJets (100, 0.000000, 335.000000), second: Nocut/Q_vs_beta/DYJets (100, 0.000000, 310.000000)
Error in <TFileMerger::MergeRecursive>: calling Merge() on 'Nocut/Q_vs_beta/DYJets' with the corresponding object in 'output/hists_284.root'
Error in <Merge>: Cannot merge histograms - limits are inconsistent:
 first: Nocut/Q_vs_beta/DYJets (100, 0.000000, 335.000000), second: Nocut/Q_vs_beta/DYJets (100, 0.000000, 166.000000)
Error in <TFileMerger::MergeRecursive>: calling Merge() on 'Nocut/Q_vs_beta/DYJets' with the corresponding object in 'output/hists_285.root'
Error in <Merge>: Cannot merge histograms - limits are inconsistent:
 first: Nocut/Q_vs_beta/DYJets (100, 0.000000, 335.000000), second: Nocut/Q_vs_beta/DYJets (100, 0.000000, 220.000000)
Error in <TFileMerger::MergeRecursive>: calling Merge() on 'Nocut/Q_vs_beta/DYJets' with the corresponding object in 'output/hists_286.root'
Error in <Merge>: Cannot merge histograms - limits are inconsistent:
 first: Nocut/Q_vs_beta/DYJets (100, 0.000000, 335.000000), second: Nocut/Q_vs_beta/DYJets (100, 0.000000, 265.000000)
Error in <TFileMerger::MergeRecursive>: calling Merge() on 'Nocut/Q_vs_beta/DYJets' with the corresponding object in 'output/hists_287.root'
Error in <Merge>: Cannot merge histograms - limits are inconsistent:
 first: Nocut/Q_vs_beta/DYJets (100, 0.000000, 335.000000), second: Nocut/Q_vs_beta/DYJets (100, 0.000000, 300.000000)
Error in <TFileMerger::MergeRecursive>: calling Merge() on 'Nocut/Q_vs_beta/DYJets' with the corresponding object in 'output/hists_288.root'
Error in <Merge>: Cannot merge histograms - limits are inconsistent:
 first: Nocut/Q_vs_beta/DYJets (100, 0.000000, 335.000000), second: Nocut/Q_vs_beta/DYJets (100, 0.000000, 205.000000)
Error in <TFileMerger::MergeRecursive>: calling Merge() on 'Nocut/Q_vs_beta/DYJets' with the corresponding object in 'output/hists_289.root'
Error in <Merge>: Cannot merge histograms - limits are inconsistent:
 first: Nocut/Q_vs_beta/DYJets (100, 0.000000, 335.000000), second: Nocut/Q_vs_beta/DYJets (100, 0.000000, 320.000000)
Error in <TFileMerger::MergeRecursive>: calling Merge() on 'Nocut/Q_vs_beta/DYJets' with the corresponding object in 'output/hists_28.root'
Error in <Merge>: Cannot merge histograms - limits are inconsistent:
 first: Nocut/Q_vs_beta/DYJets (100, 0.000000, 335.000000), second: Nocut/Q_vs_beta/DYJets (100, 0.000000, 320.000000)
Error in <TFileMerger::MergeRecursive>: calling Merge() on 'Nocut/Q_vs_beta/DYJets' with the corresponding object in 'output/hists_290.root'
Error in <Merge>: Cannot merge histograms - limits are inconsistent:
 first: Nocut/Q_vs_beta/DYJets (100, 0.000000, 335.000000), second: Nocut/Q_vs_beta/DYJets (100, 0.000000, 265.000000)
Error in <TFileMerger::MergeRecursive>: calling Merge() on 'Nocut/Q_vs_beta/DYJets' with the corresponding object in 'output/hists_291.root'
Error in <Merge>: Cannot merge histograms - limits are inconsistent:
 first: Nocut/Q_vs_beta/DYJets (100, 0.000000, 335.000000), second: Nocut/Q_vs_beta/DYJets (100, 0.000000, 275.000000)
Error in <TFileMerger::MergeRecursive>: calling Merge() on 'Nocut/Q_vs_beta/DYJets' with the corresponding object in 'output/hists_292.root'
Error in <Merge>: Cannot merge histograms - limits are inconsistent:
 first: Nocut/Q_vs_beta/DYJets (100, 0.000000, 335.000000), second: Nocut/Q_vs_beta/DYJets (100, 0.000000, 300.000000)
Error in <TFileMerger::MergeRecursive>: calling Merge() on 'Nocut/Q_vs_beta/DYJets' with the corresponding object in 'output/hists_293.root'
Error in <Merge>: Cannot merge histograms - limits are inconsistent:
 first: Nocut/Q_vs_beta/DYJets (100, 0.000000, 335.000000), second: Nocut/Q_vs_beta/DYJets (100, 0.000000, 310.000000)
Error in <TFileMerger::MergeRecursive>: calling Merge() on 'Nocut/Q_vs_beta/DYJets' with the corresponding object in 'output/hists_294.root'
Error in <Merge>: Cannot merge histograms - limits are inconsistent:
 first: Nocut/Q_vs_beta/DYJets (100, 0.000000, 335.000000), second: Nocut/Q_vs_beta/DYJets (100, 0.000000, 395.000000)
Error in <TFileMerger::MergeRecursive>: calling Merge() on 'Nocut/Q_vs_beta/DYJets' with the corresponding object in 'output/hists_295.root'
Error in <Merge>: Cannot merge histograms - limits are inconsistent:
 first: Nocut/Q_vs_beta/DYJets (100, 0.000000, 335.000000), second: Nocut/Q_vs_beta/DYJets (100, 0.000000, 270.000000)
Error in <TFileMerger::MergeRecursive>: calling Merge() on 'Nocut/Q_vs_beta/DYJets' with the corresponding object in 'output/hists_296.root'
Error in <Merge>: Cannot merge histograms - limits are inconsistent:
 first: Nocut/Q_vs_beta/DYJets (100, 0.000000, 335.000000), second: Nocut/Q_vs_beta/DYJets (100, 0.000000, 365.000000)
Error in <TFileMerger::MergeRecursive>: calling Merge() on 'Nocut/Q_vs_beta/DYJets' with the corresponding object in 'output/hists_297.root'
Error in <Merge>: Cannot merge histograms - limits are inconsistent:
 first: Nocut/Q_vs_beta/DYJets (100, 0.000000, 335.000000), second: Nocut/Q_vs_beta/DYJets (100, 0.000000, 210.000000)
Error in <TFileMerger::MergeRecursive>: calling Merge() on 'Nocut/Q_vs_beta/DYJets' with the corresponding object in 'output/hists_298.root'
Error in <Merge>: Cannot merge histograms - limits are inconsistent:
 first: Nocut/Q_vs_beta/DYJets (100, 0.000000, 335.000000), second: Nocut/Q_vs_beta/DYJets (100, 0.000000, 250.000000)
Error in <TFileMerger::MergeRecursive>: calling Merge() on 'Nocut/Q_vs_beta/DYJets' with the corresponding object in 'output/hists_299.root'
Error in <Merge>: Cannot merge histograms - limits are inconsistent:
 first: Nocut/Q_vs_beta/DYJets (100, 0.000000, 335.000000), second: Nocut/Q_vs_beta/DYJets (100, 0.000000, 260.000000)
Error in <TFileMerger::MergeRecursive>: calling Merge() on 'Nocut/Q_vs_beta/DYJets' with the corresponding object in 'output/hists_29.root'
Error in <Merge>: Cannot merge histograms - limits are inconsistent:
 first: Nocut/Q_vs_beta/DYJets (100, 0.000000, 335.000000), second: Nocut/Q_vs_beta/DYJets (100, 0.000000, 300.000000)
Error in <TFileMerger::MergeRecursive>: calling Merge() on 'Nocut/Q_vs_beta/DYJets' with the corresponding object in 'output/hists_2.root'
Error in <Merge>: Cannot merge histograms - limits are inconsistent:
 first: Nocut/Q_vs_beta/DYJets (100, 0.000000, 335.000000), second: Nocut/Q_vs_beta/DYJets (100, 0.000000, 200.000000)
Error in <TFileMerger::MergeRecursive>: calling Merge() on 'Nocut/Q_vs_beta/DYJets' with the corresponding object in 'output/hists_30.root'
Error in <Merge>: Cannot merge histograms - limits are inconsistent:
 first: Nocut/Q_vs_beta/DYJets (100, 0.000000, 335.000000), second: Nocut/Q_vs_beta/DYJets (100, 0.000000, 248.000000)
Error in <TFileMerger::MergeRecursive>: calling Merge() on 'Nocut/Q_vs_beta/DYJets' with the corresponding object in 'output/hists_31.root'
Error in <Merge>: Cannot merge histograms - limits are inconsistent:
 first: Nocut/Q_vs_beta/DYJets (100, 0.000000, 335.000000), second: Nocut/Q_vs_beta/DYJets (100, 0.000000, 265.000000)
Error in <TFileMerger::MergeRecursive>: calling Merge() on 'Nocut/Q_vs_beta/DYJets' with the corresponding object in 'output/hists_32.root'
Error in <Merge>: Cannot merge histograms - limits are inconsistent:
 first: Nocut/Q_vs_beta/DYJets (100, 0.000000, 335.000000), second: Nocut/Q_vs_beta/DYJets (100, 0.000000, 210.000000)
Error in <TFileMerger::MergeRecursive>: calling Merge() on 'Nocut/Q_vs_beta/DYJets' with the corresponding object in 'output/hists_33.root'
Error in <Merge>: Cannot merge histograms - limits are inconsistent:
 first: Nocut/Q_vs_beta/DYJets (100, 0.000000, 335.000000), second: Nocut/Q_vs_beta/DYJets (100, 0.000000, 215.000000)
Error in <TFileMerger::MergeRecursive>: calling Merge() on 'Nocut/Q_vs_beta/DYJets' with the corresponding object in 'output/hists_34.root'
Error in <Merge>: Cannot merge histograms - limits are inconsistent:
 first: Nocut/Q_vs_beta/DYJets (100, 0.000000, 335.000000), second: Nocut/Q_vs_beta/DYJets (100, 0.000000, 310.000000)
Error in <TFileMerger::MergeRecursive>: calling Merge() on 'Nocut/Q_vs_beta/DYJets' with the corresponding object in 'output/hists_35.root'
Error in <Merge>: Cannot merge histograms - limits are inconsistent:
 first: Nocut/Q_vs_beta/DYJets (100, 0.000000, 335.000000), second: Nocut/Q_vs_beta/DYJets (100, 0.000000, 325.000000)
Error in <TFileMerger::MergeRecursive>: calling Merge() on 'Nocut/Q_vs_beta/DYJets' with the corresponding object in 'output/hists_36.root'
Error in <Merge>: Cannot merge histograms - limits are inconsistent:
 first: Nocut/Q_vs_beta/DYJets (100, 0.000000, 335.000000), second: Nocut/Q_vs_beta/DYJets (100, 0.000000, 280.000000)
Error in <TFileMerger::MergeRecursive>: calling Merge() on 'Nocut/Q_vs_beta/DYJets' with the corresponding object in 'output/hists_37.root'
Error in <Merge>: Cannot merge histograms - limits are inconsistent:
 first: Nocut/Q_vs_beta/DYJets (100, 0.000000, 335.000000), second: Nocut/Q_vs_beta/DYJets (100, 0.000000, 198.000000)
Error in <TFileMerger::MergeRecursive>: calling Merge() on 'Nocut/Q_vs_beta/DYJets' with the corresponding object in 'output/hists_38.root'
Error in <Merge>: Cannot merge histograms - limits are inconsistent:
 first: Nocut/Q_vs_beta/DYJets (100, 0.000000, 335.000000), second: Nocut/Q_vs_beta/DYJets (100, 0.000000, 355.000000)
Error in <TFileMerger::MergeRecursive>: calling Merge() on 'Nocut/Q_vs_beta/DYJets' with the corresponding object in 'output/hists_39.root'
Error in <Merge>: Cannot merge histograms - limits are inconsistent:
 first: Nocut/Q_vs_beta/DYJets (100, 0.000000, 335.000000), second: Nocut/Q_vs_beta/DYJets (100, 0.000000, 220.000000)
Error in <TFileMerger::MergeRecursive>: calling Merge() on 'Nocut/Q_vs_beta/DYJets' with the corresponding object in 'output/hists_3.root'
Error in <Merge>: Cannot merge histograms - limits are inconsistent:
 first: Nocut/Q_vs_beta/DYJets (100, 0.000000, 335.000000), second: Nocut/Q_vs_beta/DYJets (100, 0.000000, 275.000000)
Error in <TFileMerger::MergeRecursive>: calling Merge() on 'Nocut/Q_vs_beta/DYJets' with the corresponding object in 'output/hists_40.root'
Error in <Merge>: Cannot merge histograms - limits are inconsistent:
 first: Nocut/Q_vs_beta/DYJets (100, 0.000000, 335.000000), second: Nocut/Q_vs_beta/DYJets (100, 0.000000, 230.000000)
Error in <TFileMerger::MergeRecursive>: calling Merge() on 'Nocut/Q_vs_beta/DYJets' with the corresponding object in 'output/hists_41.root'
Error in <Merge>: Cannot merge histograms - limits are inconsistent:
 first: Nocut/Q_vs_beta/DYJets (100, 0.000000, 335.000000), second: Nocut/Q_vs_beta/DYJets (100, 0.000000, 188.000000)
Error in <TFileMerger::MergeRecursive>: calling Merge() on 'Nocut/Q_vs_beta/DYJets' with the corresponding object in 'output/hists_42.root'
Error in <Merge>: Cannot merge histograms - limits are inconsistent:
 first: Nocut/Q_vs_beta/DYJets (100, 0.000000, 335.000000), second: Nocut/Q_vs_beta/DYJets (100, 0.000000, 220.000000)
Error in <TFileMerger::MergeRecursive>: calling Merge() on 'Nocut/Q_vs_beta/DYJets' with the corresponding object in 'output/hists_43.root'
Error in <Merge>: Cannot merge histograms - limits are inconsistent:
 first: Nocut/Q_vs_beta/DYJets (100, 0.000000, 335.000000), second: Nocut/Q_vs_beta/DYJets (100, 0.000000, 260.000000)
Error in <TFileMerger::MergeRecursive>: calling Merge() on 'Nocut/Q_vs_beta/DYJets' with the corresponding object in 'output/hists_44.root'
Error in <Merge>: Cannot merge histograms - limits are inconsistent:
 first: Nocut/Q_vs_beta/DYJets (100, 0.000000, 335.000000), second: Nocut/Q_vs_beta/DYJets (100, 0.000000, 275.000000)
Error in <TFileMerger::MergeRecursive>: calling Merge() on 'Nocut/Q_vs_beta/DYJets' with the corresponding object in 'output/hists_45.root'
Error in <Merge>: Cannot merge histograms - limits are inconsistent:
 first: Nocut/Q_vs_beta/DYJets (100, 0.000000, 335.000000), second: Nocut/Q_vs_beta/DYJets (100, 0.000000, 210.000000)
Error in <TFileMerger::MergeRecursive>: calling Merge() on 'Nocut/Q_vs_beta/DYJets' with the corresponding object in 'output/hists_46.root'
Error in <Merge>: Cannot merge histograms - limits are inconsistent:
 first: Nocut/Q_vs_beta/DYJets (100, 0.000000, 335.000000), second: Nocut/Q_vs_beta/DYJets (100, 0.000000, 248.000000)
Error in <TFileMerger::MergeRecursive>: calling Merge() on 'Nocut/Q_vs_beta/DYJets' with the corresponding object in 'output/hists_47.root'
Error in <Merge>: Cannot merge histograms - limits are inconsistent:
 first: Nocut/Q_vs_beta/DYJets (100, 0.000000, 335.000000), second: Nocut/Q_vs_beta/DYJets (100, 0.000000, 500.000000)
Error in <TFileMerger::MergeRecursive>: calling Merge() on 'Nocut/Q_vs_beta/DYJets' with the corresponding object in 'output/hists_48.root'
Error in <Merge>: Cannot merge histograms - limits are inconsistent:
 first: Nocut/Q_vs_beta/DYJets (100, 0.000000, 335.000000), second: Nocut/Q_vs_beta/DYJets (100, 0.000000, 235.000000)
Error in <TFileMerger::MergeRecursive>: calling Merge() on 'Nocut/Q_vs_beta/DYJets' with the corresponding object in 'output/hists_49.root'
Error in <Merge>: Cannot merge histograms - limits are inconsistent:
 first: Nocut/Q_vs_beta/DYJets (100, 0.000000, 335.000000), second: Nocut/Q_vs_beta/DYJets (100, 0.000000, 205.000000)
Error in <TFileMerger::MergeRecursive>: calling Merge() on 'Nocut/Q_vs_beta/DYJets' with the corresponding object in 'output/hists_4.root'
Error in <Merge>: Cannot merge histograms - limits are inconsistent:
 first: Nocut/Q_vs_beta/DYJets (100, 0.000000, 335.000000), second: Nocut/Q_vs_beta/DYJets (100, 0.000000, 200.000000)
Error in <TFileMerger::MergeRecursive>: calling Merge() on 'Nocut/Q_vs_beta/DYJets' with the corresponding object in 'output/hists_50.root'
Error in <Merge>: Cannot merge histograms - limits are inconsistent:
 first: Nocut/Q_vs_beta/DYJets (100, 0.000000, 335.000000), second: Nocut/Q_vs_beta/DYJets (100, 0.000000, 166.000000)
Error in <TFileMerger::MergeRecursive>: calling Merge() on 'Nocut/Q_vs_beta/DYJets' with the corresponding object in 'output/hists_51.root'
Error in <Merge>: Cannot merge histograms - limits are inconsistent:
 first: Nocut/Q_vs_beta/DYJets (100, 0.000000, 335.000000), second: Nocut/Q_vs_beta/DYJets (100, 0.000000, 275.000000)
Error in <TFileMerger::MergeRecursive>: calling Merge() on 'Nocut/Q_vs_beta/DYJets' with the corresponding object in 'output/hists_52.root'
Error in <Merge>: Cannot merge histograms - limits are inconsistent:
 first: Nocut/Q_vs_beta/DYJets (100, 0.000000, 335.000000), second: Nocut/Q_vs_beta/DYJets (100, 0.000000, 295.000000)
Error in <TFileMerger::MergeRecursive>: calling Merge() on 'Nocut/Q_vs_beta/DYJets' with the corresponding object in 'output/hists_53.root'
Error in <Merge>: Cannot merge histograms - limits are inconsistent:
 first: Nocut/Q_vs_beta/DYJets (100, 0.000000, 335.000000), second: Nocut/Q_vs_beta/DYJets (100, 0.000000, 215.000000)
Error in <TFileMerger::MergeRecursive>: calling Merge() on 'Nocut/Q_vs_beta/DYJets' with the corresponding object in 'output/hists_54.root'
Error in <Merge>: Cannot merge histograms - limits are inconsistent:
 first: Nocut/Q_vs_beta/DYJets (100, 0.000000, 335.000000), second: Nocut/Q_vs_beta/DYJets (100, 0.000000, 205.000000)
Error in <TFileMerger::MergeRecursive>: calling Merge() on 'Nocut/Q_vs_beta/DYJets' with the corresponding object in 'output/hists_55.root'
Error in <Merge>: Cannot merge histograms - limits are inconsistent:
 first: Nocut/Q_vs_beta/DYJets (100, 0.000000, 335.000000), second: Nocut/Q_vs_beta/DYJets (100, 0.000000, 780.000000)
Error in <TFileMerger::MergeRecursive>: calling Merge() on 'Nocut/Q_vs_beta/DYJets' with the corresponding object in 'output/hists_56.root'
Error in <Merge>: Cannot merge histograms - limits are inconsistent:
 first: Nocut/Q_vs_beta/DYJets (100, 0.000000, 335.000000), second: Nocut/Q_vs_beta/DYJets (100, 0.000000, 190.000000)
Error in <TFileMerger::MergeRecursive>: calling Merge() on 'Nocut/Q_vs_beta/DYJets' with the corresponding object in 'output/hists_57.root'
Error in <Merge>: Cannot merge histograms - limits are inconsistent:
 first: Nocut/Q_vs_beta/DYJets (100, 0.000000, 335.000000), second: Nocut/Q_vs_beta/DYJets (100, 0.000000, 290.000000)
Error in <TFileMerger::MergeRecursive>: calling Merge() on 'Nocut/Q_vs_beta/DYJets' with the corresponding object in 'output/hists_58.root'
Error in <Merge>: Cannot merge histograms - limits are inconsistent:
 first: Nocut/Q_vs_beta/DYJets (100, 0.000000, 335.000000), second: Nocut/Q_vs_beta/DYJets (100, 0.000000, 475.000000)
Error in <TFileMerger::MergeRecursive>: calling Merge() on 'Nocut/Q_vs_beta/DYJets' with the corresponding object in 'output/hists_59.root'
Error in <Merge>: Cannot merge histograms - limits are inconsistent:
 first: Nocut/Q_vs_beta/DYJets (100, 0.000000, 335.000000), second: Nocut/Q_vs_beta/DYJets (100, 0.000000, 275.000000)
Error in <TFileMerger::MergeRecursive>: calling Merge() on 'Nocut/Q_vs_beta/DYJets' with the corresponding object in 'output/hists_5.root'
Error in <Merge>: Cannot merge histograms - limits are inconsistent:
 first: Nocut/Q_vs_beta/DYJets (100, 0.000000, 335.000000), second: Nocut/Q_vs_beta/DYJets (100, 0.000000, 380.000000)
Error in <TFileMerger::MergeRecursive>: calling Merge() on 'Nocut/Q_vs_beta/DYJets' with the corresponding object in 'output/hists_60.root'
Error in <Merge>: Cannot merge histograms - limits are inconsistent:
 first: Nocut/Q_vs_beta/DYJets (100, 0.000000, 335.000000), second: Nocut/Q_vs_beta/DYJets (100, 0.000000, 190.000000)
Error in <TFileMerger::MergeRecursive>: calling Merge() on 'Nocut/Q_vs_beta/DYJets' with the corresponding object in 'output/hists_61.root'
Error in <Merge>: Cannot merge histograms - limits are inconsistent:
 first: Nocut/Q_vs_beta/DYJets (100, 0.000000, 335.000000), second: Nocut/Q_vs_beta/DYJets (100, 0.000000, 285.000000)
Error in <TFileMerger::MergeRecursive>: calling Merge() on 'Nocut/Q_vs_beta/DYJets' with the corresponding object in 'output/hists_62.root'
Error in <Merge>: Cannot merge histograms - limits are inconsistent:
 first: Nocut/Q_vs_beta/DYJets (100, 0.000000, 335.000000), second: Nocut/Q_vs_beta/DYJets (100, 0.000000, 295.000000)
Error in <TFileMerger::MergeRecursive>: calling Merge() on 'Nocut/Q_vs_beta/DYJets' with the corresponding object in 'output/hists_63.root'
Error in <Merge>: Cannot merge histograms - limits are inconsistent:
 first: Nocut/Q_vs_beta/DYJets (100, 0.000000, 335.000000), second: Nocut/Q_vs_beta/DYJets (100, 0.000000, 265.000000)
Error in <TFileMerger::MergeRecursive>: calling Merge() on 'Nocut/Q_vs_beta/DYJets' with the corresponding object in 'output/hists_64.root'
Error in <Merge>: Cannot merge histograms - limits are inconsistent:
 first: Nocut/Q_vs_beta/DYJets (100, 0.000000, 335.000000), second: Nocut/Q_vs_beta/DYJets (100, 0.000000, 290.000000)
Error in <TFileMerger::MergeRecursive>: calling Merge() on 'Nocut/Q_vs_beta/DYJets' with the corresponding object in 'output/hists_65.root'
Error in <Merge>: Cannot merge histograms - limits are inconsistent:
 first: Nocut/Q_vs_beta/DYJets (100, 0.000000, 335.000000), second: Nocut/Q_vs_beta/DYJets (100, 0.000000, 225.000000)
Error in <TFileMerger::MergeRecursive>: calling Merge() on 'Nocut/Q_vs_beta/DYJets' with the corresponding object in 'output/hists_66.root'
Error in <Merge>: Cannot merge histograms - limits are inconsistent:
 first: Nocut/Q_vs_beta/DYJets (100, 0.000000, 335.000000), second: Nocut/Q_vs_beta/DYJets (100, 0.000000, 220.000000)
Error in <TFileMerger::MergeRecursive>: calling Merge() on 'Nocut/Q_vs_beta/DYJets' with the corresponding object in 'output/hists_67.root'
Error in <Merge>: Cannot merge histograms - limits are inconsistent:
 first: Nocut/Q_vs_beta/DYJets (100, 0.000000, 335.000000), second: Nocut/Q_vs_beta/DYJets (100, 0.000000, 230.000000)
Error in <TFileMerger::MergeRecursive>: calling Merge() on 'Nocut/Q_vs_beta/DYJets' with the corresponding object in 'output/hists_68.root'
Error in <Merge>: Cannot merge histograms - limits are inconsistent:
 first: Nocut/Q_vs_beta/DYJets (100, 0.000000, 335.000000), second: Nocut/Q_vs_beta/DYJets (100, 0.000000, 220.000000)
Error in <TFileMerger::MergeRecursive>: calling Merge() on 'Nocut/Q_vs_beta/DYJets' with the corresponding object in 'output/hists_69.root'
Error in <Merge>: Cannot merge histograms - limits are inconsistent:
 first: Nocut/Q_vs_beta/DYJets (100, 0.000000, 335.000000), second: Nocut/Q_vs_beta/DYJets (100, 0.000000, 270.000000)
Error in <TFileMerger::MergeRecursive>: calling Merge() on 'Nocut/Q_vs_beta/DYJets' with the corresponding object in 'output/hists_6.root'
Error in <Merge>: Cannot merge histograms - limits are inconsistent:
 first: Nocut/Q_vs_beta/DYJets (100, 0.000000, 335.000000), second: Nocut/Q_vs_beta/DYJets (100, 0.000000, 230.000000)
Error in <TFileMerger::MergeRecursive>: calling Merge() on 'Nocut/Q_vs_beta/DYJets' with the corresponding object in 'output/hists_70.root'
Error in <Merge>: Cannot merge histograms - limits are inconsistent:
 first: Nocut/Q_vs_beta/DYJets (100, 0.000000, 335.000000), second: Nocut/Q_vs_beta/DYJets (100, 0.000000, 235.000000)
Error in <TFileMerger::MergeRecursive>: calling Merge() on 'Nocut/Q_vs_beta/DYJets' with the corresponding object in 'output/hists_71.root'
Error in <Merge>: Cannot merge histograms - limits are inconsistent:
 first: Nocut/Q_vs_beta/DYJets (100, 0.000000, 335.000000), second: Nocut/Q_vs_beta/DYJets (100, 0.000000, 260.000000)
Error in <TFileMerger::MergeRecursive>: calling Merge() on 'Nocut/Q_vs_beta/DYJets' with the corresponding object in 'output/hists_72.root'
Error in <Merge>: Cannot merge histograms - limits are inconsistent:
 first: Nocut/Q_vs_beta/DYJets (100, 0.000000, 335.000000), second: Nocut/Q_vs_beta/DYJets (100, 0.000000, 255.000000)
Error in <TFileMerger::MergeRecursive>: calling Merge() on 'Nocut/Q_vs_beta/DYJets' with the corresponding object in 'output/hists_73.root'
Error in <Merge>: Cannot merge histograms - limits are inconsistent:
 first: Nocut/Q_vs_beta/DYJets (100, 0.000000, 335.000000), second: Nocut/Q_vs_beta/DYJets (100, 0.000000, 225.000000)
Error in <TFileMerger::MergeRecursive>: calling Merge() on 'Nocut/Q_vs_beta/DYJets' with the corresponding object in 'output/hists_74.root'
Error in <Merge>: Cannot merge histograms - limits are inconsistent:
 first: Nocut/Q_vs_beta/DYJets (100, 0.000000, 335.000000), second: Nocut/Q_vs_beta/DYJets (100, 0.000000, 305.000000)
Error in <TFileMerger::MergeRecursive>: calling Merge() on 'Nocut/Q_vs_beta/DYJets' with the corresponding object in 'output/hists_75.root'
Error in <Merge>: Cannot merge histograms - limits are inconsistent:
 first: Nocut/Q_vs_beta/DYJets (100, 0.000000, 335.000000), second: Nocut/Q_vs_beta/DYJets (100, 0.000000, 275.000000)
Error in <TFileMerger::MergeRecursive>: calling Merge() on 'Nocut/Q_vs_beta/DYJets' with the corresponding object in 'output/hists_76.root'
Error in <Merge>: Cannot merge histograms - limits are inconsistent:
 first: Nocut/Q_vs_beta/DYJets (100, 0.000000, 335.000000), second: Nocut/Q_vs_beta/DYJets (100, 0.000000, 490.000000)
Error in <TFileMerger::MergeRecursive>: calling Merge() on 'Nocut/Q_vs_beta/DYJets' with the corresponding object in 'output/hists_77.root'
Error in <Merge>: Cannot merge histograms - limits are inconsistent:
 first: Nocut/Q_vs_beta/DYJets (100, 0.000000, 335.000000), second: Nocut/Q_vs_beta/DYJets (100, 0.000000, 188.000000)
Error in <TFileMerger::MergeRecursive>: calling Merge() on 'Nocut/Q_vs_beta/DYJets' with the corresponding object in 'output/hists_78.root'
Error in <Merge>: Cannot merge histograms - limits are inconsistent:
 first: Nocut/Q_vs_beta/DYJets (100, 0.000000, 335.000000), second: Nocut/Q_vs_beta/DYJets (100, 0.000000, 225.000000)
Error in <TFileMerger::MergeRecursive>: calling Merge() on 'Nocut/Q_vs_beta/DYJets' with the corresponding object in 'output/hists_79.root'
Error in <Merge>: Cannot merge histograms - limits are inconsistent:
 first: Nocut/Q_vs_beta/DYJets (100, 0.000000, 335.000000), second: Nocut/Q_vs_beta/DYJets (100, 0.000000, 194.000000)
Error in <TFileMerger::MergeRecursive>: calling Merge() on 'Nocut/Q_vs_beta/DYJets' with the corresponding object in 'output/hists_7.root'
Error in <Merge>: Cannot merge histograms - limits are inconsistent:
 first: Nocut/Q_vs_beta/DYJets (100, 0.000000, 335.000000), second: Nocut/Q_vs_beta/DYJets (100, 0.000000, 290.000000)
Error in <TFileMerger::MergeRecursive>: calling Merge() on 'Nocut/Q_vs_beta/DYJets' with the corresponding object in 'output/hists_80.root'
Error in <Merge>: Cannot merge histograms - limits are inconsistent:
 first: Nocut/Q_vs_beta/DYJets (100, 0.000000, 335.000000), second: Nocut/Q_vs_beta/DYJets (100, 0.000000, 315.000000)
Error in <TFileMerger::MergeRecursive>: calling Merge() on 'Nocut/Q_vs_beta/DYJets' with the corresponding object in 'output/hists_81.root'
Error in <Merge>: Cannot merge histograms - limits are inconsistent:
 first: Nocut/Q_vs_beta/DYJets (100, 0.000000, 335.000000), second: Nocut/Q_vs_beta/DYJets (100, 0.000000, 246.000000)
Error in <TFileMerger::MergeRecursive>: calling Merge() on 'Nocut/Q_vs_beta/DYJets' with the corresponding object in 'output/hists_82.root'
Error in <Merge>: Cannot merge histograms - limits are inconsistent:
 first: Nocut/Q_vs_beta/DYJets (100, 0.000000, 335.000000), second: Nocut/Q_vs_beta/DYJets (100, 0.000000, 325.000000)
Error in <TFileMerger::MergeRecursive>: calling Merge() on 'Nocut/Q_vs_beta/DYJets' with the corresponding object in 'output/hists_83.root'
Error in <Merge>: Cannot merge histograms - limits are inconsistent:
 first: Nocut/Q_vs_beta/DYJets (100, 0.000000, 335.000000), second: Nocut/Q_vs_beta/DYJets (100, 0.000000, 182.000000)
Error in <TFileMerger::MergeRecursive>: calling Merge() on 'Nocut/Q_vs_beta/DYJets' with the corresponding object in 'output/hists_84.root'
Error in <Merge>: Cannot merge histograms - limits are inconsistent:
 first: Nocut/Q_vs_beta/DYJets (100, 0.000000, 335.000000), second: Nocut/Q_vs_beta/DYJets (100, 0.000000, 330.000000)
Error in <TFileMerger::MergeRecursive>: calling Merge() on 'Nocut/Q_vs_beta/DYJets' with the corresponding object in 'output/hists_85.root'
Error in <Merge>: Cannot merge histograms - limits are inconsistent:
 first: Nocut/Q_vs_beta/DYJets (100, 0.000000, 335.000000), second: Nocut/Q_vs_beta/DYJets (100, 0.000000, 210.000000)
Error in <TFileMerger::MergeRecursive>: calling Merge() on 'Nocut/Q_vs_beta/DYJets' with the corresponding object in 'output/hists_86.root'
Error in <Merge>: Cannot merge histograms - limits are inconsistent:
 first: Nocut/Q_vs_beta/DYJets (100, 0.000000, 335.000000), second: Nocut/Q_vs_beta/DYJets (100, 0.000000, 255.000000)
Error in <TFileMerger::MergeRecursive>: calling Merge() on 'Nocut/Q_vs_beta/DYJets' with the corresponding object in 'output/hists_87.root'
Error in <Merge>: Cannot merge histograms - limits are inconsistent:
 first: Nocut/Q_vs_beta/DYJets (100, 0.000000, 335.000000), second: Nocut/Q_vs_beta/DYJets (100, 0.000000, 210.000000)
Error in <TFileMerger::MergeRecursive>: calling Merge() on 'Nocut/Q_vs_beta/DYJets' with the corresponding object in 'output/hists_88.root'
Error in <Merge>: Cannot merge histograms - limits are inconsistent:
 first: Nocut/Q_vs_beta/DYJets (100, 0.000000, 335.000000), second: Nocut/Q_vs_beta/DYJets (100, 0.000000, 184.000000)
Error in <TFileMerger::MergeRecursive>: calling Merge() on 'Nocut/Q_vs_beta/DYJets' with the corresponding object in 'output/hists_89.root'
Error in <Merge>: Cannot merge histograms - limits are inconsistent:
 first: Nocut/Q_vs_beta/DYJets (100, 0.000000, 335.000000), second: Nocut/Q_vs_beta/DYJets (100, 0.000000, 188.000000)
Error in <TFileMerger::MergeRecursive>: calling Merge() on 'Nocut/Q_vs_beta/DYJets' with the corresponding object in 'output/hists_8.root'
Error in <Merge>: Cannot merge histograms - limits are inconsistent:
 first: Nocut/Q_vs_beta/DYJets (100, 0.000000, 335.000000), second: Nocut/Q_vs_beta/DYJets (100, 0.000000, 225.000000)
Error in <TFileMerger::MergeRecursive>: calling Merge() on 'Nocut/Q_vs_beta/DYJets' with the corresponding object in 'output/hists_90.root'
Error in <Merge>: Cannot merge histograms - limits are inconsistent:
 first: Nocut/Q_vs_beta/DYJets (100, 0.000000, 335.000000), second: Nocut/Q_vs_beta/DYJets (100, 0.000000, 235.000000)
Error in <TFileMerger::MergeRecursive>: calling Merge() on 'Nocut/Q_vs_beta/DYJets' with the corresponding object in 'output/hists_91.root'
Error in <Merge>: Cannot merge histograms - limits are inconsistent:
 first: Nocut/Q_vs_beta/DYJets (100, 0.000000, 335.000000), second: Nocut/Q_vs_beta/DYJets (100, 0.000000, 280.000000)
Error in <TFileMerger::MergeRecursive>: calling Merge() on 'Nocut/Q_vs_beta/DYJets' with the corresponding object in 'output/hists_92.root'
Error in <Merge>: Cannot merge histograms - limits are inconsistent:
 first: Nocut/Q_vs_beta/DYJets (100, 0.000000, 335.000000), second: Nocut/Q_vs_beta/DYJets (100, 0.000000, 225.000000)
Error in <TFileMerger::MergeRecursive>: calling Merge() on 'Nocut/Q_vs_beta/DYJets' with the corresponding object in 'output/hists_93.root'
Error in <Merge>: Cannot merge histograms - limits are inconsistent:
 first: Nocut/Q_vs_beta/DYJets (100, 0.000000, 335.000000), second: Nocut/Q_vs_beta/DYJets (100, 0.000000, 205.000000)
Error in <TFileMerger::MergeRecursive>: calling Merge() on 'Nocut/Q_vs_beta/DYJets' with the corresponding object in 'output/hists_94.root'
Error in <Merge>: Cannot merge histograms - limits are inconsistent:
 first: Nocut/Q_vs_beta/DYJets (100, 0.000000, 335.000000), second: Nocut/Q_vs_beta/DYJets (100, 0.000000, 280.000000)
Error in <TFileMerger::MergeRecursive>: calling Merge() on 'Nocut/Q_vs_beta/DYJets' with the corresponding object in 'output/hists_95.root'
Error in <Merge>: Cannot merge histograms - limits are inconsistent:
 first: Nocut/Q_vs_beta/DYJets (100, 0.000000, 335.000000), second: Nocut/Q_vs_beta/DYJets (100, 0.000000, 255.000000)
Error in <TFileMerger::MergeRecursive>: calling Merge() on 'Nocut/Q_vs_beta/DYJets' with the corresponding object in 'output/hists_96.root'
Error in <Merge>: Cannot merge histograms - limits are inconsistent:
 first: Nocut/Q_vs_beta/DYJets (100, 0.000000, 335.000000), second: Nocut/Q_vs_beta/DYJets (100, 0.000000, 210.000000)
Error in <TFileMerger::MergeRecursive>: calling Merge() on 'Nocut/Q_vs_beta/DYJets' with the corresponding object in 'output/hists_97.root'
Error in <Merge>: Cannot merge histograms - limits are inconsistent:
 first: Nocut/Q_vs_beta/DYJets (100, 0.000000, 335.000000), second: Nocut/Q_vs_beta/DYJets (100, 0.000000, 435.000000)
Error in <TFileMerger::MergeRecursive>: calling Merge() on 'Nocut/Q_vs_beta/DYJets' with the corresponding object in 'output/hists_98.root'
Error in <Merge>: Cannot merge histograms - limits are inconsistent:
 first: Nocut/Q_vs_beta/DYJets (100, 0.000000, 335.000000), second: Nocut/Q_vs_beta/DYJets (100, 0.000000, 250.000000)
Error in <TFileMerger::MergeRecursive>: calling Merge() on 'Nocut/Q_vs_beta/DYJets' with the corresponding object in 'output/hists_99.root'
Error in <Merge>: Cannot merge histograms - limits are inconsistent:
 first: Nocut/Q_vs_beta/DYJets (100, 0.000000, 335.000000), second: Nocut/Q_vs_beta/DYJets (100, 0.000000, 230.000000)
Error in <TFileMerger::MergeRecursive>: calling Merge() on 'Nocut/Q_vs_beta/DYJets' with the corresponding object in 'output/hists_9.root'
Error in <TH1Merger::DifferentAxesMerge>: Cannot merge histograms - the histograms Nocut/Q_vs_xg/DYJets can extend the X axis or have different limits and underflows/overflows are present in the histogram Nocut/Q_vs_xg/DYJets.
Error in <TFileMerger::MergeRecursive>: calling Merge() on 'Nocut/Q_vs_xg/DYJets' with the corresponding object in 'output/hists_100.root'
Error in <TH1Merger::DifferentAxesMerge>: Cannot merge histograms - the histograms Nocut/Q_vs_xg/DYJets can extend the X axis or have different limits and underflows/overflows are present in the histogram Nocut/Q_vs_xg/DYJets.
Error in <TFileMerger::MergeRecursive>: calling Merge() on 'Nocut/Q_vs_xg/DYJets' with the corresponding object in 'output/hists_101.root'
Error in <TH1Merger::DifferentAxesMerge>: Cannot merge histograms - the histograms Nocut/Q_vs_xg/DYJets can extend the X axis or have different limits and underflows/overflows are present in the histogram Nocut/Q_vs_xg/DYJets.
Error in <TFileMerger::MergeRecursive>: calling Merge() on 'Nocut/Q_vs_xg/DYJets' with the corresponding object in 'output/hists_103.root'
Error in <TH1Merger::DifferentAxesMerge>: Cannot merge histograms - the histograms Nocut/Q_vs_xg/DYJets can extend the X axis or have different limits and underflows/overflows are present in the histogram Nocut/Q_vs_xg/DYJets.
Error in <TFileMerger::MergeRecursive>: calling Merge() on 'Nocut/Q_vs_xg/DYJets' with the corresponding object in 'output/hists_104.root'
Error in <TH1Merger::DifferentAxesMerge>: Cannot merge histograms - the histograms Nocut/Q_vs_xg/DYJets can extend the X axis or have different limits and underflows/overflows are present in the histogram Nocut/Q_vs_xg/DYJets.
Error in <TFileMerger::MergeRecursive>: calling Merge() on 'Nocut/Q_vs_xg/DYJets' with the corresponding object in 'output/hists_10.root'
Error in <TH1Merger::DifferentAxesMerge>: Cannot merge histograms - the histograms Nocut/Q_vs_xg/DYJets can extend the X axis or have different limits and underflows/overflows are present in the histogram Nocut/Q_vs_xg/DYJets.
Error in <TFileMerger::MergeRecursive>: calling Merge() on 'Nocut/Q_vs_xg/DYJets' with the corresponding object in 'output/hists_110.root'
Error in <TH1Merger::DifferentAxesMerge>: Cannot merge histograms - the histograms Nocut/Q_vs_xg/DYJets can extend the X axis or have different limits and underflows/overflows are present in the histogram Nocut/Q_vs_xg/DYJets.
Error in <TFileMerger::MergeRecursive>: calling Merge() on 'Nocut/Q_vs_xg/DYJets' with the corresponding object in 'output/hists_111.root'
Error in <TH1Merger::DifferentAxesMerge>: Cannot merge histograms - the histograms Nocut/Q_vs_xg/DYJets can extend the X axis or have different limits and underflows/overflows are present in the histogram Nocut/Q_vs_xg/DYJets.
Error in <TFileMerger::MergeRecursive>: calling Merge() on 'Nocut/Q_vs_xg/DYJets' with the corresponding object in 'output/hists_114.root'
Error in <TH1Merger::DifferentAxesMerge>: Cannot merge histograms - the histograms Nocut/Q_vs_xg/DYJets can extend the X axis or have different limits and underflows/overflows are present in the histogram Nocut/Q_vs_xg/DYJets.
Error in <TFileMerger::MergeRecursive>: calling Merge() on 'Nocut/Q_vs_xg/DYJets' with the corresponding object in 'output/hists_118.root'
Error in <TH1Merger::DifferentAxesMerge>: Cannot merge histograms - the histograms Nocut/Q_vs_xg/DYJets can extend the X axis or have different limits and underflows/overflows are present in the histogram Nocut/Q_vs_xg/DYJets.
Error in <TFileMerger::MergeRecursive>: calling Merge() on 'Nocut/Q_vs_xg/DYJets' with the corresponding object in 'output/hists_11.root'
Error in <TH1Merger::DifferentAxesMerge>: Cannot merge histograms - the histograms Nocut/Q_vs_xg/DYJets can extend the X axis or have different limits and underflows/overflows are present in the histogram Nocut/Q_vs_xg/DYJets.
Error in <TFileMerger::MergeRecursive>: calling Merge() on 'Nocut/Q_vs_xg/DYJets' with the corresponding object in 'output/hists_122.root'
Error in <TH1Merger::DifferentAxesMerge>: Cannot merge histograms - the histograms Nocut/Q_vs_xg/DYJets can extend the X axis or have different limits and underflows/overflows are present in the histogram Nocut/Q_vs_xg/DYJets.
Error in <TFileMerger::MergeRecursive>: calling Merge() on 'Nocut/Q_vs_xg/DYJets' with the corresponding object in 'output/hists_124.root'
Error in <TH1Merger::DifferentAxesMerge>: Cannot merge histograms - the histograms Nocut/Q_vs_xg/DYJets can extend the X axis or have different limits and underflows/overflows are present in the histogram Nocut/Q_vs_xg/DYJets.
Error in <TFileMerger::MergeRecursive>: calling Merge() on 'Nocut/Q_vs_xg/DYJets' with the corresponding object in 'output/hists_125.root'
Error in <TH1Merger::DifferentAxesMerge>: Cannot merge histograms - the histograms Nocut/Q_vs_xg/DYJets can extend the X axis or have different limits and underflows/overflows are present in the histogram Nocut/Q_vs_xg/DYJets.
Error in <TFileMerger::MergeRecursive>: calling Merge() on 'Nocut/Q_vs_xg/DYJets' with the corresponding object in 'output/hists_126.root'
Error in <TH1Merger::DifferentAxesMerge>: Cannot merge histograms - the histograms Nocut/Q_vs_xg/DYJets can extend the X axis or have different limits and underflows/overflows are present in the histogram Nocut/Q_vs_xg/DYJets.
Error in <TFileMerger::MergeRecursive>: calling Merge() on 'Nocut/Q_vs_xg/DYJets' with the corresponding object in 'output/hists_131.root'
Error in <TH1Merger::DifferentAxesMerge>: Cannot merge histograms - the histograms Nocut/Q_vs_xg/DYJets can extend the X axis or have different limits and underflows/overflows are present in the histogram Nocut/Q_vs_xg/DYJets.
Error in <TFileMerger::MergeRecursive>: calling Merge() on 'Nocut/Q_vs_xg/DYJets' with the corresponding object in 'output/hists_132.root'
Error in <TH1Merger::DifferentAxesMerge>: Cannot merge histograms - the histograms Nocut/Q_vs_xg/DYJets can extend the X axis or have different limits and underflows/overflows are present in the histogram Nocut/Q_vs_xg/DYJets.
Error in <TFileMerger::MergeRecursive>: calling Merge() on 'Nocut/Q_vs_xg/DYJets' with the corresponding object in 'output/hists_134.root'
Error in <TH1Merger::DifferentAxesMerge>: Cannot merge histograms - the histograms Nocut/Q_vs_xg/DYJets can extend the X axis or have different limits and underflows/overflows are present in the histogram Nocut/Q_vs_xg/DYJets.
Error in <TFileMerger::MergeRecursive>: calling Merge() on 'Nocut/Q_vs_xg/DYJets' with the corresponding object in 'output/hists_136.root'
Error in <TH1Merger::DifferentAxesMerge>: Cannot merge histograms - the histograms Nocut/Q_vs_xg/DYJets can extend the X axis or have different limits and underflows/overflows are present in the histogram Nocut/Q_vs_xg/DYJets.
Error in <TFileMerger::MergeRecursive>: calling Merge() on 'Nocut/Q_vs_xg/DYJets' with the corresponding object in 'output/hists_137.root'
Error in <TH1Merger::DifferentAxesMerge>: Cannot merge histograms - the histograms Nocut/Q_vs_xg/DYJets can extend the X axis or have different limits and underflows/overflows are present in the histogram Nocut/Q_vs_xg/DYJets.
Error in <TFileMerger::MergeRecursive>: calling Merge() on 'Nocut/Q_vs_xg/DYJets' with the corresponding object in 'output/hists_141.root'
Error in <TH1Merger::DifferentAxesMerge>: Cannot merge histograms - the histograms Nocut/Q_vs_xg/DYJets can extend the X axis or have different limits and underflows/overflows are present in the histogram Nocut/Q_vs_xg/DYJets.
Error in <TFileMerger::MergeRecursive>: calling Merge() on 'Nocut/Q_vs_xg/DYJets' with the corresponding object in 'output/hists_144.root'
Error in <TH1Merger::DifferentAxesMerge>: Cannot merge histograms - the histograms Nocut/Q_vs_xg/DYJets can extend the X axis or have different limits and underflows/overflows are present in the histogram Nocut/Q_vs_xg/DYJets.
Error in <TFileMerger::MergeRecursive>: calling Merge() on 'Nocut/Q_vs_xg/DYJets' with the corresponding object in 'output/hists_146.root'
Error in <TH1Merger::DifferentAxesMerge>: Cannot merge histograms - the histograms Nocut/Q_vs_xg/DYJets can extend the X axis or have different limits and underflows/overflows are present in the histogram Nocut/Q_vs_xg/DYJets.
Error in <TFileMerger::MergeRecursive>: calling Merge() on 'Nocut/Q_vs_xg/DYJets' with the corresponding object in 'output/hists_148.root'
Error in <TH1Merger::DifferentAxesMerge>: Cannot merge histograms - the histograms Nocut/Q_vs_xg/DYJets can extend the X axis or have different limits and underflows/overflows are present in the histogram Nocut/Q_vs_xg/DYJets.
Error in <TFileMerger::MergeRecursive>: calling Merge() on 'Nocut/Q_vs_xg/DYJets' with the corresponding object in 'output/hists_151.root'
Error in <TH1Merger::DifferentAxesMerge>: Cannot merge histograms - the histograms Nocut/Q_vs_xg/DYJets can extend the X axis or have different limits and underflows/overflows are present in the histogram Nocut/Q_vs_xg/DYJets.
Error in <TFileMerger::MergeRecursive>: calling Merge() on 'Nocut/Q_vs_xg/DYJets' with the corresponding object in 'output/hists_154.root'
Error in <TH1Merger::DifferentAxesMerge>: Cannot merge histograms - the histograms Nocut/Q_vs_xg/DYJets can extend the X axis or have different limits and underflows/overflows are present in the histogram Nocut/Q_vs_xg/DYJets.
Error in <TFileMerger::MergeRecursive>: calling Merge() on 'Nocut/Q_vs_xg/DYJets' with the corresponding object in 'output/hists_155.root'
Error in <TH1Merger::DifferentAxesMerge>: Cannot merge histograms - the histograms Nocut/Q_vs_xg/DYJets can extend the X axis or have different limits and underflows/overflows are present in the histogram Nocut/Q_vs_xg/DYJets.
Error in <TFileMerger::MergeRecursive>: calling Merge() on 'Nocut/Q_vs_xg/DYJets' with the corresponding object in 'output/hists_156.root'
Error in <TH1Merger::DifferentAxesMerge>: Cannot merge histograms - the histograms Nocut/Q_vs_xg/DYJets can extend the X axis or have different limits and underflows/overflows are present in the histogram Nocut/Q_vs_xg/DYJets.
Error in <TFileMerger::MergeRecursive>: calling Merge() on 'Nocut/Q_vs_xg/DYJets' with the corresponding object in 'output/hists_15.root'
Error in <TH1Merger::DifferentAxesMerge>: Cannot merge histograms - the histograms Nocut/Q_vs_xg/DYJets can extend the X axis or have different limits and underflows/overflows are present in the histogram Nocut/Q_vs_xg/DYJets.
Error in <TFileMerger::MergeRecursive>: calling Merge() on 'Nocut/Q_vs_xg/DYJets' with the corresponding object in 'output/hists_160.root'
Error in <TH1Merger::DifferentAxesMerge>: Cannot merge histograms - the histograms Nocut/Q_vs_xg/DYJets can extend the X axis or have different limits and underflows/overflows are present in the histogram Nocut/Q_vs_xg/DYJets.
Error in <TFileMerger::MergeRecursive>: calling Merge() on 'Nocut/Q_vs_xg/DYJets' with the corresponding object in 'output/hists_162.root'
Error in <TH1Merger::DifferentAxesMerge>: Cannot merge histograms - the histograms Nocut/Q_vs_xg/DYJets can extend the X axis or have different limits and underflows/overflows are present in the histogram Nocut/Q_vs_xg/DYJets.
Error in <TFileMerger::MergeRecursive>: calling Merge() on 'Nocut/Q_vs_xg/DYJets' with the corresponding object in 'output/hists_167.root'
Error in <TH1Merger::DifferentAxesMerge>: Cannot merge histograms - the histograms Nocut/Q_vs_xg/DYJets can extend the X axis or have different limits and underflows/overflows are present in the histogram Nocut/Q_vs_xg/DYJets.
Error in <TFileMerger::MergeRecursive>: calling Merge() on 'Nocut/Q_vs_xg/DYJets' with the corresponding object in 'output/hists_168.root'
Error in <TH1Merger::DifferentAxesMerge>: Cannot merge histograms - the histograms Nocut/Q_vs_xg/DYJets can extend the X axis or have different limits and underflows/overflows are present in the histogram Nocut/Q_vs_xg/DYJets.
Error in <TFileMerger::MergeRecursive>: calling Merge() on 'Nocut/Q_vs_xg/DYJets' with the corresponding object in 'output/hists_169.root'
Error in <TH1Merger::DifferentAxesMerge>: Cannot merge histograms - the histograms Nocut/Q_vs_xg/DYJets can extend the X axis or have different limits and underflows/overflows are present in the histogram Nocut/Q_vs_xg/DYJets.
Error in <TFileMerger::MergeRecursive>: calling Merge() on 'Nocut/Q_vs_xg/DYJets' with the corresponding object in 'output/hists_16.root'
Error in <TH1Merger::DifferentAxesMerge>: Cannot merge histograms - the histograms Nocut/Q_vs_xg/DYJets can extend the X axis or have different limits and underflows/overflows are present in the histogram Nocut/Q_vs_xg/DYJets.
Error in <TFileMerger::MergeRecursive>: calling Merge() on 'Nocut/Q_vs_xg/DYJets' with the corresponding object in 'output/hists_170.root'
Error in <TH1Merger::DifferentAxesMerge>: Cannot merge histograms - the histograms Nocut/Q_vs_xg/DYJets can extend the X axis or have different limits and underflows/overflows are present in the histogram Nocut/Q_vs_xg/DYJets.
Error in <TFileMerger::MergeRecursive>: calling Merge() on 'Nocut/Q_vs_xg/DYJets' with the corresponding object in 'output/hists_174.root'
Error in <TH1Merger::DifferentAxesMerge>: Cannot merge histograms - the histograms Nocut/Q_vs_xg/DYJets can extend the X axis or have different limits and underflows/overflows are present in the histogram Nocut/Q_vs_xg/DYJets.
Error in <TFileMerger::MergeRecursive>: calling Merge() on 'Nocut/Q_vs_xg/DYJets' with the corresponding object in 'output/hists_181.root'
Error in <TH1Merger::DifferentAxesMerge>: Cannot merge histograms - the histograms Nocut/Q_vs_xg/DYJets can extend the X axis or have different limits and underflows/overflows are present in the histogram Nocut/Q_vs_xg/DYJets.
Error in <TFileMerger::MergeRecursive>: calling Merge() on 'Nocut/Q_vs_xg/DYJets' with the corresponding object in 'output/hists_182.root'
Error in <TH1Merger::DifferentAxesMerge>: Cannot merge histograms - the histograms Nocut/Q_vs_xg/DYJets can extend the X axis or have different limits and underflows/overflows are present in the histogram Nocut/Q_vs_xg/DYJets.
Error in <TFileMerger::MergeRecursive>: calling Merge() on 'Nocut/Q_vs_xg/DYJets' with the corresponding object in 'output/hists_184.root'
Error in <TH1Merger::DifferentAxesMerge>: Cannot merge histograms - the histograms Nocut/Q_vs_xg/DYJets can extend the X axis or have different limits and underflows/overflows are present in the histogram Nocut/Q_vs_xg/DYJets.
Error in <TFileMerger::MergeRecursive>: calling Merge() on 'Nocut/Q_vs_xg/DYJets' with the corresponding object in 'output/hists_190.root'
Error in <TH1Merger::DifferentAxesMerge>: Cannot merge histograms - the histograms Nocut/Q_vs_xg/DYJets can extend the X axis or have different limits and underflows/overflows are present in the histogram Nocut/Q_vs_xg/DYJets.
Error in <TFileMerger::MergeRecursive>: calling Merge() on 'Nocut/Q_vs_xg/DYJets' with the corresponding object in 'output/hists_192.root'
Error in <TH1Merger::DifferentAxesMerge>: Cannot merge histograms - the histograms Nocut/Q_vs_xg/DYJets can extend the X axis or have different limits and underflows/overflows are present in the histogram Nocut/Q_vs_xg/DYJets.
Error in <TFileMerger::MergeRecursive>: calling Merge() on 'Nocut/Q_vs_xg/DYJets' with the corresponding object in 'output/hists_196.root'
Error in <TH1Merger::DifferentAxesMerge>: Cannot merge histograms - the histograms Nocut/Q_vs_xg/DYJets can extend the X axis or have different limits and underflows/overflows are present in the histogram Nocut/Q_vs_xg/DYJets.
Error in <TFileMerger::MergeRecursive>: calling Merge() on 'Nocut/Q_vs_xg/DYJets' with the corresponding object in 'output/hists_198.root'
Error in <TH1Merger::DifferentAxesMerge>: Cannot merge histograms - the histograms Nocut/Q_vs_xg/DYJets can extend the X axis or have different limits and underflows/overflows are present in the histogram Nocut/Q_vs_xg/DYJets.
Error in <TFileMerger::MergeRecursive>: calling Merge() on 'Nocut/Q_vs_xg/DYJets' with the corresponding object in 'output/hists_19.root'
Error in <TH1Merger::DifferentAxesMerge>: Cannot merge histograms - the histograms Nocut/Q_vs_xg/DYJets can extend the X axis or have different limits and underflows/overflows are present in the histogram Nocut/Q_vs_xg/DYJets.
Error in <TFileMerger::MergeRecursive>: calling Merge() on 'Nocut/Q_vs_xg/DYJets' with the corresponding object in 'output/hists_204.root'
Error in <TH1Merger::DifferentAxesMerge>: Cannot merge histograms - the histograms Nocut/Q_vs_xg/DYJets can extend the X axis or have different limits and underflows/overflows are present in the histogram Nocut/Q_vs_xg/DYJets.
Error in <TFileMerger::MergeRecursive>: calling Merge() on 'Nocut/Q_vs_xg/DYJets' with the corresponding object in 'output/hists_205.root'
Error in <TH1Merger::DifferentAxesMerge>: Cannot merge histograms - the histograms Nocut/Q_vs_xg/DYJets can extend the X axis or have different limits and underflows/overflows are present in the histogram Nocut/Q_vs_xg/DYJets.
Error in <TFileMerger::MergeRecursive>: calling Merge() on 'Nocut/Q_vs_xg/DYJets' with the corresponding object in 'output/hists_208.root'
Error in <TH1Merger::DifferentAxesMerge>: Cannot merge histograms - the histograms Nocut/Q_vs_xg/DYJets can extend the X axis or have different limits and underflows/overflows are present in the histogram Nocut/Q_vs_xg/DYJets.
Error in <TFileMerger::MergeRecursive>: calling Merge() on 'Nocut/Q_vs_xg/DYJets' with the corresponding object in 'output/hists_209.root'
Error in <TH1Merger::DifferentAxesMerge>: Cannot merge histograms - the histograms Nocut/Q_vs_xg/DYJets can extend the X axis or have different limits and underflows/overflows are present in the histogram Nocut/Q_vs_xg/DYJets.
Error in <TFileMerger::MergeRecursive>: calling Merge() on 'Nocut/Q_vs_xg/DYJets' with the corresponding object in 'output/hists_210.root'
Error in <TH1Merger::DifferentAxesMerge>: Cannot merge histograms - the histograms Nocut/Q_vs_xg/DYJets can extend the X axis or have different limits and underflows/overflows are present in the histogram Nocut/Q_vs_xg/DYJets.
Error in <TFileMerger::MergeRecursive>: calling Merge() on 'Nocut/Q_vs_xg/DYJets' with the corresponding object in 'output/hists_212.root'
Error in <TH1Merger::DifferentAxesMerge>: Cannot merge histograms - the histograms Nocut/Q_vs_xg/DYJets can extend the X axis or have different limits and underflows/overflows are present in the histogram Nocut/Q_vs_xg/DYJets.
Error in <TFileMerger::MergeRecursive>: calling Merge() on 'Nocut/Q_vs_xg/DYJets' with the corresponding object in 'output/hists_214.root'
Error in <TH1Merger::DifferentAxesMerge>: Cannot merge histograms - the histograms Nocut/Q_vs_xg/DYJets can extend the X axis or have different limits and underflows/overflows are present in the histogram Nocut/Q_vs_xg/DYJets.
Error in <TFileMerger::MergeRecursive>: calling Merge() on 'Nocut/Q_vs_xg/DYJets' with the corresponding object in 'output/hists_216.root'
Error in <TH1Merger::DifferentAxesMerge>: Cannot merge histograms - the histograms Nocut/Q_vs_xg/DYJets can extend the X axis or have different limits and underflows/overflows are present in the histogram Nocut/Q_vs_xg/DYJets.
Error in <TFileMerger::MergeRecursive>: calling Merge() on 'Nocut/Q_vs_xg/DYJets' with the corresponding object in 'output/hists_218.root'
Error in <TH1Merger::DifferentAxesMerge>: Cannot merge histograms - the histograms Nocut/Q_vs_xg/DYJets can extend the X axis or have different limits and underflows/overflows are present in the histogram Nocut/Q_vs_xg/DYJets.
Error in <TFileMerger::MergeRecursive>: calling Merge() on 'Nocut/Q_vs_xg/DYJets' with the corresponding object in 'output/hists_21.root'
Error in <TH1Merger::DifferentAxesMerge>: Cannot merge histograms - the histograms Nocut/Q_vs_xg/DYJets can extend the X axis or have different limits and underflows/overflows are present in the histogram Nocut/Q_vs_xg/DYJets.
Error in <TFileMerger::MergeRecursive>: calling Merge() on 'Nocut/Q_vs_xg/DYJets' with the corresponding object in 'output/hists_220.root'
Error in <TH1Merger::DifferentAxesMerge>: Cannot merge histograms - the histograms Nocut/Q_vs_xg/DYJets can extend the X axis or have different limits and underflows/overflows are present in the histogram Nocut/Q_vs_xg/DYJets.
Error in <TFileMerger::MergeRecursive>: calling Merge() on 'Nocut/Q_vs_xg/DYJets' with the corresponding object in 'output/hists_221.root'
Error in <TH1Merger::DifferentAxesMerge>: Cannot merge histograms - the histograms Nocut/Q_vs_xg/DYJets can extend the X axis or have different limits and underflows/overflows are present in the histogram Nocut/Q_vs_xg/DYJets.
Error in <TFileMerger::MergeRecursive>: calling Merge() on 'Nocut/Q_vs_xg/DYJets' with the corresponding object in 'output/hists_222.root'
Error in <TH1Merger::DifferentAxesMerge>: Cannot merge histograms - the histograms Nocut/Q_vs_xg/DYJets can extend the X axis or have different limits and underflows/overflows are present in the histogram Nocut/Q_vs_xg/DYJets.
Error in <TFileMerger::MergeRecursive>: calling Merge() on 'Nocut/Q_vs_xg/DYJets' with the corresponding object in 'output/hists_223.root'
Error in <TH1Merger::DifferentAxesMerge>: Cannot merge histograms - the histograms Nocut/Q_vs_xg/DYJets can extend the X axis or have different limits and underflows/overflows are present in the histogram Nocut/Q_vs_xg/DYJets.
Error in <TFileMerger::MergeRecursive>: calling Merge() on 'Nocut/Q_vs_xg/DYJets' with the corresponding object in 'output/hists_225.root'
Error in <TH1Merger::DifferentAxesMerge>: Cannot merge histograms - the histograms Nocut/Q_vs_xg/DYJets can extend the X axis or have different limits and underflows/overflows are present in the histogram Nocut/Q_vs_xg/DYJets.
Error in <TFileMerger::MergeRecursive>: calling Merge() on 'Nocut/Q_vs_xg/DYJets' with the corresponding object in 'output/hists_226.root'
Error in <TH1Merger::DifferentAxesMerge>: Cannot merge histograms - the histograms Nocut/Q_vs_xg/DYJets can extend the X axis or have different limits and underflows/overflows are present in the histogram Nocut/Q_vs_xg/DYJets.
Error in <TFileMerger::MergeRecursive>: calling Merge() on 'Nocut/Q_vs_xg/DYJets' with the corresponding object in 'output/hists_227.root'
Error in <TH1Merger::DifferentAxesMerge>: Cannot merge histograms - the histograms Nocut/Q_vs_xg/DYJets can extend the X axis or have different limits and underflows/overflows are present in the histogram Nocut/Q_vs_xg/DYJets.
Error in <TFileMerger::MergeRecursive>: calling Merge() on 'Nocut/Q_vs_xg/DYJets' with the corresponding object in 'output/hists_232.root'
Error in <TH1Merger::DifferentAxesMerge>: Cannot merge histograms - the histograms Nocut/Q_vs_xg/DYJets can extend the X axis or have different limits and underflows/overflows are present in the histogram Nocut/Q_vs_xg/DYJets.
Error in <TFileMerger::MergeRecursive>: calling Merge() on 'Nocut/Q_vs_xg/DYJets' with the corresponding object in 'output/hists_238.root'
Error in <TH1Merger::DifferentAxesMerge>: Cannot merge histograms - the histograms Nocut/Q_vs_xg/DYJets can extend the X axis or have different limits and underflows/overflows are present in the histogram Nocut/Q_vs_xg/DYJets.
Error in <TFileMerger::MergeRecursive>: calling Merge() on 'Nocut/Q_vs_xg/DYJets' with the corresponding object in 'output/hists_241.root'
Error in <TH1Merger::DifferentAxesMerge>: Cannot merge histograms - the histograms Nocut/Q_vs_xg/DYJets can extend the X axis or have different limits and underflows/overflows are present in the histogram Nocut/Q_vs_xg/DYJets.
Error in <TFileMerger::MergeRecursive>: calling Merge() on 'Nocut/Q_vs_xg/DYJets' with the corresponding object in 'output/hists_244.root'
Error in <TH1Merger::DifferentAxesMerge>: Cannot merge histograms - the histograms Nocut/Q_vs_xg/DYJets can extend the X axis or have different limits and underflows/overflows are present in the histogram Nocut/Q_vs_xg/DYJets.
Error in <TFileMerger::MergeRecursive>: calling Merge() on 'Nocut/Q_vs_xg/DYJets' with the corresponding object in 'output/hists_249.root'
Error in <TH1Merger::DifferentAxesMerge>: Cannot merge histograms - the histograms Nocut/Q_vs_xg/DYJets can extend the X axis or have different limits and underflows/overflows are present in the histogram Nocut/Q_vs_xg/DYJets.
Error in <TFileMerger::MergeRecursive>: calling Merge() on 'Nocut/Q_vs_xg/DYJets' with the corresponding object in 'output/hists_24.root'
Error in <TH1Merger::DifferentAxesMerge>: Cannot merge histograms - the histograms Nocut/Q_vs_xg/DYJets can extend the X axis or have different limits and underflows/overflows are present in the histogram Nocut/Q_vs_xg/DYJets.
Error in <TFileMerger::MergeRecursive>: calling Merge() on 'Nocut/Q_vs_xg/DYJets' with the corresponding object in 'output/hists_250.root'
Error in <TH1Merger::DifferentAxesMerge>: Cannot merge histograms - the histograms Nocut/Q_vs_xg/DYJets can extend the X axis or have different limits and underflows/overflows are present in the histogram Nocut/Q_vs_xg/DYJets.
Error in <TFileMerger::MergeRecursive>: calling Merge() on 'Nocut/Q_vs_xg/DYJets' with the corresponding object in 'output/hists_253.root'
Error in <TH1Merger::DifferentAxesMerge>: Cannot merge histograms - the histograms Nocut/Q_vs_xg/DYJets can extend the X axis or have different limits and underflows/overflows are present in the histogram Nocut/Q_vs_xg/DYJets.
Error in <TFileMerger::MergeRecursive>: calling Merge() on 'Nocut/Q_vs_xg/DYJets' with the corresponding object in 'output/hists_254.root'
Error in <TH1Merger::DifferentAxesMerge>: Cannot merge histograms - the histograms Nocut/Q_vs_xg/DYJets can extend the X axis or have different limits and underflows/overflows are present in the histogram Nocut/Q_vs_xg/DYJets.
Error in <TFileMerger::MergeRecursive>: calling Merge() on 'Nocut/Q_vs_xg/DYJets' with the corresponding object in 'output/hists_257.root'
Error in <TH1Merger::DifferentAxesMerge>: Cannot merge histograms - the histograms Nocut/Q_vs_xg/DYJets can extend the X axis or have different limits and underflows/overflows are present in the histogram Nocut/Q_vs_xg/DYJets.
Error in <TFileMerger::MergeRecursive>: calling Merge() on 'Nocut/Q_vs_xg/DYJets' with the corresponding object in 'output/hists_258.root'
Error in <TH1Merger::DifferentAxesMerge>: Cannot merge histograms - the histograms Nocut/Q_vs_xg/DYJets can extend the X axis or have different limits and underflows/overflows are present in the histogram Nocut/Q_vs_xg/DYJets.
Error in <TFileMerger::MergeRecursive>: calling Merge() on 'Nocut/Q_vs_xg/DYJets' with the corresponding object in 'output/hists_262.root'
Error in <TH1Merger::DifferentAxesMerge>: Cannot merge histograms - the histograms Nocut/Q_vs_xg/DYJets can extend the X axis or have different limits and underflows/overflows are present in the histogram Nocut/Q_vs_xg/DYJets.
Error in <TFileMerger::MergeRecursive>: calling Merge() on 'Nocut/Q_vs_xg/DYJets' with the corresponding object in 'output/hists_266.root'
Error in <TH1Merger::DifferentAxesMerge>: Cannot merge histograms - the histograms Nocut/Q_vs_xg/DYJets can extend the X axis or have different limits and underflows/overflows are present in the histogram Nocut/Q_vs_xg/DYJets.
Error in <TFileMerger::MergeRecursive>: calling Merge() on 'Nocut/Q_vs_xg/DYJets' with the corresponding object in 'output/hists_268.root'
Error in <TH1Merger::DifferentAxesMerge>: Cannot merge histograms - the histograms Nocut/Q_vs_xg/DYJets can extend the X axis or have different limits and underflows/overflows are present in the histogram Nocut/Q_vs_xg/DYJets.
Error in <TFileMerger::MergeRecursive>: calling Merge() on 'Nocut/Q_vs_xg/DYJets' with the corresponding object in 'output/hists_26.root'
Error in <TH1Merger::DifferentAxesMerge>: Cannot merge histograms - the histograms Nocut/Q_vs_xg/DYJets can extend the X axis or have different limits and underflows/overflows are present in the histogram Nocut/Q_vs_xg/DYJets.
Error in <TFileMerger::MergeRecursive>: calling Merge() on 'Nocut/Q_vs_xg/DYJets' with the corresponding object in 'output/hists_273.root'
Error in <TH1Merger::DifferentAxesMerge>: Cannot merge histograms - the histograms Nocut/Q_vs_xg/DYJets can extend the X axis or have different limits and underflows/overflows are present in the histogram Nocut/Q_vs_xg/DYJets.
Error in <TFileMerger::MergeRecursive>: calling Merge() on 'Nocut/Q_vs_xg/DYJets' with the corresponding object in 'output/hists_274.root'
Error in <TH1Merger::DifferentAxesMerge>: Cannot merge histograms - the histograms Nocut/Q_vs_xg/DYJets can extend the X axis or have different limits and underflows/overflows are present in the histogram Nocut/Q_vs_xg/DYJets.
Error in <TFileMerger::MergeRecursive>: calling Merge() on 'Nocut/Q_vs_xg/DYJets' with the corresponding object in 'output/hists_277.root'
Error in <TH1Merger::DifferentAxesMerge>: Cannot merge histograms - the histograms Nocut/Q_vs_xg/DYJets can extend the X axis or have different limits and underflows/overflows are present in the histogram Nocut/Q_vs_xg/DYJets.
Error in <TFileMerger::MergeRecursive>: calling Merge() on 'Nocut/Q_vs_xg/DYJets' with the corresponding object in 'output/hists_280.root'
Error in <TH1Merger::DifferentAxesMerge>: Cannot merge histograms - the histograms Nocut/Q_vs_xg/DYJets can extend the X axis or have different limits and underflows/overflows are present in the histogram Nocut/Q_vs_xg/DYJets.
Error in <TFileMerger::MergeRecursive>: calling Merge() on 'Nocut/Q_vs_xg/DYJets' with the corresponding object in 'output/hists_281.root'
Error in <TH1Merger::DifferentAxesMerge>: Cannot merge histograms - the histograms Nocut/Q_vs_xg/DYJets can extend the X axis or have different limits and underflows/overflows are present in the histogram Nocut/Q_vs_xg/DYJets.
Error in <TFileMerger::MergeRecursive>: calling Merge() on 'Nocut/Q_vs_xg/DYJets' with the corresponding object in 'output/hists_283.root'
Error in <TH1Merger::DifferentAxesMerge>: Cannot merge histograms - the histograms Nocut/Q_vs_xg/DYJets can extend the X axis or have different limits and underflows/overflows are present in the histogram Nocut/Q_vs_xg/DYJets.
Error in <TFileMerger::MergeRecursive>: calling Merge() on 'Nocut/Q_vs_xg/DYJets' with the corresponding object in 'output/hists_284.root'
Error in <TH1Merger::DifferentAxesMerge>: Cannot merge histograms - the histograms Nocut/Q_vs_xg/DYJets can extend the X axis or have different limits and underflows/overflows are present in the histogram Nocut/Q_vs_xg/DYJets.
Error in <TFileMerger::MergeRecursive>: calling Merge() on 'Nocut/Q_vs_xg/DYJets' with the corresponding object in 'output/hists_288.root'
Error in <TH1Merger::DifferentAxesMerge>: Cannot merge histograms - the histograms Nocut/Q_vs_xg/DYJets can extend the X axis or have different limits and underflows/overflows are present in the histogram Nocut/Q_vs_xg/DYJets.
Error in <TFileMerger::MergeRecursive>: calling Merge() on 'Nocut/Q_vs_xg/DYJets' with the corresponding object in 'output/hists_289.root'
Error in <TH1Merger::DifferentAxesMerge>: Cannot merge histograms - the histograms Nocut/Q_vs_xg/DYJets can extend the X axis or have different limits and underflows/overflows are present in the histogram Nocut/Q_vs_xg/DYJets.
Error in <TFileMerger::MergeRecursive>: calling Merge() on 'Nocut/Q_vs_xg/DYJets' with the corresponding object in 'output/hists_28.root'
Error in <TH1Merger::DifferentAxesMerge>: Cannot merge histograms - the histograms Nocut/Q_vs_xg/DYJets can extend the X axis or have different limits and underflows/overflows are present in the histogram Nocut/Q_vs_xg/DYJets.
Error in <TFileMerger::MergeRecursive>: calling Merge() on 'Nocut/Q_vs_xg/DYJets' with the corresponding object in 'output/hists_290.root'
Error in <TH1Merger::DifferentAxesMerge>: Cannot merge histograms - the histograms Nocut/Q_vs_xg/DYJets can extend the X axis or have different limits and underflows/overflows are present in the histogram Nocut/Q_vs_xg/DYJets.
Error in <TFileMerger::MergeRecursive>: calling Merge() on 'Nocut/Q_vs_xg/DYJets' with the corresponding object in 'output/hists_291.root'
Error in <TH1Merger::DifferentAxesMerge>: Cannot merge histograms - the histograms Nocut/Q_vs_xg/DYJets can extend the X axis or have different limits and underflows/overflows are present in the histogram Nocut/Q_vs_xg/DYJets.
Error in <TFileMerger::MergeRecursive>: calling Merge() on 'Nocut/Q_vs_xg/DYJets' with the corresponding object in 'output/hists_292.root'
Error in <TH1Merger::DifferentAxesMerge>: Cannot merge histograms - the histograms Nocut/Q_vs_xg/DYJets can extend the X axis or have different limits and underflows/overflows are present in the histogram Nocut/Q_vs_xg/DYJets.
Error in <TFileMerger::MergeRecursive>: calling Merge() on 'Nocut/Q_vs_xg/DYJets' with the corresponding object in 'output/hists_296.root'
Error in <TH1Merger::DifferentAxesMerge>: Cannot merge histograms - the histograms Nocut/Q_vs_xg/DYJets can extend the X axis or have different limits and underflows/overflows are present in the histogram Nocut/Q_vs_xg/DYJets.
Error in <TFileMerger::MergeRecursive>: calling Merge() on 'Nocut/Q_vs_xg/DYJets' with the corresponding object in 'output/hists_298.root'
Error in <TH1Merger::DifferentAxesMerge>: Cannot merge histograms - the histograms Nocut/Q_vs_xg/DYJets can extend the X axis or have different limits and underflows/overflows are present in the histogram Nocut/Q_vs_xg/DYJets.
Error in <TFileMerger::MergeRecursive>: calling Merge() on 'Nocut/Q_vs_xg/DYJets' with the corresponding object in 'output/hists_30.root'
Error in <TH1Merger::DifferentAxesMerge>: Cannot merge histograms - the histograms Nocut/Q_vs_xg/DYJets can extend the X axis or have different limits and underflows/overflows are present in the histogram Nocut/Q_vs_xg/DYJets.
Error in <TFileMerger::MergeRecursive>: calling Merge() on 'Nocut/Q_vs_xg/DYJets' with the corresponding object in 'output/hists_31.root'
Error in <TH1Merger::DifferentAxesMerge>: Cannot merge histograms - the histograms Nocut/Q_vs_xg/DYJets can extend the X axis or have different limits and underflows/overflows are present in the histogram Nocut/Q_vs_xg/DYJets.
Error in <TFileMerger::MergeRecursive>: calling Merge() on 'Nocut/Q_vs_xg/DYJets' with the corresponding object in 'output/hists_33.root'
Error in <TH1Merger::DifferentAxesMerge>: Cannot merge histograms - the histograms Nocut/Q_vs_xg/DYJets can extend the X axis or have different limits and underflows/overflows are present in the histogram Nocut/Q_vs_xg/DYJets.
Error in <TFileMerger::MergeRecursive>: calling Merge() on 'Nocut/Q_vs_xg/DYJets' with the corresponding object in 'output/hists_36.root'
Error in <TH1Merger::DifferentAxesMerge>: Cannot merge histograms - the histograms Nocut/Q_vs_xg/DYJets can extend the X axis or have different limits and underflows/overflows are present in the histogram Nocut/Q_vs_xg/DYJets.
Error in <TFileMerger::MergeRecursive>: calling Merge() on 'Nocut/Q_vs_xg/DYJets' with the corresponding object in 'output/hists_40.root'
Error in <TH1Merger::DifferentAxesMerge>: Cannot merge histograms - the histograms Nocut/Q_vs_xg/DYJets can extend the X axis or have different limits and underflows/overflows are present in the histogram Nocut/Q_vs_xg/DYJets.
Error in <TFileMerger::MergeRecursive>: calling Merge() on 'Nocut/Q_vs_xg/DYJets' with the corresponding object in 'output/hists_41.root'
Error in <TH1Merger::DifferentAxesMerge>: Cannot merge histograms - the histograms Nocut/Q_vs_xg/DYJets can extend the X axis or have different limits and underflows/overflows are present in the histogram Nocut/Q_vs_xg/DYJets.
Error in <TFileMerger::MergeRecursive>: calling Merge() on 'Nocut/Q_vs_xg/DYJets' with the corresponding object in 'output/hists_43.root'
Error in <TH1Merger::DifferentAxesMerge>: Cannot merge histograms - the histograms Nocut/Q_vs_xg/DYJets can extend the X axis or have different limits and underflows/overflows are present in the histogram Nocut/Q_vs_xg/DYJets.
Error in <TFileMerger::MergeRecursive>: calling Merge() on 'Nocut/Q_vs_xg/DYJets' with the corresponding object in 'output/hists_44.root'
Error in <TH1Merger::DifferentAxesMerge>: Cannot merge histograms - the histograms Nocut/Q_vs_xg/DYJets can extend the X axis or have different limits and underflows/overflows are present in the histogram Nocut/Q_vs_xg/DYJets.
Error in <TFileMerger::MergeRecursive>: calling Merge() on 'Nocut/Q_vs_xg/DYJets' with the corresponding object in 'output/hists_45.root'
Error in <TH1Merger::DifferentAxesMerge>: Cannot merge histograms - the histograms Nocut/Q_vs_xg/DYJets can extend the X axis or have different limits and underflows/overflows are present in the histogram Nocut/Q_vs_xg/DYJets.
Error in <TFileMerger::MergeRecursive>: calling Merge() on 'Nocut/Q_vs_xg/DYJets' with the corresponding object in 'output/hists_47.root'
Error in <TH1Merger::DifferentAxesMerge>: Cannot merge histograms - the histograms Nocut/Q_vs_xg/DYJets can extend the X axis or have different limits and underflows/overflows are present in the histogram Nocut/Q_vs_xg/DYJets.
Error in <TFileMerger::MergeRecursive>: calling Merge() on 'Nocut/Q_vs_xg/DYJets' with the corresponding object in 'output/hists_49.root'
Error in <TH1Merger::DifferentAxesMerge>: Cannot merge histograms - the histograms Nocut/Q_vs_xg/DYJets can extend the X axis or have different limits and underflows/overflows are present in the histogram Nocut/Q_vs_xg/DYJets.
Error in <TFileMerger::MergeRecursive>: calling Merge() on 'Nocut/Q_vs_xg/DYJets' with the corresponding object in 'output/hists_4.root'
Error in <TH1Merger::DifferentAxesMerge>: Cannot merge histograms - the histograms Nocut/Q_vs_xg/DYJets can extend the X axis or have different limits and underflows/overflows are present in the histogram Nocut/Q_vs_xg/DYJets.
Error in <TFileMerger::MergeRecursive>: calling Merge() on 'Nocut/Q_vs_xg/DYJets' with the corresponding object in 'output/hists_50.root'
Error in <TH1Merger::DifferentAxesMerge>: Cannot merge histograms - the histograms Nocut/Q_vs_xg/DYJets can extend the X axis or have different limits and underflows/overflows are present in the histogram Nocut/Q_vs_xg/DYJets.
Error in <TFileMerger::MergeRecursive>: calling Merge() on 'Nocut/Q_vs_xg/DYJets' with the corresponding object in 'output/hists_52.root'
Error in <TH1Merger::DifferentAxesMerge>: Cannot merge histograms - the histograms Nocut/Q_vs_xg/DYJets can extend the X axis or have different limits and underflows/overflows are present in the histogram Nocut/Q_vs_xg/DYJets.
Error in <TFileMerger::MergeRecursive>: calling Merge() on 'Nocut/Q_vs_xg/DYJets' with the corresponding object in 'output/hists_54.root'
Error in <TH1Merger::DifferentAxesMerge>: Cannot merge histograms - the histograms Nocut/Q_vs_xg/DYJets can extend the X axis or have different limits and underflows/overflows are present in the histogram Nocut/Q_vs_xg/DYJets.
Error in <TFileMerger::MergeRecursive>: calling Merge() on 'Nocut/Q_vs_xg/DYJets' with the corresponding object in 'output/hists_58.root'
Error in <TH1Merger::DifferentAxesMerge>: Cannot merge histograms - the histograms Nocut/Q_vs_xg/DYJets can extend the X axis or have different limits and underflows/overflows are present in the histogram Nocut/Q_vs_xg/DYJets.
Error in <TFileMerger::MergeRecursive>: calling Merge() on 'Nocut/Q_vs_xg/DYJets' with the corresponding object in 'output/hists_59.root'
Error in <TH1Merger::DifferentAxesMerge>: Cannot merge histograms - the histograms Nocut/Q_vs_xg/DYJets can extend the X axis or have different limits and underflows/overflows are present in the histogram Nocut/Q_vs_xg/DYJets.
Error in <TFileMerger::MergeRecursive>: calling Merge() on 'Nocut/Q_vs_xg/DYJets' with the corresponding object in 'output/hists_5.root'
Error in <TH1Merger::DifferentAxesMerge>: Cannot merge histograms - the histograms Nocut/Q_vs_xg/DYJets can extend the X axis or have different limits and underflows/overflows are present in the histogram Nocut/Q_vs_xg/DYJets.
Error in <TFileMerger::MergeRecursive>: calling Merge() on 'Nocut/Q_vs_xg/DYJets' with the corresponding object in 'output/hists_60.root'
Error in <TH1Merger::DifferentAxesMerge>: Cannot merge histograms - the histograms Nocut/Q_vs_xg/DYJets can extend the X axis or have different limits and underflows/overflows are present in the histogram Nocut/Q_vs_xg/DYJets.
Error in <TFileMerger::MergeRecursive>: calling Merge() on 'Nocut/Q_vs_xg/DYJets' with the corresponding object in 'output/hists_62.root'
Error in <TH1Merger::DifferentAxesMerge>: Cannot merge histograms - the histograms Nocut/Q_vs_xg/DYJets can extend the X axis or have different limits and underflows/overflows are present in the histogram Nocut/Q_vs_xg/DYJets.
Error in <TFileMerger::MergeRecursive>: calling Merge() on 'Nocut/Q_vs_xg/DYJets' with the corresponding object in 'output/hists_63.root'
Error in <TH1Merger::DifferentAxesMerge>: Cannot merge histograms - the histograms Nocut/Q_vs_xg/DYJets can extend the X axis or have different limits and underflows/overflows are present in the histogram Nocut/Q_vs_xg/DYJets.
Error in <TFileMerger::MergeRecursive>: calling Merge() on 'Nocut/Q_vs_xg/DYJets' with the corresponding object in 'output/hists_64.root'
Error in <TH1Merger::DifferentAxesMerge>: Cannot merge histograms - the histograms Nocut/Q_vs_xg/DYJets can extend the X axis or have different limits and underflows/overflows are present in the histogram Nocut/Q_vs_xg/DYJets.
Error in <TFileMerger::MergeRecursive>: calling Merge() on 'Nocut/Q_vs_xg/DYJets' with the corresponding object in 'output/hists_65.root'
Error in <TH1Merger::DifferentAxesMerge>: Cannot merge histograms - the histograms Nocut/Q_vs_xg/DYJets can extend the X axis or have different limits and underflows/overflows are present in the histogram Nocut/Q_vs_xg/DYJets.
Error in <TFileMerger::MergeRecursive>: calling Merge() on 'Nocut/Q_vs_xg/DYJets' with the corresponding object in 'output/hists_67.root'
Error in <TH1Merger::DifferentAxesMerge>: Cannot merge histograms - the histograms Nocut/Q_vs_xg/DYJets can extend the X axis or have different limits and underflows/overflows are present in the histogram Nocut/Q_vs_xg/DYJets.
Error in <TFileMerger::MergeRecursive>: calling Merge() on 'Nocut/Q_vs_xg/DYJets' with the corresponding object in 'output/hists_69.root'
Error in <TH1Merger::DifferentAxesMerge>: Cannot merge histograms - the histograms Nocut/Q_vs_xg/DYJets can extend the X axis or have different limits and underflows/overflows are present in the histogram Nocut/Q_vs_xg/DYJets.
Error in <TFileMerger::MergeRecursive>: calling Merge() on 'Nocut/Q_vs_xg/DYJets' with the corresponding object in 'output/hists_6.root'
Error in <TH1Merger::DifferentAxesMerge>: Cannot merge histograms - the histograms Nocut/Q_vs_xg/DYJets can extend the X axis or have different limits and underflows/overflows are present in the histogram Nocut/Q_vs_xg/DYJets.
Error in <TFileMerger::MergeRecursive>: calling Merge() on 'Nocut/Q_vs_xg/DYJets' with the corresponding object in 'output/hists_70.root'
Error in <TH1Merger::DifferentAxesMerge>: Cannot merge histograms - the histograms Nocut/Q_vs_xg/DYJets can extend the X axis or have different limits and underflows/overflows are present in the histogram Nocut/Q_vs_xg/DYJets.
Error in <TFileMerger::MergeRecursive>: calling Merge() on 'Nocut/Q_vs_xg/DYJets' with the corresponding object in 'output/hists_71.root'
Error in <TH1Merger::DifferentAxesMerge>: Cannot merge histograms - the histograms Nocut/Q_vs_xg/DYJets can extend the X axis or have different limits and underflows/overflows are present in the histogram Nocut/Q_vs_xg/DYJets.
Error in <TFileMerger::MergeRecursive>: calling Merge() on 'Nocut/Q_vs_xg/DYJets' with the corresponding object in 'output/hists_72.root'
Error in <TH1Merger::DifferentAxesMerge>: Cannot merge histograms - the histograms Nocut/Q_vs_xg/DYJets can extend the X axis or have different limits and underflows/overflows are present in the histogram Nocut/Q_vs_xg/DYJets.
Error in <TFileMerger::MergeRecursive>: calling Merge() on 'Nocut/Q_vs_xg/DYJets' with the corresponding object in 'output/hists_74.root'
Error in <TH1Merger::DifferentAxesMerge>: Cannot merge histograms - the histograms Nocut/Q_vs_xg/DYJets can extend the X axis or have different limits and underflows/overflows are present in the histogram Nocut/Q_vs_xg/DYJets.
Error in <TFileMerger::MergeRecursive>: calling Merge() on 'Nocut/Q_vs_xg/DYJets' with the corresponding object in 'output/hists_75.root'
Error in <TH1Merger::DifferentAxesMerge>: Cannot merge histograms - the histograms Nocut/Q_vs_xg/DYJets can extend the X axis or have different limits and underflows/overflows are present in the histogram Nocut/Q_vs_xg/DYJets.
Error in <TFileMerger::MergeRecursive>: calling Merge() on 'Nocut/Q_vs_xg/DYJets' with the corresponding object in 'output/hists_76.root'
Error in <TH1Merger::DifferentAxesMerge>: Cannot merge histograms - the histograms Nocut/Q_vs_xg/DYJets can extend the X axis or have different limits and underflows/overflows are present in the histogram Nocut/Q_vs_xg/DYJets.
Error in <TFileMerger::MergeRecursive>: calling Merge() on 'Nocut/Q_vs_xg/DYJets' with the corresponding object in 'output/hists_77.root'
Error in <TH1Merger::DifferentAxesMerge>: Cannot merge histograms - the histograms Nocut/Q_vs_xg/DYJets can extend the X axis or have different limits and underflows/overflows are present in the histogram Nocut/Q_vs_xg/DYJets.
Error in <TFileMerger::MergeRecursive>: calling Merge() on 'Nocut/Q_vs_xg/DYJets' with the corresponding object in 'output/hists_80.root'
Error in <TH1Merger::DifferentAxesMerge>: Cannot merge histograms - the histograms Nocut/Q_vs_xg/DYJets can extend the X axis or have different limits and underflows/overflows are present in the histogram Nocut/Q_vs_xg/DYJets.
Error in <TFileMerger::MergeRecursive>: calling Merge() on 'Nocut/Q_vs_xg/DYJets' with the corresponding object in 'output/hists_81.root'
Error in <TH1Merger::DifferentAxesMerge>: Cannot merge histograms - the histograms Nocut/Q_vs_xg/DYJets can extend the X axis or have different limits and underflows/overflows are present in the histogram Nocut/Q_vs_xg/DYJets.
Error in <TFileMerger::MergeRecursive>: calling Merge() on 'Nocut/Q_vs_xg/DYJets' with the corresponding object in 'output/hists_83.root'
Error in <TH1Merger::DifferentAxesMerge>: Cannot merge histograms - the histograms Nocut/Q_vs_xg/DYJets can extend the X axis or have different limits and underflows/overflows are present in the histogram Nocut/Q_vs_xg/DYJets.
Error in <TFileMerger::MergeRecursive>: calling Merge() on 'Nocut/Q_vs_xg/DYJets' with the corresponding object in 'output/hists_84.root'
Error in <TH1Merger::DifferentAxesMerge>: Cannot merge histograms - the histograms Nocut/Q_vs_xg/DYJets can extend the X axis or have different limits and underflows/overflows are present in the histogram Nocut/Q_vs_xg/DYJets.
Error in <TFileMerger::MergeRecursive>: calling Merge() on 'Nocut/Q_vs_xg/DYJets' with the corresponding object in 'output/hists_87.root'
Error in <TH1Merger::DifferentAxesMerge>: Cannot merge histograms - the histograms Nocut/Q_vs_xg/DYJets can extend the X axis or have different limits and underflows/overflows are present in the histogram Nocut/Q_vs_xg/DYJets.
Error in <TFileMerger::MergeRecursive>: calling Merge() on 'Nocut/Q_vs_xg/DYJets' with the corresponding object in 'output/hists_93.root'
Error in <TH1Merger::DifferentAxesMerge>: Cannot merge histograms - the histograms Nocut/Q_vs_xg/DYJets can extend the X axis or have different limits and underflows/overflows are present in the histogram Nocut/Q_vs_xg/DYJets.
Error in <TFileMerger::MergeRecursive>: calling Merge() on 'Nocut/Q_vs_xg/DYJets' with the corresponding object in 'output/hists_94.root'
Error in <TH1Merger::DifferentAxesMerge>: Cannot merge histograms - the histograms Nocut/Q_vs_xg/DYJets can extend the X axis or have different limits and underflows/overflows are present in the histogram Nocut/Q_vs_xg/DYJets.
Error in <TFileMerger::MergeRecursive>: calling Merge() on 'Nocut/Q_vs_xg/DYJets' with the corresponding object in 'output/hists_95.root'
Error in <TH1Merger::DifferentAxesMerge>: Cannot merge histograms - the histograms Nocut/Q_vs_xg/DYJets can extend the X axis or have different limits and underflows/overflows are present in the histogram Nocut/Q_vs_xg/DYJets.
Error in <TFileMerger::MergeRecursive>: calling Merge() on 'Nocut/Q_vs_xg/DYJets' with the corresponding object in 'output/hists_96.root'
##################################################
Submission Finished
- JobID = 295168
- Analyzer = B_In_LHE
- Skim = 
- InputSamples = ['DYJets']
- NJobs = 300
- Era = 2017
- UserFlags = []
- RunDir = /data6/Users/jhchoi/SKFlatRunlog//2023_09_08_220127__295168__B_In_LHE__Era2017__TAMSA1/DYJets/
- output will be send to : /data6/Users/jhchoi/SKFlatOutput//Run2UltraLegacy_v3/B_In_LHE/2017/
##################################################
