/home/condor/dir_1446721
DataSetInfo              : [FIN_BDT_2016preVFP] : Added class "Signal"
                         : Add Tree OutTree/sig of type Signal with 473146 events
                         : Add Tree OutTree/sig of type Signal with 537532 events
DataSetInfo              : [FIN_BDT_2016preVFP] : Added class "Background"
                         : Add Tree OutTree/bkg of type Background with 338692 events
                         : Add Tree OutTree/bkg of type Background with 384801 events
Factory                  : Booking method: [1mBDT[0m
                         : 
                         : Parsing option string: 
                         : ... "!H:V:NTrees=100:MinNodeSize=8%:MaxDepth=5:Shrinkage=0.1:BoostType=Grad:AdaBoostBeta=:UseBaggedBoost=True:BaggedSampleFraction=0.5:SeparationType=GiniIndex:nCuts=20:IgnoreNegWeightsInTraining=True:VarTransform=G"
                         : The following options are set:
                         : - By User:
                         :     <none>
                         : - Default:
                         :     Boost_num: "0" [Number of times the classifier will be boosted]
                         : Parsing option string: 
                         : ... "!H:V:NTrees=100:MinNodeSize=8%:MaxDepth=5:Shrinkage=0.1:BoostType=Grad:AdaBoostBeta=:UseBaggedBoost=True:BaggedSampleFraction=0.5:SeparationType=GiniIndex:nCuts=20:IgnoreNegWeightsInTraining=True:VarTransform=G"
                         : The following options are set:
                         : - By User:
                         :     V: "True" [Verbose output (short form of "VerbosityLevel" below - overrides the latter one)]
                         :     VarTransform: "G" [List of variable transformations performed before training, e.g., "D_Background,P_Signal,G,N_AllClasses" for: "Decorrelation, PCA-transformation, Gaussianisation, Normalisation, each for the given class of events ('AllClasses' denotes all events of all classes, if no class indication is given, 'All' is assumed)"]
                         :     H: "False" [Print method-specific help message]
                         :     IgnoreNegWeightsInTraining: "True" [Events with negative weights are ignored in the training (but are included for testing and performance evaluation)]
                         :     NTrees: "100" [Number of trees in the forest]
                         :     MaxDepth: "5" [Max depth of the decision tree allowed]
                         :     MinNodeSize: "8%" [Minimum percentage of training events required in a leaf node (default: Classification: 5%, Regression: 0.2%)]
                         :     nCuts: "20" [Number of grid points in variable range used in finding optimal cut in node splitting]
                         :     BoostType: "Grad" [Boosting type for the trees in the forest (note: AdaCost is still experimental)]
                         :     UseBaggedBoost: "True" [Use only a random subsample of all events for growing the trees in each boost iteration.]
                         :     Shrinkage: "1.000000e-01" [Learning rate for BoostType=Grad algorithm]
                         :     AdaBoostBeta: "5.000000e-01" [Learning rate  for AdaBoost algorithm]
                         :     BaggedSampleFraction: "5.000000e-01" [Relative size of bagged event sample to original size of the data sample (used whenever bagging is used (i.e. UseBaggedBoost, Bagging,)]
                         :     SeparationType: "GiniIndex" [Separation criterion for node splitting]
                         : - Default:
                         :     VerbosityLevel: "Default" [Verbosity level]
                         :     CreateMVAPdfs: "False" [Create PDFs for classifier outputs (signal and background)]
                         :     AdaBoostR2Loss: "Quadratic" [Type of Loss function in AdaBoostR2]
                         :     UseRandomisedTrees: "False" [Determine at each node splitting the cut variable only as the best out of a random subset of variables (like in RandomForests)]
                         :     UseNvars: "4" [Size of the subset of variables used with RandomisedTree option]
                         :     UsePoissonNvars: "True" [Interpret "UseNvars" not as fixed number but as mean of a Poisson distribution in each split with RandomisedTree option]
                         :     UseYesNoLeaf: "True" [Use Sig or Bkg categories, or the purity=S/(S+B) as classification of the leaf node -> Real-AdaBoost]
                         :     NegWeightTreatment: "InverseBoostNegWeights" [How to treat events with negative weights in the BDT training (particular the boosting) : IgnoreInTraining;  Boost With inverse boostweight; Pair events with negative and positive weights in training sample and *annihilate* them (experimental!)]
                         :     Css: "1.000000e+00" [AdaCost: cost of true signal selected signal]
                         :     Cts_sb: "1.000000e+00" [AdaCost: cost of true signal selected bkg]
                         :     Ctb_ss: "1.000000e+00" [AdaCost: cost of true bkg    selected signal]
                         :     Cbb: "1.000000e+00" [AdaCost: cost of true bkg    selected bkg ]
                         :     NodePurityLimit: "5.000000e-01" [In boosting/pruning, nodes with purity > NodePurityLimit are signal; background otherwise.]
                         :     RegressionLossFunctionBDTG: "Huber" [Loss function for BDTG regression.]
                         :     HuberQuantile: "7.000000e-01" [In the Huber loss function this is the quantile that separates the core from the tails in the residuals distribution.]
                         :     DoBoostMonitor: "False" [Create control plot with ROC integral vs tree number]
                         :     UseFisherCuts: "False" [Use multivariate splits using the Fisher criterion]
                         :     MinLinCorrForFisher: "8.000000e-01" [The minimum linear correlation between two variables demanded for use in Fisher criterion in node splitting]
                         :     UseExclusiveVars: "False" [Variables already used in fisher criterion are not anymore analysed individually for node splitting]
                         :     DoPreselection: "False" [and and apply automatic pre-selection for 100% efficient signal (bkg) cuts prior to training]
                         :     SigToBkgFraction: "1.000000e+00" [Sig to Bkg ratio used in Training (similar to NodePurityLimit, which cannot be used in real adaboost]
                         :     PruneMethod: "NoPruning" [Note: for BDTs use small trees (e.g.MaxDepth=3) and NoPruning:  Pruning: Method used for pruning (removal) of statistically insignificant branches ]
                         :     PruneStrength: "0.000000e+00" [Pruning strength]
                         :     PruningValFraction: "5.000000e-01" [Fraction of events to use for optimizing automatic pruning.]
                         :     SkipNormalization: "False" [Skip normalization at initialization, to keep expectation value of BDT output according to the fraction of events]
                         :     nEventsMin: "0" [deprecated: Use MinNodeSize (in % of training events) instead]
                         :     UseBaggedGrad: "False" [deprecated: Use *UseBaggedBoost* instead:  Use only a random subsample of all events for growing the trees in each iteration.]
                         :     GradBaggingFraction: "5.000000e-01" [deprecated: Use *BaggedSampleFraction* instead: Defines the fraction of events to be used in each iteration, e.g. when UseBaggedGrad=kTRUE. ]
                         :     UseNTrainEvents: "0" [deprecated: Use *BaggedSampleFraction* instead: Number of randomly picked training events used in randomised (and bagged) trees]
                         :     NNodesMax: "0" [deprecated: Use MaxDepth instead to limit the tree size]
BDT                      : [FIN_BDT_2016preVFP] : Create Transformation "G" with events from all classes.
                         : 
                         : Transformation, Variable selection : 
                         : Input : variable 'bmuon_dR_l_j<0.04?0.04:bmuon_dR_l_j' <---> Output : variable 'bmuon_dR_l_j<0.04?0.04:bmuon_dR_l_j'
                         : Input : variable '(bmuon_P_jetrest<1.5)?1.5:(bmuon_P_jetrest>3.)?3.:bmuon_P_jetrest' <---> Output : variable '(bmuon_P_jetrest<1.5)?1.5:(bmuon_P_jetrest>3.)?3.:bmuon_P_jetrest'
                         : Input : variable 'bmuon_palongjet<25.?bmuon_palongjet:25.' <---> Output : variable 'bmuon_palongjet<25.?bmuon_palongjet:25.'
                         : Input : variable '(bmuon_ptwrtbjet<1.)?1.:(bmuon_ptwrtbjet>3.)?3.:bmuon_ptwrtbjet' <---> Output : variable '(bmuon_ptwrtbjet<1.)?1.:(bmuon_ptwrtbjet>3.)?3.:bmuon_ptwrtbjet'
                         : Input : variable '(bmuon_reliso<1.)?1:(bmuon_reliso>5.)?5.:bmuon_reliso' <---> Output : variable '(bmuon_reliso<1.)?1:(bmuon_reliso>5.)?5.:bmuon_reliso'
                         : Input : variable '(bjet_ChargedHadronEnergyFraction<0.1)?0.1:(bjet_ChargedHadronEnergyFraction>0.6)?0.6:bjet_ChargedHadronEnergyFraction' <---> Output : variable '(bjet_ChargedHadronEnergyFraction<0.1)?0.1:(bjet_ChargedHadronEnergyFraction>0.6)?0.6:bjet_ChargedHadronEnergyFraction'
                         : Input : variable '(bjet_ChargedMultiplicity<2)?2:(bjet_ChargedMultiplicity>30)?30:bjet_ChargedMultiplicity' <---> Output : variable '(bjet_ChargedMultiplicity<2)?2:(bjet_ChargedMultiplicity>30)?30:bjet_ChargedMultiplicity'
                         : Input : variable '(bjet_MuonEnergyFraction<0.25)?0.25:(bjet_MuonEnergyFraction>0.5)?0.5:bjet_MuonEnergyFraction' <---> Output : variable '(bjet_MuonEnergyFraction<0.25)?0.25:(bjet_MuonEnergyFraction>0.5)?0.5:bjet_MuonEnergyFraction'
                         : Input : variable '(bjet_NeutralEmEnergyFraction<0.2)?0.2:(bjet_NeutralEmEnergyFraction>0.5)?0.5:bjet_NeutralEmEnergyFraction' <---> Output : variable '(bjet_NeutralEmEnergyFraction<0.2)?0.2:(bjet_NeutralEmEnergyFraction>0.5)?0.5:bjet_NeutralEmEnergyFraction'
                         : Input : variable '(bjet_NeutralHadronEnergyFraction<0.15)?0.15:(bjet_NeutralHadronEnergyFraction>0.4)?0.4:bjet_NeutralHadronEnergyFraction' <---> Output : variable '(bjet_NeutralHadronEnergyFraction<0.15)?0.15:(bjet_NeutralHadronEnergyFraction>0.4)?0.4:bjet_NeutralHadronEnergyFraction'
                         : Input : variable '(bjet_NeutralMultiplicity<6)?6:(bjet_NeutralMultiplicity>25)?25:bjet_NeutralMultiplicity' <---> Output : variable '(bjet_NeutralMultiplicity<6)?6:(bjet_NeutralMultiplicity>25)?25:bjet_NeutralMultiplicity'
                         : Input : variable 'fabs(bjet_charge)' <---> Output : variable 'fabs(bjet_charge)'
                         : Input : variable '(bjet_charge*bmuon_charge<-0.1)?-0.1:bjet_charge*bmuon_charge' <---> Output : variable '(bjet_charge*bmuon_charge<-0.1)?-0.1:bjet_charge*bmuon_charge'
                         : the option NegWeightTreatment=InverseBoostNegWeights does not exist for BoostType=Grad
                         : --> change to new default NegWeightTreatment=Pray
                         : Rebuilding Dataset FIN_BDT_2016preVFP
                         : Building event vectors for type 1 Signal
                         : Dataset[FIN_BDT_2016preVFP] :  create input formulas for tree sig
                         : Dataset[FIN_BDT_2016preVFP] :  create input formulas for tree sig
                         : Dataset[FIN_BDT_2016preVFP] :  create input formulas for tree sig
                         : Building event vectors for type 0 Signal
                         : Dataset[FIN_BDT_2016preVFP] :  create input formulas for tree sig
                         : Dataset[FIN_BDT_2016preVFP] :  create input formulas for tree sig
                         : Building event vectors for type 1 Background
                         : Dataset[FIN_BDT_2016preVFP] :  create input formulas for tree bkg
                         : Dataset[FIN_BDT_2016preVFP] :  create input formulas for tree bkg
                         : Dataset[FIN_BDT_2016preVFP] :  create input formulas for tree bkg
                         : Building event vectors for type 0 Background
                         : Dataset[FIN_BDT_2016preVFP] :  create input formulas for tree bkg
                         : Dataset[FIN_BDT_2016preVFP] :  create input formulas for tree bkg
DataSetFactory           : [FIN_BDT_2016preVFP] : Number of events in input trees
                         : Dataset[FIN_BDT_2016preVFP] :     Signal     requirement: "(bmuon_charge*bjet_partonFlavour < 0)&&Has_bMuon"
                         : Dataset[FIN_BDT_2016preVFP] :     Signal          -- number of events passed: 50614  / sum of weights: 26720.6
                         : Dataset[FIN_BDT_2016preVFP] :     Signal          -- efficiency             : 0.0460372
                         : Dataset[FIN_BDT_2016preVFP] :     Background requirement: "(bmuon_charge*bjet_partonFlavour > 0)&&Has_bMuon"
                         : Dataset[FIN_BDT_2016preVFP] :     Background      -- number of events passed: 24081  / sum of weights: 12905.2
                         : Dataset[FIN_BDT_2016preVFP] :     Background      -- efficiency             : 0.0309023
                         : Dataset[FIN_BDT_2016preVFP] :  you have opted for interpreting the requested number of training/testing events
                         :  to be the number of events AFTER your preselection cuts
                         : 
                         : Dataset[FIN_BDT_2016preVFP] :  you have opted for interpreting the requested number of training/testing events
                         :  to be the number of events AFTER your preselection cuts
                         : 
                         : Dataset[FIN_BDT_2016preVFP] : Weight renormalisation mode: "EqualNumEvents": renormalises all event classes ...
                         : Dataset[FIN_BDT_2016preVFP] :  such that the effective (weighted) number of events in each class is the same 
                         : Dataset[FIN_BDT_2016preVFP] :  (and equals the number of events (entries) given for class=0 )
                         : Dataset[FIN_BDT_2016preVFP] : ... i.e. such that Sum[i=1..N_j]{w_i} = N_classA, j=classA, classB, ...
                         : Dataset[FIN_BDT_2016preVFP] : ... (note that N_j is the sum of TRAINING events
                         : Dataset[FIN_BDT_2016preVFP] :  ..... Testing events are not renormalised nor included in the renormalisation factor!)
                         : Number of training and testing events
                         : ---------------------------------------------------------------------------
                         : Signal     -- training events            : 21341
                         : Signal     -- testing events             : 29273
                         : Signal     -- training and testing events: 50614
                         : Dataset[FIN_BDT_2016preVFP] : Signal     -- due to the preselection a scaling factor has been applied to the numbers of requested events: 0.0500793
                         : Background -- training events            : 10084
                         : Background -- testing events             : 13997
                         : Background -- training and testing events: 24081
                         : Dataset[FIN_BDT_2016preVFP] : Background -- due to the preselection a scaling factor has been applied to the numbers of requested events: 0.0332844
                         : 
DataSetInfo              : Correlation matrix (Signal):
                         : --------------------------------------------------------------------------------------------------------------------------------------------------------------------------------------------------------------------------------------------------------------------------------------------------------------------------------------------------------------------------------------------------------------------------------------------------------------------------------------------------------------------------------------------------------------------------------------------------------------------------------------------------------------------------------------------------------------------------------------------------------------------------------------------------------------------------------------------------------------------------------------------------------------------------------------------------------------------------------------------------------------------------------------------------------------------------------------------------------------------------------
                         :                                                                                                                           bmuon_dR_l_j_0.04_0.04:bmuon_dR_l_j _bmuon_P_jetrest_1.5__1.5:_bmuon_P_jetrest_3.__3.:bmuon_P_jetrest bmuon_palongjet_25._bmuon_palongjet:25. _bmuon_ptwrtbjet_1.__1.:_bmuon_ptwrtbjet_3.__3.:bmuon_ptwrtbjet _bmuon_reliso_1.__1:_bmuon_reliso_5.__5.:bmuon_reliso _bjet_ChargedHadronEnergyFraction_0.1__0.1:_bjet_ChargedHadronEnergyFraction_0.6__0.6:bjet_ChargedHadronEnergyFraction _bjet_ChargedMultiplicity_2__2:_bjet_ChargedMultiplicity_30__30:bjet_ChargedMultiplicity _bjet_MuonEnergyFraction_0.25__0.25:_bjet_MuonEnergyFraction_0.5__0.5:bjet_MuonEnergyFraction _bjet_NeutralEmEnergyFraction_0.2__0.2:_bjet_NeutralEmEnergyFraction_0.5__0.5:bjet_NeutralEmEnergyFraction _bjet_NeutralHadronEnergyFraction_0.15__0.15:_bjet_NeutralHadronEnergyFraction_0.4__0.4:bjet_NeutralHadronEnergyFraction _bjet_NeutralMultiplicity_6__6:_bjet_NeutralMultiplicity_25__25:bjet_NeutralMultiplicity fabs_bjet_charge_ _bjet_charge_T_bmuon_charge__M_0.1___M_0.1:bjet_charge_T_bmuon_charge
                         :                                                                                      bmuon_dR_l_j_0.04_0.04:bmuon_dR_l_j:                              +1.000                                                            -0.010                                  -0.433                                                          +0.448                                                +0.265                                                                                                                 +0.224                                                                                   +0.038                                                                                        -0.427                                                                                                     +0.088                                                                                                                   +0.077                                                                                   +0.003            -0.201                                                                -0.221
                         :                                                        _bmuon_P_jetrest_1.5__1.5:_bmuon_P_jetrest_3.__3.:bmuon_P_jetrest:                              -0.010                                                            +1.000                                  +0.368                                                          +0.669                                                -0.379                                                                                                                 -0.264                                                                                   +0.142                                                                                        +0.438                                                                                                     -0.151                                                                                                                   -0.098                                                                                   +0.090            +0.272                                                                +0.274
                         :                                                                                  bmuon_palongjet_25._bmuon_palongjet:25.:                              -0.433                                                            +0.368                                  +1.000                                                          +0.130                                                -0.555                                                                                                                 -0.284                                                                                   -0.107                                                                                        +0.533                                                                                                     -0.215                                                                                                                   -0.066                                                                                   -0.141            +0.308                                                                +0.323
                         :                                                          _bmuon_ptwrtbjet_1.__1.:_bmuon_ptwrtbjet_3.__3.:bmuon_ptwrtbjet:                              +0.448                                                            +0.669                                  +0.130                                                          +1.000                                                -0.194                                                                                                                 -0.054                                                                                   +0.081                                                                                        +0.054                                                                                                     -0.055                                                                                                                   -0.027                                                                                   +0.038            +0.074                                                                +0.076
                         :                                                                    _bmuon_reliso_1.__1:_bmuon_reliso_5.__5.:bmuon_reliso:                              +0.265                                                            -0.379                                  -0.555                                                          -0.194                                                +1.000                                                                                                                 +0.422                                                                                   +0.264                                                                                        -0.682                                                                                                     +0.310                                                                                                                   +0.154                                                                                   +0.244            -0.392                                                                -0.415
                         :   _bjet_ChargedHadronEnergyFraction_0.1__0.1:_bjet_ChargedHadronEnergyFraction_0.6__0.6:bjet_ChargedHadronEnergyFraction:                              +0.224                                                            -0.264                                  -0.284                                                          -0.054                                                +0.422                                                                                                                 +1.000                                                                                   +0.406                                                                                        -0.504                                                                                                     -0.248                                                                                                                   -0.234                                                                                   -0.046            -0.380                                                                -0.360
                         :                                 _bjet_ChargedMultiplicity_2__2:_bjet_ChargedMultiplicity_30__30:bjet_ChargedMultiplicity:                              +0.038                                                            +0.142                                  -0.107                                                          +0.081                                                +0.264                                                                                                                 +0.406                                                                                   +1.000                                                                                        -0.263                                                                                                     -0.035                                                                                                                   -0.139                                                                                   +0.256            -0.266                                                                -0.229
                         :                            _bjet_MuonEnergyFraction_0.25__0.25:_bjet_MuonEnergyFraction_0.5__0.5:bjet_MuonEnergyFraction:                              -0.427                                                            +0.438                                  +0.533                                                          +0.054                                                -0.682                                                                                                                 -0.504                                                                                   -0.263                                                                                        +1.000                                                                                                     -0.298                                                                                                                   -0.171                                                                                   -0.224            +0.499                                                                +0.515
                         :               _bjet_NeutralEmEnergyFraction_0.2__0.2:_bjet_NeutralEmEnergyFraction_0.5__0.5:bjet_NeutralEmEnergyFraction:                              +0.088                                                            -0.151                                  -0.215                                                          -0.055                                                +0.310                                                                                                                 -0.248                                                                                   -0.035                                                                                        -0.298                                                                                                     +1.000                                                                                                                   -0.091                                                                                   +0.326            -0.070                                                                -0.077
                         : _bjet_NeutralHadronEnergyFraction_0.15__0.15:_bjet_NeutralHadronEnergyFraction_0.4__0.4:bjet_NeutralHadronEnergyFraction:                              +0.077                                                            -0.098                                  -0.066                                                          -0.027                                                +0.154                                                                                                                 -0.234                                                                                   -0.139                                                                                        -0.171                                                                                                     -0.091                                                                                                                   +1.000                                                                                   +0.029            -0.040                                                                -0.040
                         :                                 _bjet_NeutralMultiplicity_6__6:_bjet_NeutralMultiplicity_25__25:bjet_NeutralMultiplicity:                              +0.003                                                            +0.090                                  -0.141                                                          +0.038                                                +0.244                                                                                                                 -0.046                                                                                   +0.256                                                                                        -0.224                                                                                                     +0.326                                                                                                                   +0.029                                                                                   +1.000            -0.101                                                                -0.104
                         :                                                                                                        fabs_bjet_charge_:                              -0.201                                                            +0.272                                  +0.308                                                          +0.074                                                -0.392                                                                                                                 -0.380                                                                                   -0.266                                                                                        +0.499                                                                                                     -0.070                                                                                                                   -0.040                                                                                   -0.101            +1.000                                                                +0.898
                         :                                                    _bjet_charge_T_bmuon_charge__M_0.1___M_0.1:bjet_charge_T_bmuon_charge:                              -0.221                                                            +0.274                                  +0.323                                                          +0.076                                                -0.415                                                                                                                 -0.360                                                                                   -0.229                                                                                        +0.515                                                                                                     -0.077                                                                                                                   -0.040                                                                                   -0.104            +0.898                                                                +1.000
                         : --------------------------------------------------------------------------------------------------------------------------------------------------------------------------------------------------------------------------------------------------------------------------------------------------------------------------------------------------------------------------------------------------------------------------------------------------------------------------------------------------------------------------------------------------------------------------------------------------------------------------------------------------------------------------------------------------------------------------------------------------------------------------------------------------------------------------------------------------------------------------------------------------------------------------------------------------------------------------------------------------------------------------------------------------------------------------------------------------------------------------------
DataSetInfo              : Correlation matrix (Background):
                         : --------------------------------------------------------------------------------------------------------------------------------------------------------------------------------------------------------------------------------------------------------------------------------------------------------------------------------------------------------------------------------------------------------------------------------------------------------------------------------------------------------------------------------------------------------------------------------------------------------------------------------------------------------------------------------------------------------------------------------------------------------------------------------------------------------------------------------------------------------------------------------------------------------------------------------------------------------------------------------------------------------------------------------------------------------------------------------------------------------------------------------
                         :                                                                                                                           bmuon_dR_l_j_0.04_0.04:bmuon_dR_l_j _bmuon_P_jetrest_1.5__1.5:_bmuon_P_jetrest_3.__3.:bmuon_P_jetrest bmuon_palongjet_25._bmuon_palongjet:25. _bmuon_ptwrtbjet_1.__1.:_bmuon_ptwrtbjet_3.__3.:bmuon_ptwrtbjet _bmuon_reliso_1.__1:_bmuon_reliso_5.__5.:bmuon_reliso _bjet_ChargedHadronEnergyFraction_0.1__0.1:_bjet_ChargedHadronEnergyFraction_0.6__0.6:bjet_ChargedHadronEnergyFraction _bjet_ChargedMultiplicity_2__2:_bjet_ChargedMultiplicity_30__30:bjet_ChargedMultiplicity _bjet_MuonEnergyFraction_0.25__0.25:_bjet_MuonEnergyFraction_0.5__0.5:bjet_MuonEnergyFraction _bjet_NeutralEmEnergyFraction_0.2__0.2:_bjet_NeutralEmEnergyFraction_0.5__0.5:bjet_NeutralEmEnergyFraction _bjet_NeutralHadronEnergyFraction_0.15__0.15:_bjet_NeutralHadronEnergyFraction_0.4__0.4:bjet_NeutralHadronEnergyFraction _bjet_NeutralMultiplicity_6__6:_bjet_NeutralMultiplicity_25__25:bjet_NeutralMultiplicity fabs_bjet_charge_ _bjet_charge_T_bmuon_charge__M_0.1___M_0.1:bjet_charge_T_bmuon_charge
                         :                                                                                      bmuon_dR_l_j_0.04_0.04:bmuon_dR_l_j:                              +1.000                                                            +0.142                                  -0.257                                                          +0.516                                                +0.098                                                                                                                 +0.077                                                                                   -0.013                                                                                        -0.238                                                                                                     +0.002                                                                                                                   +0.069                                                                                   -0.013            -0.053                                                                -0.070
                         :                                                        _bmuon_P_jetrest_1.5__1.5:_bmuon_P_jetrest_3.__3.:bmuon_P_jetrest:                              +0.142                                                            +1.000                                  +0.304                                                          +0.707                                                -0.324                                                                                                                 -0.227                                                                                   +0.054                                                                                        +0.467                                                                                                     -0.080                                                                                                                   -0.040                                                                                   +0.069            +0.258                                                                +0.331
                         :                                                                                  bmuon_palongjet_25._bmuon_palongjet:25.:                              -0.257                                                            +0.304                                  +1.000                                                          +0.136                                                -0.424                                                                                                                 -0.177                                                                                   -0.088                                                                                        +0.406                                                                                                     -0.091                                                                                                                   +0.006                                                                                   -0.130            +0.210                                                                +0.312
                         :                                                          _bmuon_ptwrtbjet_1.__1.:_bmuon_ptwrtbjet_3.__3.:bmuon_ptwrtbjet:                              +0.516                                                            +0.707                                  +0.136                                                          +1.000                                                -0.191                                                                                                                 -0.091                                                                                   +0.052                                                                                        +0.136                                                                                                     -0.021                                                                                                                   -0.009                                                                                   +0.024            +0.131                                                                +0.196
                         :                                                                    _bmuon_reliso_1.__1:_bmuon_reliso_5.__5.:bmuon_reliso:                              +0.098                                                            -0.324                                  -0.424                                                          -0.191                                                +1.000                                                                                                                 +0.348                                                                                   +0.263                                                                                        -0.593                                                                                                     +0.207                                                                                                                   +0.096                                                                                   +0.231            -0.218                                                                -0.389
                         :   _bjet_ChargedHadronEnergyFraction_0.1__0.1:_bjet_ChargedHadronEnergyFraction_0.6__0.6:bjet_ChargedHadronEnergyFraction:                              +0.077                                                            -0.227                                  -0.177                                                          -0.091                                                +0.348                                                                                                                 +1.000                                                                                   +0.424                                                                                        -0.398                                                                                                     -0.369                                                                                                                   -0.299                                                                                   -0.107            -0.300                                                                -0.408
                         :                                 _bjet_ChargedMultiplicity_2__2:_bjet_ChargedMultiplicity_30__30:bjet_ChargedMultiplicity:                              -0.013                                                            +0.054                                  -0.088                                                          +0.052                                                +0.263                                                                                                                 +0.424                                                                                   +1.000                                                                                        -0.217                                                                                                     -0.121                                                                                                                   -0.150                                                                                   +0.179            -0.208                                                                -0.154
                         :                            _bjet_MuonEnergyFraction_0.25__0.25:_bjet_MuonEnergyFraction_0.5__0.5:bjet_MuonEnergyFraction:                              -0.238                                                            +0.467                                  +0.406                                                          +0.136                                                -0.593                                                                                                                 -0.398                                                                                   -0.217                                                                                        +1.000                                                                                                     -0.184                                                                                                                   -0.110                                                                                   -0.156            +0.396                                                                +0.500
                         :               _bjet_NeutralEmEnergyFraction_0.2__0.2:_bjet_NeutralEmEnergyFraction_0.5__0.5:bjet_NeutralEmEnergyFraction:                              +0.002                                                            -0.080                                  -0.091                                                          -0.021                                                +0.207                                                                                                                 -0.369                                                                                   -0.121                                                                                        -0.184                                                                                                     +1.000                                                                                                                   -0.140                                                                                   +0.270            +0.001                                                                +0.046
                         : _bjet_NeutralHadronEnergyFraction_0.15__0.15:_bjet_NeutralHadronEnergyFraction_0.4__0.4:bjet_NeutralHadronEnergyFraction:                              +0.069                                                            -0.040                                  +0.006                                                          -0.009                                                +0.096                                                                                                                 -0.299                                                                                   -0.150                                                                                        -0.110                                                                                                     -0.140                                                                                                                   +1.000                                                                                   +0.053            +0.001                                                                +0.037
                         :                                 _bjet_NeutralMultiplicity_6__6:_bjet_NeutralMultiplicity_25__25:bjet_NeutralMultiplicity:                              -0.013                                                            +0.069                                  -0.130                                                          +0.024                                                +0.231                                                                                                                 -0.107                                                                                   +0.179                                                                                        -0.156                                                                                                     +0.270                                                                                                                   +0.053                                                                                   +1.000            -0.087                                                                -0.037
                         :                                                                                                        fabs_bjet_charge_:                              -0.053                                                            +0.258                                  +0.210                                                          +0.131                                                -0.218                                                                                                                 -0.300                                                                                   -0.208                                                                                        +0.396                                                                                                     +0.001                                                                                                                   +0.001                                                                                   -0.087            +1.000                                                                +0.691
                         :                                                    _bjet_charge_T_bmuon_charge__M_0.1___M_0.1:bjet_charge_T_bmuon_charge:                              -0.070                                                            +0.331                                  +0.312                                                          +0.196                                                -0.389                                                                                                                 -0.408                                                                                   -0.154                                                                                        +0.500                                                                                                     +0.046                                                                                                                   +0.037                                                                                   -0.037            +0.691                                                                +1.000
                         : --------------------------------------------------------------------------------------------------------------------------------------------------------------------------------------------------------------------------------------------------------------------------------------------------------------------------------------------------------------------------------------------------------------------------------------------------------------------------------------------------------------------------------------------------------------------------------------------------------------------------------------------------------------------------------------------------------------------------------------------------------------------------------------------------------------------------------------------------------------------------------------------------------------------------------------------------------------------------------------------------------------------------------------------------------------------------------------------------------------------------------
DataSetFactory           : [FIN_BDT_2016preVFP] :  
                         : 
Factory                  : [1mTrain all methods[0m
Factory                  : [FIN_BDT_2016preVFP] : Create Transformation "I" with events from all classes.
                         : 
                         : Transformation, Variable selection : 
                         : Input : variable 'bmuon_dR_l_j<0.04?0.04:bmuon_dR_l_j' <---> Output : variable 'bmuon_dR_l_j<0.04?0.04:bmuon_dR_l_j'
                         : Input : variable '(bmuon_P_jetrest<1.5)?1.5:(bmuon_P_jetrest>3.)?3.:bmuon_P_jetrest' <---> Output : variable '(bmuon_P_jetrest<1.5)?1.5:(bmuon_P_jetrest>3.)?3.:bmuon_P_jetrest'
                         : Input : variable 'bmuon_palongjet<25.?bmuon_palongjet:25.' <---> Output : variable 'bmuon_palongjet<25.?bmuon_palongjet:25.'
                         : Input : variable '(bmuon_ptwrtbjet<1.)?1.:(bmuon_ptwrtbjet>3.)?3.:bmuon_ptwrtbjet' <---> Output : variable '(bmuon_ptwrtbjet<1.)?1.:(bmuon_ptwrtbjet>3.)?3.:bmuon_ptwrtbjet'
                         : Input : variable '(bmuon_reliso<1.)?1:(bmuon_reliso>5.)?5.:bmuon_reliso' <---> Output : variable '(bmuon_reliso<1.)?1:(bmuon_reliso>5.)?5.:bmuon_reliso'
                         : Input : variable '(bjet_ChargedHadronEnergyFraction<0.1)?0.1:(bjet_ChargedHadronEnergyFraction>0.6)?0.6:bjet_ChargedHadronEnergyFraction' <---> Output : variable '(bjet_ChargedHadronEnergyFraction<0.1)?0.1:(bjet_ChargedHadronEnergyFraction>0.6)?0.6:bjet_ChargedHadronEnergyFraction'
                         : Input : variable '(bjet_ChargedMultiplicity<2)?2:(bjet_ChargedMultiplicity>30)?30:bjet_ChargedMultiplicity' <---> Output : variable '(bjet_ChargedMultiplicity<2)?2:(bjet_ChargedMultiplicity>30)?30:bjet_ChargedMultiplicity'
                         : Input : variable '(bjet_MuonEnergyFraction<0.25)?0.25:(bjet_MuonEnergyFraction>0.5)?0.5:bjet_MuonEnergyFraction' <---> Output : variable '(bjet_MuonEnergyFraction<0.25)?0.25:(bjet_MuonEnergyFraction>0.5)?0.5:bjet_MuonEnergyFraction'
                         : Input : variable '(bjet_NeutralEmEnergyFraction<0.2)?0.2:(bjet_NeutralEmEnergyFraction>0.5)?0.5:bjet_NeutralEmEnergyFraction' <---> Output : variable '(bjet_NeutralEmEnergyFraction<0.2)?0.2:(bjet_NeutralEmEnergyFraction>0.5)?0.5:bjet_NeutralEmEnergyFraction'
                         : Input : variable '(bjet_NeutralHadronEnergyFraction<0.15)?0.15:(bjet_NeutralHadronEnergyFraction>0.4)?0.4:bjet_NeutralHadronEnergyFraction' <---> Output : variable '(bjet_NeutralHadronEnergyFraction<0.15)?0.15:(bjet_NeutralHadronEnergyFraction>0.4)?0.4:bjet_NeutralHadronEnergyFraction'
                         : Input : variable '(bjet_NeutralMultiplicity<6)?6:(bjet_NeutralMultiplicity>25)?25:bjet_NeutralMultiplicity' <---> Output : variable '(bjet_NeutralMultiplicity<6)?6:(bjet_NeutralMultiplicity>25)?25:bjet_NeutralMultiplicity'
                         : Input : variable 'fabs(bjet_charge)' <---> Output : variable 'fabs(bjet_charge)'
                         : Input : variable '(bjet_charge*bmuon_charge<-0.1)?-0.1:bjet_charge*bmuon_charge' <---> Output : variable '(bjet_charge*bmuon_charge<-0.1)?-0.1:bjet_charge*bmuon_charge'
TFHandler_Factory        :                                                                                                                 Variable                                                                                                                        Mean                                                                                                                        RMS                                                                                                                [        Min                                                                                                                        Max ]
                         : -------------------------------------------------------------------------------------------------------------------------------------------------------------------------------------------------------------------------------------------------------------------------------------------------------------------------------------------------------------------------------------------------------------------------------------------------------------------------------------------------------------------------------------------------------------------------------------------------------------------------------------------
                         :                                                                                      bmuon_dR_l_j<0.04?0.04:bmuon_dR_l_j:                                                                                                                  0.087812                                                                                                                  0.055682   [                                                                                                                  0.040000                                                                                                                   0.39978 ]
                         :                                                        (bmuon_P_jetrest<1.5)?1.5:(bmuon_P_jetrest>3.)?3.:bmuon_P_jetrest:                                                                                                                    1.6925                                                                                                                   0.37336   [                                                                                                                    1.5000                                                                                                                    3.0000 ]
                         :                                                                                  bmuon_palongjet<25.?bmuon_palongjet:25.:                                                                                                                    18.340                                                                                                                    6.8214   [                                                                                                                    4.8946                                                                                                                    25.000 ]
                         :                                                          (bmuon_ptwrtbjet<1.)?1.:(bmuon_ptwrtbjet>3.)?3.:bmuon_ptwrtbjet:                                                                                                                    1.2100                                                                                                                   0.38408   [                                                                                                                    1.0000                                                                                                                    3.0000 ]
                         :                                                                    (bmuon_reliso<1.)?1:(bmuon_reliso>5.)?5.:bmuon_reliso:                                                                                                                    2.6494                                                                                                                    1.5240   [                                                                                                                    1.0000                                                                                                                    5.0000 ]
                         :   (bjet_ChargedHadronEnergyFraction<0.1)?0.1:(bjet_ChargedHadronEnergyFraction>0.6)?0.6:bjet_ChargedHadronEnergyFraction:                                                                                                                   0.40477                                                                                                                   0.15782   [                                                                                                                   0.10000                                                                                                                   0.60000 ]
                         :                                 (bjet_ChargedMultiplicity<2)?2:(bjet_ChargedMultiplicity>30)?30:bjet_ChargedMultiplicity:                                                                                                                    9.2803                                                                                                                    3.3846   [                                                                                                                    2.0000                                                                                                                    30.000 ]
                         :                            (bjet_MuonEnergyFraction<0.25)?0.25:(bjet_MuonEnergyFraction>0.5)?0.5:bjet_MuonEnergyFraction:                                                                                                                   0.30937                                                                                                                  0.089615   [                                                                                                                   0.25000                                                                                                                   0.50000 ]
                         :               (bjet_NeutralEmEnergyFraction<0.2)?0.2:(bjet_NeutralEmEnergyFraction>0.5)?0.5:bjet_NeutralEmEnergyFraction:                                                                                                                   0.25371                                                                                                                  0.085810   [                                                                                                                   0.20000                                                                                                                   0.50000 ]
                         : (bjet_NeutralHadronEnergyFraction<0.15)?0.15:(bjet_NeutralHadronEnergyFraction>0.4)?0.4:bjet_NeutralHadronEnergyFraction:                                                                                                                   0.16933                                                                                                                  0.052297   [                                                                                                                   0.15000                                                                                                                   0.40000 ]
                         :                                 (bjet_NeutralMultiplicity<6)?6:(bjet_NeutralMultiplicity>25)?25:bjet_NeutralMultiplicity:                                                                                                                    9.6270                                                                                                                    3.9776   [                                                                                                                    6.0000                                                                                                                    25.000 ]
                         :                                                                                                        fabs(bjet_charge):                                                                                                                   0.33423                                                                                                                   0.22702   [                                                                                                                4.2525e-05                                                                                                                    1.0000 ]
                         :                                                            (bjet_charge*bmuon_charge<-0.1)?-0.1:bjet_charge*bmuon_charge:                                                                                                                   0.25527                                                                                                                   0.28361   [                                                                                                                  -0.10000                                                                                                                    1.0000 ]
                         : -------------------------------------------------------------------------------------------------------------------------------------------------------------------------------------------------------------------------------------------------------------------------------------------------------------------------------------------------------------------------------------------------------------------------------------------------------------------------------------------------------------------------------------------------------------------------------------------------------------------------------------------
                         : Ranking input variables (method unspecific)...
IdTransformation         : Ranking result (top variable is best ranked)
                         : -------------------------------------------------------------------------------------------------------------------------------------------------
                         : Rank : Variable                                                                                                                 : Separation
                         : -------------------------------------------------------------------------------------------------------------------------------------------------
                         :    1 : (bjet_charge*bmuon_charge<-0.1)?-0.1:bjet_charge*bmuon_charge                                                            : 1.236e-01
                         :    2 : (bjet_MuonEnergyFraction<0.25)?0.25:(bjet_MuonEnergyFraction>0.5)?0.5:bjet_MuonEnergyFraction                            : 7.164e-02
                         :    3 : fabs(bjet_charge)                                                                                                        : 6.597e-02
                         :    4 : (bmuon_ptwrtbjet<1.)?1.:(bmuon_ptwrtbjet>3.)?3.:bmuon_ptwrtbjet                                                          : 6.558e-02
                         :    5 : (bmuon_P_jetrest<1.5)?1.5:(bmuon_P_jetrest>3.)?3.:bmuon_P_jetrest                                                        : 6.550e-02
                         :    6 : (bmuon_reliso<1.)?1:(bmuon_reliso>5.)?5.:bmuon_reliso                                                                    : 5.614e-02
                         :    7 : bmuon_palongjet<25.?bmuon_palongjet:25.                                                                                  : 2.318e-02
                         :    8 : (bjet_ChargedHadronEnergyFraction<0.1)?0.1:(bjet_ChargedHadronEnergyFraction>0.6)?0.6:bjet_ChargedHadronEnergyFraction   : 1.501e-02
                         :    9 : bmuon_dR_l_j<0.04?0.04:bmuon_dR_l_j                                                                                      : 1.110e-02
                         :   10 : (bjet_NeutralEmEnergyFraction<0.2)?0.2:(bjet_NeutralEmEnergyFraction>0.5)?0.5:bjet_NeutralEmEnergyFraction               : 8.677e-03
                         :   11 : (bjet_ChargedMultiplicity<2)?2:(bjet_ChargedMultiplicity>30)?30:bjet_ChargedMultiplicity                                 : 6.610e-03
                         :   12 : (bjet_NeutralMultiplicity<6)?6:(bjet_NeutralMultiplicity>25)?25:bjet_NeutralMultiplicity                                 : 4.872e-03
                         :   13 : (bjet_NeutralHadronEnergyFraction<0.15)?0.15:(bjet_NeutralHadronEnergyFraction>0.4)?0.4:bjet_NeutralHadronEnergyFraction : 3.455e-03
                         : -------------------------------------------------------------------------------------------------------------------------------------------------
Factory                  : Train method: BDT for Classification
                         : 
                         : Preparing the Gaussian transformation...
TFHandler_BDT            :                                                                                                                 Variable                                                                                                                        Mean                                                                                                                        RMS                                                                                                                [        Min                                                                                                                        Max ]
                         : -------------------------------------------------------------------------------------------------------------------------------------------------------------------------------------------------------------------------------------------------------------------------------------------------------------------------------------------------------------------------------------------------------------------------------------------------------------------------------------------------------------------------------------------------------------------------------------------------------------------------------------------
                         :                                                                                      bmuon_dR_l_j<0.04?0.04:bmuon_dR_l_j:                                                                                                                  -0.73652                                                                                                                    1.5573   [                                                                                                                   -2.9862                                                                                                                    5.7307 ]
                         :                                                        (bmuon_P_jetrest<1.5)?1.5:(bmuon_P_jetrest>3.)?3.:bmuon_P_jetrest:                                                                                                                   -1.6952                                                                                                                    1.9445   [                                                                                                                   -2.8758                                                                                                                    5.7307 ]
                         :                                                                                  bmuon_palongjet<25.?bmuon_palongjet:25.:                                                                                                                    2.2538                                                                                                                    2.9023   [                                                                                                                   -3.2666                                                                                                                    5.7307 ]
                         :                                                          (bmuon_ptwrtbjet<1.)?1.:(bmuon_ptwrtbjet>3.)?3.:bmuon_ptwrtbjet:                                                                                                                   -1.7124                                                                                                                    1.7446   [                                                                                                                   -2.9702                                                                                                                    5.7307 ]
                         :                                                                    (bmuon_reliso<1.)?1:(bmuon_reliso>5.)?5.:bmuon_reliso:                                                                                                                   0.32548                                                                                                                    2.8548   [                                                                                                                   -2.9232                                                                                                                    5.7307 ]
                         :   (bjet_ChargedHadronEnergyFraction<0.1)?0.1:(bjet_ChargedHadronEnergyFraction>0.6)?0.6:bjet_ChargedHadronEnergyFraction:                                                                                                                   0.90430                                                                                                                    2.4210   [                                                                                                                   -3.0879                                                                                                                    5.4200 ]
                         :                                 (bjet_ChargedMultiplicity<2)?2:(bjet_ChargedMultiplicity>30)?30:bjet_ChargedMultiplicity:                                                                                                                -0.0022497                                                                                                                    1.0232   [                                                                                                                   -4.9196                                                                                                                    5.7307 ]
                         :                            (bjet_MuonEnergyFraction<0.25)?0.25:(bjet_MuonEnergyFraction>0.5)?0.5:bjet_MuonEnergyFraction:                                                                                                                   -1.2343                                                                                                                    2.7208   [                                                                                                                   -3.1081                                                                                                                    5.4200 ]
                         :               (bjet_NeutralEmEnergyFraction<0.2)?0.2:(bjet_NeutralEmEnergyFraction>0.5)?0.5:bjet_NeutralEmEnergyFraction:                                                                                                                   -1.3760                                                                                                                    2.0474   [                                                                                                                   -2.8199                                                                                                                    5.7307 ]
                         : (bjet_NeutralHadronEnergyFraction<0.15)?0.15:(bjet_NeutralHadronEnergyFraction>0.4)?0.4:bjet_NeutralHadronEnergyFraction:                                                                                                                   -1.9463                                                                                                                    1.5143   [                                                                                                                   -2.5703                                                                                                                    5.7307 ]
                         :                                 (bjet_NeutralMultiplicity<6)?6:(bjet_NeutralMultiplicity>25)?25:bjet_NeutralMultiplicity:                                                                                                                  -0.10754                                                                                                                    1.0515   [                                                                                                                   -1.2346                                                                                                                    5.7307 ]
                         :                                                                                                        fabs(bjet_charge):                                                                                                                 0.0098302                                                                                                                    1.0077   [                                                                                                                   -3.2561                                                                                                                    5.7307 ]
                         :                                                            (bjet_charge*bmuon_charge<-0.1)?-0.1:bjet_charge*bmuon_charge:                                                                                                                  -0.59142                                                                                                                    1.5622   [                                                                                                                   -3.2645                                                                                                                    5.7307 ]
                         : -------------------------------------------------------------------------------------------------------------------------------------------------------------------------------------------------------------------------------------------------------------------------------------------------------------------------------------------------------------------------------------------------------------------------------------------------------------------------------------------------------------------------------------------------------------------------------------------------------------------------------------------
                         : Events with weight == 0 are going to be simply ignored 
BDT                      : #events: (reweighted) sig: 10804 bkg: 10804
                         : #events: (unweighted) sig: 14637 bkg: 6971
                         : Training 100 Decision Trees ... patience please
                         : Elapsed time for training with 31425 events: 3.2 sec         
BDT                      : [FIN_BDT_2016preVFP] : Evaluation of BDT on training sample (31425 events)
                         : Elapsed time for evaluation of 31425 events: 0.714 sec       
                         : Creating xml weight file: [0;36mFIN_BDT_2016preVFP/weights/FIN_BDT_2016preVFP_BDT.weights.xml[0m
                         : Creating standalone class: [0;36mFIN_BDT_2016preVFP/weights/FIN_BDT_2016preVFP_BDT.class.C[0m
                         : FIN_BDT_2016preVFP.root:/FIN_BDT_2016preVFP/Method_BDT/BDT
Factory                  : Training finished
                         : 
                         : Ranking input variables (method specific)...
BDT                      : Ranking result (top variable is best ranked)
                         : ----------------------------------------------------------------------------------------------------------------------------------------------------------
                         : Rank : Variable                                                                                                                 : Variable Importance
                         : ----------------------------------------------------------------------------------------------------------------------------------------------------------
                         :    1 : (bjet_charge*bmuon_charge<-0.1)?-0.1:bjet_charge*bmuon_charge                                                            : 1.321e-01
                         :    2 : (bjet_MuonEnergyFraction<0.25)?0.25:(bjet_MuonEnergyFraction>0.5)?0.5:bjet_MuonEnergyFraction                            : 9.186e-02
                         :    3 : bmuon_dR_l_j<0.04?0.04:bmuon_dR_l_j                                                                                      : 8.600e-02
                         :    4 : (bmuon_ptwrtbjet<1.)?1.:(bmuon_ptwrtbjet>3.)?3.:bmuon_ptwrtbjet                                                          : 8.493e-02
                         :    5 : (bjet_ChargedHadronEnergyFraction<0.1)?0.1:(bjet_ChargedHadronEnergyFraction>0.6)?0.6:bjet_ChargedHadronEnergyFraction   : 8.367e-02
                         :    6 : (bmuon_reliso<1.)?1:(bmuon_reliso>5.)?5.:bmuon_reliso                                                                    : 8.347e-02
                         :    7 : (bjet_ChargedMultiplicity<2)?2:(bjet_ChargedMultiplicity>30)?30:bjet_ChargedMultiplicity                                 : 7.654e-02
                         :    8 : fabs(bjet_charge)                                                                                                        : 7.140e-02
                         :    9 : (bjet_NeutralMultiplicity<6)?6:(bjet_NeutralMultiplicity>25)?25:bjet_NeutralMultiplicity                                 : 7.115e-02
                         :   10 : (bjet_NeutralEmEnergyFraction<0.2)?0.2:(bjet_NeutralEmEnergyFraction>0.5)?0.5:bjet_NeutralEmEnergyFraction               : 6.829e-02
                         :   11 : bmuon_palongjet<25.?bmuon_palongjet:25.                                                                                  : 6.053e-02
                         :   12 : (bmuon_P_jetrest<1.5)?1.5:(bmuon_P_jetrest>3.)?3.:bmuon_P_jetrest                                                        : 6.021e-02
                         :   13 : (bjet_NeutralHadronEnergyFraction<0.15)?0.15:(bjet_NeutralHadronEnergyFraction>0.4)?0.4:bjet_NeutralHadronEnergyFraction : 2.990e-02
                         : ----------------------------------------------------------------------------------------------------------------------------------------------------------
Factory                  : === Destroy and recreate all methods via weight files for testing ===
                         : 
                         : Reading weight file: [0;36mFIN_BDT_2016preVFP/weights/FIN_BDT_2016preVFP_BDT.weights.xml[0m
Factory                  : [1mTest all methods[0m
Factory                  : Test method: BDT for Classification performance
                         : 
BDT                      : [FIN_BDT_2016preVFP] : Evaluation of BDT on testing sample (43270 events)
                         : Elapsed time for evaluation of 43270 events: 0.889 sec       
Factory                  : [1mEvaluate all methods[0m
Factory                  : Evaluate classifier: BDT
                         : 
TFHandler_BDT            :                                                                                                                 Variable                                                                                                                        Mean                                                                                                                        RMS                                                                                                                [        Min                                                                                                                        Max ]
                         : -------------------------------------------------------------------------------------------------------------------------------------------------------------------------------------------------------------------------------------------------------------------------------------------------------------------------------------------------------------------------------------------------------------------------------------------------------------------------------------------------------------------------------------------------------------------------------------------------------------------------------------------
                         :                                                                                      bmuon_dR_l_j<0.04?0.04:bmuon_dR_l_j:                                                                                                                  -0.73895                                                                                                                    1.5724   [                                                                                                                   -2.9862                                                                                                                    5.7307 ]
                         :                                                        (bmuon_P_jetrest<1.5)?1.5:(bmuon_P_jetrest>3.)?3.:bmuon_P_jetrest:                                                                                                                   -1.4810                                                                                                                    2.1107   [                                                                                                                   -2.8758                                                                                                                    5.7307 ]
                         :                                                                                  bmuon_palongjet<25.?bmuon_palongjet:25.:                                                                                                                    2.4304                                                                                                                    2.9058   [                                                                                                                   -5.7307                                                                                                                    5.7307 ]
                         :                                                          (bmuon_ptwrtbjet<1.)?1.:(bmuon_ptwrtbjet>3.)?3.:bmuon_ptwrtbjet:                                                                                                                   -1.5376                                                                                                                    1.8406   [                                                                                                                   -2.9702                                                                                                                    5.7307 ]
                         :                                                                    (bmuon_reliso<1.)?1:(bmuon_reliso>5.)?5.:bmuon_reliso:                                                                                                                   0.21035                                                                                                                    2.8490   [                                                                                                                   -2.9232                                                                                                                    5.7307 ]
                         :   (bjet_ChargedHadronEnergyFraction<0.1)?0.1:(bjet_ChargedHadronEnergyFraction>0.6)?0.6:bjet_ChargedHadronEnergyFraction:                                                                                                                   0.82779                                                                                                                    2.4085   [                                                                                                                   -3.0879                                                                                                                    5.4195 ]
                         :                                 (bjet_ChargedMultiplicity<2)?2:(bjet_ChargedMultiplicity>30)?30:bjet_ChargedMultiplicity:                                                                                                                -0.0093263                                                                                                                    1.0414   [                                                                                                                   -4.9196                                                                                                                    5.7307 ]
                         :                            (bjet_MuonEnergyFraction<0.25)?0.25:(bjet_MuonEnergyFraction>0.5)?0.5:bjet_MuonEnergyFraction:                                                                                                                   -1.0374                                                                                                                    2.8256   [                                                                                                                   -3.1081                                                                                                                    5.4200 ]
                         :               (bjet_NeutralEmEnergyFraction<0.2)?0.2:(bjet_NeutralEmEnergyFraction>0.5)?0.5:bjet_NeutralEmEnergyFraction:                                                                                                                   -1.4359                                                                                                                    2.0033   [                                                                                                                   -2.8199                                                                                                                    5.7307 ]
                         : (bjet_NeutralHadronEnergyFraction<0.15)?0.15:(bjet_NeutralHadronEnergyFraction>0.4)?0.4:bjet_NeutralHadronEnergyFraction:                                                                                                                   -1.9570                                                                                                                    1.4951   [                                                                                                                   -2.5703                                                                                                                    5.7307 ]
                         :                                 (bjet_NeutralMultiplicity<6)?6:(bjet_NeutralMultiplicity>25)?25:bjet_NeutralMultiplicity:                                                                                                                 -0.094935                                                                                                                    1.0836   [                                                                                                                   -1.2346                                                                                                                    5.7307 ]
                         :                                                                                                        fabs(bjet_charge):                                                                                                                  0.085510                                                                                                                    1.0180   [                                                                                                                   -3.2468                                                                                                                    5.7307 ]
                         :                                                            (bjet_charge*bmuon_charge<-0.1)?-0.1:bjet_charge*bmuon_charge:                                                                                                                  -0.43397                                                                                                                    1.5315   [                                                                                                                   -3.2645                                                                                                                    5.7307 ]
                         : -------------------------------------------------------------------------------------------------------------------------------------------------------------------------------------------------------------------------------------------------------------------------------------------------------------------------------------------------------------------------------------------------------------------------------------------------------------------------------------------------------------------------------------------------------------------------------------------------------------------------------------------
BDT                      : [FIN_BDT_2016preVFP] : Loop over test events and fill histograms with classifier response...
                         : 
TFHandler_BDT            :                                                                                                                 Variable                                                                                                                        Mean                                                                                                                        RMS                                                                                                                [        Min                                                                                                                        Max ]
                         : -------------------------------------------------------------------------------------------------------------------------------------------------------------------------------------------------------------------------------------------------------------------------------------------------------------------------------------------------------------------------------------------------------------------------------------------------------------------------------------------------------------------------------------------------------------------------------------------------------------------------------------------
                         :                                                                                      bmuon_dR_l_j<0.04?0.04:bmuon_dR_l_j:                                                                                                                  -0.73895                                                                                                                    1.5724   [                                                                                                                   -2.9862                                                                                                                    5.7307 ]
                         :                                                        (bmuon_P_jetrest<1.5)?1.5:(bmuon_P_jetrest>3.)?3.:bmuon_P_jetrest:                                                                                                                   -1.4810                                                                                                                    2.1107   [                                                                                                                   -2.8758                                                                                                                    5.7307 ]
                         :                                                                                  bmuon_palongjet<25.?bmuon_palongjet:25.:                                                                                                                    2.4304                                                                                                                    2.9058   [                                                                                                                   -5.7307                                                                                                                    5.7307 ]
                         :                                                          (bmuon_ptwrtbjet<1.)?1.:(bmuon_ptwrtbjet>3.)?3.:bmuon_ptwrtbjet:                                                                                                                   -1.5376                                                                                                                    1.8406   [                                                                                                                   -2.9702                                                                                                                    5.7307 ]
                         :                                                                    (bmuon_reliso<1.)?1:(bmuon_reliso>5.)?5.:bmuon_reliso:                                                                                                                   0.21035                                                                                                                    2.8490   [                                                                                                                   -2.9232                                                                                                                    5.7307 ]
                         :   (bjet_ChargedHadronEnergyFraction<0.1)?0.1:(bjet_ChargedHadronEnergyFraction>0.6)?0.6:bjet_ChargedHadronEnergyFraction:                                                                                                                   0.82779                                                                                                                    2.4085   [                                                                                                                   -3.0879                                                                                                                    5.4195 ]
                         :                                 (bjet_ChargedMultiplicity<2)?2:(bjet_ChargedMultiplicity>30)?30:bjet_ChargedMultiplicity:                                                                                                                -0.0093263                                                                                                                    1.0414   [                                                                                                                   -4.9196                                                                                                                    5.7307 ]
                         :                            (bjet_MuonEnergyFraction<0.25)?0.25:(bjet_MuonEnergyFraction>0.5)?0.5:bjet_MuonEnergyFraction:                                                                                                                   -1.0374                                                                                                                    2.8256   [                                                                                                                   -3.1081                                                                                                                    5.4200 ]
                         :               (bjet_NeutralEmEnergyFraction<0.2)?0.2:(bjet_NeutralEmEnergyFraction>0.5)?0.5:bjet_NeutralEmEnergyFraction:                                                                                                                   -1.4359                                                                                                                    2.0033   [                                                                                                                   -2.8199                                                                                                                    5.7307 ]
                         : (bjet_NeutralHadronEnergyFraction<0.15)?0.15:(bjet_NeutralHadronEnergyFraction>0.4)?0.4:bjet_NeutralHadronEnergyFraction:                                                                                                                   -1.9570                                                                                                                    1.4951   [                                                                                                                   -2.5703                                                                                                                    5.7307 ]
                         :                                 (bjet_NeutralMultiplicity<6)?6:(bjet_NeutralMultiplicity>25)?25:bjet_NeutralMultiplicity:                                                                                                                 -0.094935                                                                                                                    1.0836   [                                                                                                                   -1.2346                                                                                                                    5.7307 ]
                         :                                                                                                        fabs(bjet_charge):                                                                                                                  0.085510                                                                                                                    1.0180   [                                                                                                                   -3.2468                                                                                                                    5.7307 ]
                         :                                                            (bjet_charge*bmuon_charge<-0.1)?-0.1:bjet_charge*bmuon_charge:                                                                                                                  -0.43397                                                                                                                    1.5315   [                                                                                                                   -3.2645                                                                                                                    5.7307 ]
                         : -------------------------------------------------------------------------------------------------------------------------------------------------------------------------------------------------------------------------------------------------------------------------------------------------------------------------------------------------------------------------------------------------------------------------------------------------------------------------------------------------------------------------------------------------------------------------------------------------------------------------------------------
                         : 
                         : Evaluation results ranked by best signal efficiency and purity (area)
                         : -------------------------------------------------------------------------------------------------------------------
                         : DataSet       MVA                       
                         : Name:         Method:          ROC-integ
                         : FIN_BDT_2016preVFP BDT            : 0.746
                         : -------------------------------------------------------------------------------------------------------------------
                         : 
                         : Testing efficiency compared to training efficiency (overtraining check)
                         : -------------------------------------------------------------------------------------------------------------------
                         : DataSet              MVA              Signal efficiency: from test sample (from training sample) 
                         : Name:                Method:          @B=0.01             @B=0.10            @B=0.30   
                         : -------------------------------------------------------------------------------------------------------------------
                         : FIN_BDT_2016preVFP   BDT            : 0.066 (0.072)       0.345 (0.334)      0.669 (0.671)
                         : -------------------------------------------------------------------------------------------------------------------
                         : 
Dataset:FIN_BDT_2016pr...: Created tree 'TestTree' with 43270 events
                         : 
Dataset:FIN_BDT_2016pr...: Created tree 'TrainTree' with 31425 events
                         : 
Factory                  : [1mThank you for using TMVA![0m
                         : [1mFor citation information, please visit: http://tmva.sf.net/citeTMVA.html[0m
['bmuon_dR_l_j < 0.04 ? 0.04 : bmuon_dR_l_j', '(bmuon_P_jetrest < 1.5) ? 1.5: (bmuon_P_jetrest > 3.) ? 3. : bmuon_P_jetrest', 'bmuon_palongjet < 25. ? bmuon_palongjet : 25.', '(bmuon_ptwrtbjet < 1.)?1.: (bmuon_ptwrtbjet>3.)?3. : bmuon_ptwrtbjet', '(bmuon_reliso < 1.) ? 1 : (bmuon_reliso > 5.) ? 5. : bmuon_reliso', '(bjet_ChargedHadronEnergyFraction <0.1 )?0.1 :(bjet_ChargedHadronEnergyFraction>0.6)?0.6:bjet_ChargedHadronEnergyFraction', '(bjet_ChargedMultiplicity<2)?2:(bjet_ChargedMultiplicity>30)?30:bjet_ChargedMultiplicity', '(bjet_MuonEnergyFraction<0.25)?0.25:(bjet_MuonEnergyFraction>0.5)?0.5:bjet_MuonEnergyFraction', '(bjet_NeutralEmEnergyFraction<0.2)?0.2:(bjet_NeutralEmEnergyFraction>0.5)?0.5: bjet_NeutralEmEnergyFraction', '(bjet_NeutralHadronEnergyFraction<0.15)?0.15:(bjet_NeutralHadronEnergyFraction>0.4)?0.4:bjet_NeutralHadronEnergyFraction', '(bjet_NeutralMultiplicity<6)?6:(bjet_NeutralMultiplicity>25)?25:bjet_NeutralMultiplicity', 'fabs(bjet_charge)', '(bjet_charge*bmuon_charge < -0.1)?-0.1 : bjet_charge*bmuon_charge'] ['(belectron_dR_l_j < 0.15)?0.15:belectron_dR_l_j', '(belectron_P_jetrest<0.8)?0.8:(belectron_P_jetrest>1.5)?1.5:belectron_P_jetrest', '(belectron_ptwrtbjet<0.5)?0.5:(belectron_ptwrtbjet>1.5)?1.5:belectron_ptwrtbjet', 'bjet_ChargedEmEnergyFraction < 0.2 ? bjet_ChargedEmEnergyFraction : 0.2', '(bjet_ChargedHadronEnergyFraction<0.2)?0.2:(bjet_ChargedHadronEnergyFraction>0.9)?0.9:bjet_ChargedHadronEnergyFraction', '(bjet_NeutralEmEnergyFraction<0.4)?0.4:(bjet_NeutralEmEnergyFraction>0.7)?0.7:bjet_NeutralEmEnergyFraction', '(fabs(bjet_charge)<0.7)?fabs(bjet_charge):0.7', '(bjet_charge*belectron_charge<-0.3)?-0.3:(bjet_charge*belectron_charge>0.3)?0.3:bjet_charge*belectron_charge'] ['bjet_ChargedHadronEnergyFraction>0.15?bjet_ChargedHadronEnergyFraction:0.15', '(bjet_ChargedMultiplicity<30)?bjet_ChargedMultiplicity:30', '(bjet_NeutralEmEnergyFraction<0.15)?0.15:(bjet_NeutralEmEnergyFraction>0.7)?0.7:bjet_NeutralEmEnergyFraction', '(bjet_NeutralHadronEnergyFraction<0.1)?0.1:(bjet_NeutralHadronEnergyFraction>0.4)?0.4:bjet_NeutralHadronEnergyFraction', '(bjet_NeutralMultiplicity<30)?bjet_NeutralMultiplicity:30', '(fabs(bjet_charge)<0.9)?fabs(bjet_charge):0.9']
(bmuon_charge*bjet_partonFlavour < 0)&&Has_bMuon (bmuon_charge*bjet_partonFlavour > 0)&&Has_bMuon (belectron_charge*bjet_partonFlavour < 0)&&(Has_bElectron) (belectron_charge*bjet_partonFlavour > 0)&&(Has_bElectron) (bjet_charge*bjet_partonFlavour < 0)&&(!Has_bElectron)&&(!Has_bMuon) (bjet_charge*bjet_partonFlavour > 0)&&(!Has_bElectron)&&(!Has_bMuon)
sigcut= (bmuon_charge*bjet_partonFlavour < 0)&&Has_bMuon
bkgcut= (bmuon_charge*bjet_partonFlavour > 0)&&Has_bMuon
<sig cut>= (bmuon_charge*bjet_partonFlavour < 0)&&Has_bMuon
<bkg cut>= (bmuon_charge*bjet_partonFlavour > 0)&&Has_bMuon
---sig_test---
<self.testtree_sig> OutTree/sig
/pnfs/knu.ac.kr/data/cms/store/user/jhchoi/JetChargeTagScore/TMVA_TOOL/inputs/EEMu_MuMuE_Method/v2512.5_2016preVFP/2016preVFP/EEMu_MuMuE_Method_DYJetsToEE_MiNNLO.root
/pnfs/knu.ac.kr/data/cms/store/user/jhchoi/JetChargeTagScore/TMVA_TOOL/inputs/EEMu_MuMuE_Method/v2512.5_2016preVFP/2016preVFP/EEMu_MuMuE_Method_DYJetsToMuMu_MiNNLO.root
--bkg_test---
<self.testtree_bkg> OutTree/bkg
/pnfs/knu.ac.kr/data/cms/store/user/jhchoi/JetChargeTagScore/TMVA_TOOL/inputs/EEMu_MuMuE_Method/v2512.5_2016preVFP/2016preVFP/EEMu_MuMuE_Method_DYJetsToEE_MiNNLO.root
/pnfs/knu.ac.kr/data/cms/store/user/jhchoi/JetChargeTagScore/TMVA_TOOL/inputs/EEMu_MuMuE_Method/v2512.5_2016preVFP/2016preVFP/EEMu_MuMuE_Method_DYJetsToMuMu_MiNNLO.root
---sig_train---
<self.traintree_sig> OutTree/sig
/pnfs/knu.ac.kr/data/cms/store/user/jhchoi/JetChargeTagScore/TMVA_TOOL/inputs/EEMu_MuMuE_Method/v2512.5_2016preVFP/2016preVFP/EEMu_MuMuE_Method_DYJets.root
---bkg_train---
<self.traintree_bkg> OutTree/bkg
/pnfs/knu.ac.kr/data/cms/store/user/jhchoi/JetChargeTagScore/TMVA_TOOL/inputs/EEMu_MuMuE_Method/v2512.5_2016preVFP/2016preVFP/EEMu_MuMuE_Method_DYJets.root
>>>>self.dataloader.PrepareTrainingAndTestTree
Set sig cut -> (bmuon_charge*bjet_partonFlavour < 0)&&Has_bMuon
Set bkg cut -> (bmuon_charge*bjet_partonFlavour > 0)&&Has_bMuon
auc= 0.7457763020078991
END of RUNNING...run_single
FIN_BDT_2016preVFP
FIN_BDT_2016preVFP.root
_condor_stderr
_condor_stdout
run.sh
tmp
var
myerr=0
[ntry=1]
