DataSetInfo              : [BDT_2016preVFP] : Added class "Signal"
                         : Add Tree OutTree/sig of type Signal with 471124 events
                         : Add Tree OutTree/sig of type Signal with 536163 events
DataSetInfo              : [BDT_2016preVFP] : Added class "Background"
                         : Add Tree OutTree/bkg of type Background with 289267 events
                         : Add Tree OutTree/bkg of type Background with 323995 events
Factory                  : Booking method: [1mBDT[0m
                         : 
                         : Parsing option string: 
                         : ... "!H:V:NTrees=500:MinNodeSize=1%:MaxDepth=5:Shrinkage=0.005:BoostType=Grad:AdaBoostBeta=:UseBaggedBoost=True:BaggedSampleFraction=0.2:SeparationType=CrossEntropy:nCuts=30:IgnoreNegWeightsInTraining=True:VarTransform=G"
                         : The following options are set:
                         : - By User:
                         :     <none>
                         : - Default:
                         :     Boost_num: "0" [Number of times the classifier will be boosted]
                         : Parsing option string: 
                         : ... "!H:V:NTrees=500:MinNodeSize=1%:MaxDepth=5:Shrinkage=0.005:BoostType=Grad:AdaBoostBeta=:UseBaggedBoost=True:BaggedSampleFraction=0.2:SeparationType=CrossEntropy:nCuts=30:IgnoreNegWeightsInTraining=True:VarTransform=G"
                         : The following options are set:
                         : - By User:
                         :     V: "True" [Verbose output (short form of "VerbosityLevel" below - overrides the latter one)]
                         :     VarTransform: "G" [List of variable transformations performed before training, e.g., "D_Background,P_Signal,G,N_AllClasses" for: "Decorrelation, PCA-transformation, Gaussianisation, Normalisation, each for the given class of events ('AllClasses' denotes all events of all classes, if no class indication is given, 'All' is assumed)"]
                         :     H: "False" [Print method-specific help message]
                         :     IgnoreNegWeightsInTraining: "True" [Events with negative weights are ignored in the training (but are included for testing and performance evaluation)]
                         :     NTrees: "500" [Number of trees in the forest]
                         :     MaxDepth: "5" [Max depth of the decision tree allowed]
                         :     MinNodeSize: "1%" [Minimum percentage of training events required in a leaf node (default: Classification: 5%, Regression: 0.2%)]
                         :     nCuts: "30" [Number of grid points in variable range used in finding optimal cut in node splitting]
                         :     BoostType: "Grad" [Boosting type for the trees in the forest (note: AdaCost is still experimental)]
                         :     UseBaggedBoost: "True" [Use only a random subsample of all events for growing the trees in each boost iteration.]
                         :     Shrinkage: "5.000000e-03" [Learning rate for BoostType=Grad algorithm]
                         :     AdaBoostBeta: "5.000000e-01" [Learning rate  for AdaBoost algorithm]
                         :     BaggedSampleFraction: "2.000000e-01" [Relative size of bagged event sample to original size of the data sample (used whenever bagging is used (i.e. UseBaggedBoost, Bagging,)]
                         :     SeparationType: "CrossEntropy" [Separation criterion for node splitting]
                         : - Default:
                         :     VerbosityLevel: "Default" [Verbosity level]
                         :     CreateMVAPdfs: "False" [Create PDFs for classifier outputs (signal and background)]
                         :     AdaBoostR2Loss: "Quadratic" [Type of Loss function in AdaBoostR2]
                         :     UseRandomisedTrees: "False" [Determine at each node splitting the cut variable only as the best out of a random subset of variables (like in RandomForests)]
                         :     UseNvars: "4" [Size of the subset of variables used with RandomisedTree option]
                         :     UsePoissonNvars: "True" [Interpret "UseNvars" not as fixed number but as mean of a Poisson distribution in each split with RandomisedTree option]
                         :     UseYesNoLeaf: "True" [Use Sig or Bkg categories, or the purity=S/(S+B) as classification of the leaf node -> Real-AdaBoost]
                         :     NegWeightTreatment: "InverseBoostNegWeights" [How to treat events with negative weights in the BDT training (particular the boosting) : IgnoreInTraining;  Boost With inverse boostweight; Pair events with negative and positive weights in training sample and *annihilate* them (experimental!)]
                         :     Css: "1.000000e+00" [AdaCost: cost of true signal selected signal]
                         :     Cts_sb: "1.000000e+00" [AdaCost: cost of true signal selected bkg]
                         :     Ctb_ss: "1.000000e+00" [AdaCost: cost of true bkg    selected signal]
                         :     Cbb: "1.000000e+00" [AdaCost: cost of true bkg    selected bkg ]
                         :     NodePurityLimit: "5.000000e-01" [In boosting/pruning, nodes with purity > NodePurityLimit are signal; background otherwise.]
                         :     RegressionLossFunctionBDTG: "Huber" [Loss function for BDTG regression.]
                         :     HuberQuantile: "7.000000e-01" [In the Huber loss function this is the quantile that separates the core from the tails in the residuals distribution.]
                         :     DoBoostMonitor: "False" [Create control plot with ROC integral vs tree number]
                         :     UseFisherCuts: "False" [Use multivariate splits using the Fisher criterion]
                         :     MinLinCorrForFisher: "8.000000e-01" [The minimum linear correlation between two variables demanded for use in Fisher criterion in node splitting]
                         :     UseExclusiveVars: "False" [Variables already used in fisher criterion are not anymore analysed individually for node splitting]
                         :     DoPreselection: "False" [and and apply automatic pre-selection for 100% efficient signal (bkg) cuts prior to training]
                         :     SigToBkgFraction: "1.000000e+00" [Sig to Bkg ratio used in Training (similar to NodePurityLimit, which cannot be used in real adaboost]
                         :     PruneMethod: "NoPruning" [Note: for BDTs use small trees (e.g.MaxDepth=3) and NoPruning:  Pruning: Method used for pruning (removal) of statistically insignificant branches ]
                         :     PruneStrength: "0.000000e+00" [Pruning strength]
                         :     PruningValFraction: "5.000000e-01" [Fraction of events to use for optimizing automatic pruning.]
                         :     SkipNormalization: "False" [Skip normalization at initialization, to keep expectation value of BDT output according to the fraction of events]
                         :     nEventsMin: "0" [deprecated: Use MinNodeSize (in % of training events) instead]
                         :     UseBaggedGrad: "False" [deprecated: Use *UseBaggedBoost* instead:  Use only a random subsample of all events for growing the trees in each iteration.]
                         :     GradBaggingFraction: "2.000000e-01" [deprecated: Use *BaggedSampleFraction* instead: Defines the fraction of events to be used in each iteration, e.g. when UseBaggedGrad=kTRUE. ]
                         :     UseNTrainEvents: "0" [deprecated: Use *BaggedSampleFraction* instead: Number of randomly picked training events used in randomised (and bagged) trees]
                         :     NNodesMax: "0" [deprecated: Use MaxDepth instead to limit the tree size]
BDT                      : [BDT_2016preVFP] : Create Transformation "G" with events from all classes.
                         : 
                         : Transformation, Variable selection : 
                         : Input : variable 'bmuon_dR_l_j<0.05?0.05:bmuon_dR_l_j' <---> Output : variable 'bmuon_dR_l_j<0.05?0.05:bmuon_dR_l_j'
                         : Input : variable 'bmuon_nsip3d>10.?10.:bmuon_nsip3d' <---> Output : variable 'bmuon_nsip3d>10.?10.:bmuon_nsip3d'
                         : Input : variable 'bmuon_P_jetrest<1.?1:bmuon_P_jetrest>3.?3.:bmuon_P_jetrest' <---> Output : variable 'bmuon_P_jetrest<1.?1:bmuon_P_jetrest>3.?3.:bmuon_P_jetrest'
                         : Input : variable 'bmuon_palongjet>10.?10.:bmuon_palongjet' <---> Output : variable 'bmuon_palongjet>10.?10.:bmuon_palongjet'
                         : Input : variable 'bmuon_palongjetratio>0.4?0.4:bmuon_palongjetratio' <---> Output : variable 'bmuon_palongjetratio>0.4?0.4:bmuon_palongjetratio'
                         : Input : variable 'bmuon_ptwrtbjet<0.5?0.5:bmuon_ptwrtbjet>3.?3.:bmuon_ptwrtbjet' <---> Output : variable 'bmuon_ptwrtbjet<0.5?0.5:bmuon_ptwrtbjet>3.?3.:bmuon_ptwrtbjet'
                         : Input : variable 'log10(1.+bmuon_reliso)>1.2?1.2:log10(1.+bmuon_reliso)' <---> Output : variable 'log10(1.+bmuon_reliso)>1.2?1.2:log10(1.+bmuon_reliso)'
                         : Input : variable 'bjet_ChargedHadronEnergyFraction<0.1?0.1:bjet_ChargedHadronEnergyFraction>0.9?0.9:bjet_ChargedHadronEnergyFraction' <---> Output : variable 'bjet_ChargedHadronEnergyFraction<0.1?0.1:bjet_ChargedHadronEnergyFraction>0.9?0.9:bjet_ChargedHadronEnergyFraction'
                         : Input : variable 'bjet_ChargedMultiplicity>20?20:bjet_ChargedMultiplicity' <---> Output : variable 'bjet_ChargedMultiplicity>20?20:bjet_ChargedMultiplicity'
                         : Input : variable 'bjet_MuonEnergyFraction<0.2?0.2:bjet_MuonEnergyFraction>0.5?0.5:bjet_MuonEnergyFraction' <---> Output : variable 'bjet_MuonEnergyFraction<0.2?0.2:bjet_MuonEnergyFraction>0.5?0.5:bjet_MuonEnergyFraction'
                         : Input : variable 'bjet_NeutralEmEnergyFraction<0.15?0.15:bjet_NeutralEmEnergyFraction>0.5?0.5:bjet_NeutralEmEnergyFraction' <---> Output : variable 'bjet_NeutralEmEnergyFraction<0.15?0.15:bjet_NeutralEmEnergyFraction>0.5?0.5:bjet_NeutralEmEnergyFraction'
                         : Input : variable 'bjet_NeutralHadronEnergyFraction<0.15?0.15:bjet_NeutralHadronEnergyFraction>0.4?0.4:bjet_NeutralHadronEnergyFraction' <---> Output : variable 'bjet_NeutralHadronEnergyFraction<0.15?0.15:bjet_NeutralHadronEnergyFraction>0.4?0.4:bjet_NeutralHadronEnergyFraction'
                         : Input : variable 'bjet_NeutralMultiplicity>25?25:bjet_NeutralMultiplicity' <---> Output : variable 'bjet_NeutralMultiplicity>25?25:bjet_NeutralMultiplicity'
                         : Input : variable 'bjet_charge*bmuon_charge<-0.4?-0.4:bjet_charge*bmuon_charge' <---> Output : variable 'bjet_charge*bmuon_charge<-0.4?-0.4:bjet_charge*bmuon_charge'
                         : Input : variable 'fabs(bjet_charge)' <---> Output : variable 'fabs(bjet_charge)'
                         : the option NegWeightTreatment=InverseBoostNegWeights does not exist for BoostType=Grad
                         : --> change to new default NegWeightTreatment=Pray
                         : Rebuilding Dataset BDT_2016preVFP
                         : Building event vectors for type 1 Signal
                         : Dataset[BDT_2016preVFP] :  create input formulas for tree sig
                         : Dataset[BDT_2016preVFP] :  create input formulas for tree sig
                         : Dataset[BDT_2016preVFP] :  create input formulas for tree sig
                         : Building event vectors for type 0 Signal
                         : Dataset[BDT_2016preVFP] :  create input formulas for tree sig
                         : Dataset[BDT_2016preVFP] :  create input formulas for tree sig
                         : Building event vectors for type 1 Background
                         : Dataset[BDT_2016preVFP] :  create input formulas for tree bkg
                         : Dataset[BDT_2016preVFP] :  create input formulas for tree bkg
                         : Dataset[BDT_2016preVFP] :  create input formulas for tree bkg
                         : Building event vectors for type 0 Background
                         : Dataset[BDT_2016preVFP] :  create input formulas for tree bkg
                         : Dataset[BDT_2016preVFP] :  create input formulas for tree bkg
DataSetFactory           : [BDT_2016preVFP] : Number of events in input trees
                         : Dataset[BDT_2016preVFP] :     Signal     requirement: "(bmuon_charge*bjet_partonFlavour < 0)&&Has_bMuon"
                         : Dataset[BDT_2016preVFP] :     Signal          -- number of events passed: 54141  / sum of weights: 28588.7
                         : Dataset[BDT_2016preVFP] :     Signal          -- efficiency             : 0.0494162
                         : Dataset[BDT_2016preVFP] :     Background requirement: "(bmuon_charge*bjet_partonFlavour > 0)&&Has_bMuon"
                         : Dataset[BDT_2016preVFP] :     Background      -- number of events passed: 27301  / sum of weights: 14653.1
                         : Dataset[BDT_2016preVFP] :     Background      -- efficiency             : 0.0420016
                         : Dataset[BDT_2016preVFP] :  you have opted for interpreting the requested number of training/testing events
                         :  to be the number of events AFTER your preselection cuts
                         : 
                         : Dataset[BDT_2016preVFP] :  you have opted for interpreting the requested number of training/testing events
                         :  to be the number of events AFTER your preselection cuts
                         : 
                         : Dataset[BDT_2016preVFP] : Weight renormalisation mode: "EqualNumEvents": renormalises all event classes ...
                         : Dataset[BDT_2016preVFP] :  such that the effective (weighted) number of events in each class is the same 
                         : Dataset[BDT_2016preVFP] :  (and equals the number of events (entries) given for class=0 )
                         : Dataset[BDT_2016preVFP] : ... i.e. such that Sum[i=1..N_j]{w_i} = N_classA, j=classA, classB, ...
                         : Dataset[BDT_2016preVFP] : ... (note that N_j is the sum of TRAINING events
                         : Dataset[BDT_2016preVFP] :  ..... Testing events are not renormalised nor included in the renormalisation factor!)
                         : Number of training and testing events
                         : ---------------------------------------------------------------------------
                         : Signal     -- training events            : 22798
                         : Signal     -- testing events             : 31343
                         : Signal     -- training and testing events: 54141
                         : Dataset[BDT_2016preVFP] : Signal     -- due to the preselection a scaling factor has been applied to the numbers of requested events: 0.0537493
                         : Background -- training events            : 11333
                         : Background -- testing events             : 15968
                         : Background -- training and testing events: 27301
                         : Dataset[BDT_2016preVFP] : Background -- due to the preselection a scaling factor has been applied to the numbers of requested events: 0.0445177
                         : 
DataSetInfo              : Correlation matrix (Signal):
                         : -----------------------------------------------------------------------------------------------------------------------------------------------------------------------------------------------------------------------------------------------------------------------------------------------------------------------------------------------------------------------------------------------------------------------------------------------------------------------------------------------------------------------------------------------------------------------------------------------------------------------------------------------------------------------------------------------------------------------------------------------------------------------------------------------------------------------------------------------------------------------------------------------------------------------------------------------------------------------------------------------------------------------------------------------------------------------------------------------------------------------
                         :                                                                                                                       bmuon_dR_l_j_0.05_0.05:bmuon_dR_l_j bmuon_nsip3d_10._10.:bmuon_nsip3d bmuon_P_jetrest_1._1:bmuon_P_jetrest_3._3.:bmuon_P_jetrest bmuon_palongjet_10._10.:bmuon_palongjet bmuon_palongjetratio_0.4_0.4:bmuon_palongjetratio bmuon_ptwrtbjet_0.5_0.5:bmuon_ptwrtbjet_3._3.:bmuon_ptwrtbjet log10_1._P_bmuon_reliso__1.2_1.2:log10_1._P_bmuon_reliso_ bjet_ChargedHadronEnergyFraction_0.1_0.1:bjet_ChargedHadronEnergyFraction_0.9_0.9:bjet_ChargedHadronEnergyFraction bjet_ChargedMultiplicity_20_20:bjet_ChargedMultiplicity bjet_MuonEnergyFraction_0.2_0.2:bjet_MuonEnergyFraction_0.5_0.5:bjet_MuonEnergyFraction bjet_NeutralEmEnergyFraction_0.15_0.15:bjet_NeutralEmEnergyFraction_0.5_0.5:bjet_NeutralEmEnergyFraction bjet_NeutralHadronEnergyFraction_0.15_0.15:bjet_NeutralHadronEnergyFraction_0.4_0.4:bjet_NeutralHadronEnergyFraction bjet_NeutralMultiplicity_25_25:bjet_NeutralMultiplicity bjet_charge_T_bmuon_charge__M_0.4__M_0.4:bjet_charge_T_bmuon_charge fabs_bjet_charge_
                         :                                                                                  bmuon_dR_l_j_0.05_0.05:bmuon_dR_l_j:                              +1.000                            +0.167                                                     +0.061                                  -0.318                                            -0.403                                                        +0.505                                                    +0.252                                                                                                             +0.182                                                  +0.050                                                                                  -0.397                                                                                                   +0.085                                                                                                               +0.068                                                  +0.022                                                              -0.209            -0.189
                         :                                                                                    bmuon_nsip3d_10._10.:bmuon_nsip3d:                              +0.167                            +1.000                                                     -0.110                                  -0.061                                            -0.227                                                        +0.063                                                    +0.157                                                                                                             +0.066                                                  +0.022                                                                                  -0.225                                                                                                   +0.113                                                                                                               +0.065                                                  +0.092                                                              -0.135            -0.118
                         :                                                           bmuon_P_jetrest_1._1:bmuon_P_jetrest_3._3.:bmuon_P_jetrest:                              +0.061                            -0.110                                                     +1.000                                  +0.238                                            +0.566                                                        +0.705                                                    -0.509                                                                                                             -0.318                                                  +0.047                                                                                  +0.545                                                                                                   -0.203                                                                                                               -0.112                                                  +0.024                                                              +0.332            +0.331
                         :                                                                              bmuon_palongjet_10._10.:bmuon_palongjet:                              -0.318                            -0.061                                                     +0.238                                  +1.000                                            +0.397                                                        +0.118                                                    -0.411                                                                                                             -0.185                                                  -0.120                                                                                  +0.311                                                                                                   -0.151                                                                                                               -0.022                                                  -0.078                                                              +0.189            +0.166
                         :                                                                    bmuon_palongjetratio_0.4_0.4:bmuon_palongjetratio:                              -0.403                            -0.227                                                     +0.566                                  +0.397                                            +1.000                                                        +0.200                                                    -0.855                                                                                                             -0.464                                                  -0.338                                                                                  +0.898                                                                                                   -0.310                                                                                                               -0.163                                                  -0.268                                                              +0.521            +0.476
                         :                                                        bmuon_ptwrtbjet_0.5_0.5:bmuon_ptwrtbjet_3._3.:bmuon_ptwrtbjet:                              +0.505                            +0.063                                                     +0.705                                  +0.118                                            +0.200                                                        +1.000                                                    -0.228                                                                                                             -0.109                                                  +0.022                                                                                  +0.133                                                                                                   -0.081                                                                                                               -0.039                                                  -0.003                                                              +0.111            +0.102
                         :                                                            log10_1._P_bmuon_reliso__1.2_1.2:log10_1._P_bmuon_reliso_:                              +0.252                            +0.157                                                     -0.509                                  -0.411                                            -0.855                                                        -0.228                                                    +1.000                                                                                                             +0.453                                                  +0.342                                                                                  -0.749                                                                                                   +0.353                                                                                                               +0.150                                                  +0.317                                                              -0.439            -0.408
                         :   bjet_ChargedHadronEnergyFraction_0.1_0.1:bjet_ChargedHadronEnergyFraction_0.9_0.9:bjet_ChargedHadronEnergyFraction:                              +0.182                            +0.066                                                     -0.318                                  -0.185                                            -0.464                                                        -0.109                                                    +0.453                                                                                                             +1.000                                                  +0.399                                                                                  -0.531                                                                                                   -0.254                                                                                                               -0.228                                                  -0.074                                                              -0.325            -0.352
                         :                                                              bjet_ChargedMultiplicity_20_20:bjet_ChargedMultiplicity:                              +0.050                            +0.022                                                     +0.047                                  -0.120                                            -0.338                                                        +0.022                                                    +0.342                                                                                                             +0.399                                                  +1.000                                                                                  -0.294                                                                                                   -0.010                                                                                                               -0.132                                                  +0.274                                                              -0.234            -0.279
                         :                              bjet_MuonEnergyFraction_0.2_0.2:bjet_MuonEnergyFraction_0.5_0.5:bjet_MuonEnergyFraction:                              -0.397                            -0.225                                                     +0.545                                  +0.311                                            +0.898                                                        +0.133                                                    -0.749                                                                                                             -0.531                                                  -0.294                                                                                  +1.000                                                                                                   -0.320                                                                                                               -0.163                                                  -0.257                                                              +0.505            +0.496
                         :             bjet_NeutralEmEnergyFraction_0.15_0.15:bjet_NeutralEmEnergyFraction_0.5_0.5:bjet_NeutralEmEnergyFraction:                              +0.085                            +0.113                                                     -0.203                                  -0.151                                            -0.310                                                        -0.081                                                    +0.353                                                                                                             -0.254                                                  -0.010                                                                                  -0.320                                                                                                   +1.000                                                                                                               -0.087                                                  +0.383                                                              -0.086            -0.084
                         : bjet_NeutralHadronEnergyFraction_0.15_0.15:bjet_NeutralHadronEnergyFraction_0.4_0.4:bjet_NeutralHadronEnergyFraction:                              +0.068                            +0.065                                                     -0.112                                  -0.022                                            -0.163                                                        -0.039                                                    +0.150                                                                                                             -0.228                                                  -0.132                                                                                  -0.163                                                                                                   -0.087                                                                                                               +1.000                                                  +0.064                                                              -0.044            -0.045
                         :                                                              bjet_NeutralMultiplicity_25_25:bjet_NeutralMultiplicity:                              +0.022                            +0.092                                                     +0.024                                  -0.078                                            -0.268                                                        -0.003                                                    +0.317                                                                                                             -0.074                                                  +0.274                                                                                  -0.257                                                                                                   +0.383                                                                                                               +0.064                                                  +1.000                                                              -0.134            -0.129
                         :                                                  bjet_charge_T_bmuon_charge__M_0.4__M_0.4:bjet_charge_T_bmuon_charge:                              -0.209                            -0.135                                                     +0.332                                  +0.189                                            +0.521                                                        +0.111                                                    -0.439                                                                                                             -0.325                                                  -0.234                                                                                  +0.505                                                                                                   -0.086                                                                                                               -0.044                                                  -0.134                                                              +1.000            +0.808
                         :                                                                                                    fabs_bjet_charge_:                              -0.189                            -0.118                                                     +0.331                                  +0.166                                            +0.476                                                        +0.102                                                    -0.408                                                                                                             -0.352                                                  -0.279                                                                                  +0.496                                                                                                   -0.084                                                                                                               -0.045                                                  -0.129                                                              +0.808            +1.000
                         : -----------------------------------------------------------------------------------------------------------------------------------------------------------------------------------------------------------------------------------------------------------------------------------------------------------------------------------------------------------------------------------------------------------------------------------------------------------------------------------------------------------------------------------------------------------------------------------------------------------------------------------------------------------------------------------------------------------------------------------------------------------------------------------------------------------------------------------------------------------------------------------------------------------------------------------------------------------------------------------------------------------------------------------------------------------------------------------------------------------------------
DataSetInfo              : Correlation matrix (Background):
                         : -----------------------------------------------------------------------------------------------------------------------------------------------------------------------------------------------------------------------------------------------------------------------------------------------------------------------------------------------------------------------------------------------------------------------------------------------------------------------------------------------------------------------------------------------------------------------------------------------------------------------------------------------------------------------------------------------------------------------------------------------------------------------------------------------------------------------------------------------------------------------------------------------------------------------------------------------------------------------------------------------------------------------------------------------------------------------------------------------------------------------
                         :                                                                                                                       bmuon_dR_l_j_0.05_0.05:bmuon_dR_l_j bmuon_nsip3d_10._10.:bmuon_nsip3d bmuon_P_jetrest_1._1:bmuon_P_jetrest_3._3.:bmuon_P_jetrest bmuon_palongjet_10._10.:bmuon_palongjet bmuon_palongjetratio_0.4_0.4:bmuon_palongjetratio bmuon_ptwrtbjet_0.5_0.5:bmuon_ptwrtbjet_3._3.:bmuon_ptwrtbjet log10_1._P_bmuon_reliso__1.2_1.2:log10_1._P_bmuon_reliso_ bjet_ChargedHadronEnergyFraction_0.1_0.1:bjet_ChargedHadronEnergyFraction_0.9_0.9:bjet_ChargedHadronEnergyFraction bjet_ChargedMultiplicity_20_20:bjet_ChargedMultiplicity bjet_MuonEnergyFraction_0.2_0.2:bjet_MuonEnergyFraction_0.5_0.5:bjet_MuonEnergyFraction bjet_NeutralEmEnergyFraction_0.15_0.15:bjet_NeutralEmEnergyFraction_0.5_0.5:bjet_NeutralEmEnergyFraction bjet_NeutralHadronEnergyFraction_0.15_0.15:bjet_NeutralHadronEnergyFraction_0.4_0.4:bjet_NeutralHadronEnergyFraction bjet_NeutralMultiplicity_25_25:bjet_NeutralMultiplicity bjet_charge_T_bmuon_charge__M_0.4__M_0.4:bjet_charge_T_bmuon_charge fabs_bjet_charge_
                         :                                                                                  bmuon_dR_l_j_0.05_0.05:bmuon_dR_l_j:                              +1.000                            +0.133                                                     +0.239                                  -0.211                                            -0.211                                                        +0.629                                                    +0.081                                                                                                             +0.061                                                  -0.015                                                                                  -0.223                                                                                                   -0.016                                                                                                               +0.063                                                  -0.013                                                              -0.046            -0.041
                         :                                                                                    bmuon_nsip3d_10._10.:bmuon_nsip3d:                              +0.133                            +1.000                                                     +0.043                                  +0.007                                            -0.014                                                        +0.151                                                    -0.037                                                                                                             -0.094                                                  -0.049                                                                                  -0.010                                                                                                   +0.026                                                                                                               +0.049                                                  -0.006                                                              +0.040            +0.028
                         :                                                           bmuon_P_jetrest_1._1:bmuon_P_jetrest_3._3.:bmuon_P_jetrest:                              +0.239                            +0.043                                                     +1.000                                  +0.212                                            +0.548                                                        +0.746                                                    -0.441                                                                                                             -0.234                                                  +0.020                                                                                  +0.546                                                                                                   -0.137                                                                                                               -0.052                                                  +0.019                                                              +0.386            +0.287
                         :                                                                              bmuon_palongjet_10._10.:bmuon_palongjet:                              -0.211                            +0.007                                                     +0.212                                  +1.000                                            +0.352                                                        +0.136                                                    -0.351                                                                                                             -0.091                                                  -0.071                                                                                  +0.248                                                                                                   -0.102                                                                                                               +0.019                                                  -0.050                                                              +0.203            +0.060
                         :                                                                    bmuon_palongjetratio_0.4_0.4:bmuon_palongjetratio:                              -0.211                            -0.014                                                     +0.548                                  +0.352                                            +1.000                                                        +0.264                                                    -0.841                                                                                                             -0.355                                                  -0.328                                                                                  +0.848                                                                                                   -0.217                                                                                                               -0.080                                                  -0.246                                                              +0.528            +0.299
                         :                                                        bmuon_ptwrtbjet_0.5_0.5:bmuon_ptwrtbjet_3._3.:bmuon_ptwrtbjet:                              +0.629                            +0.151                                                     +0.746                                  +0.136                                            +0.264                                                        +1.000                                                    -0.258                                                                                                             -0.116                                                  -0.010                                                                                  +0.201                                                                                                   -0.084                                                                                                               -0.006                                                  -0.011                                                              +0.226            +0.142
                         :                                                            log10_1._P_bmuon_reliso__1.2_1.2:log10_1._P_bmuon_reliso_:                              +0.081                            -0.037                                                     -0.441                                  -0.351                                            -0.841                                                        -0.258                                                    +1.000                                                                                                             +0.355                                                  +0.344                                                                                  -0.655                                                                                                   +0.272                                                                                                               +0.076                                                  +0.301                                                              -0.439            -0.217
                         :   bjet_ChargedHadronEnergyFraction_0.1_0.1:bjet_ChargedHadronEnergyFraction_0.9_0.9:bjet_ChargedHadronEnergyFraction:                              +0.061                            -0.094                                                     -0.234                                  -0.091                                            -0.355                                                        -0.116                                                    +0.355                                                                                                             +1.000                                                  +0.427                                                                                  -0.410                                                                                                   -0.377                                                                                                               -0.289                                                  -0.113                                                              -0.374            -0.261
                         :                                                              bjet_ChargedMultiplicity_20_20:bjet_ChargedMultiplicity:                              -0.015                            -0.049                                                     +0.020                                  -0.071                                            -0.328                                                        -0.010                                                    +0.344                                                                                                             +0.427                                                  +1.000                                                                                  -0.250                                                                                                   -0.092                                                                                                               -0.162                                                  +0.232                                                              -0.132            -0.222
                         :                              bjet_MuonEnergyFraction_0.2_0.2:bjet_MuonEnergyFraction_0.5_0.5:bjet_MuonEnergyFraction:                              -0.223                            -0.010                                                     +0.546                                  +0.248                                            +0.848                                                        +0.201                                                    -0.655                                                                                                             -0.410                                                  -0.250                                                                                  +1.000                                                                                                   -0.199                                                                                                               -0.101                                                  -0.188                                                              +0.500            +0.378
                         :             bjet_NeutralEmEnergyFraction_0.15_0.15:bjet_NeutralEmEnergyFraction_0.5_0.5:bjet_NeutralEmEnergyFraction:                              -0.016                            +0.026                                                     -0.137                                  -0.102                                            -0.217                                                        -0.084                                                    +0.272                                                                                                             -0.377                                                  -0.092                                                                                  -0.199                                                                                                   +1.000                                                                                                               -0.132                                                  +0.321                                                              +0.019            -0.015
                         : bjet_NeutralHadronEnergyFraction_0.15_0.15:bjet_NeutralHadronEnergyFraction_0.4_0.4:bjet_NeutralHadronEnergyFraction:                              +0.063                            +0.049                                                     -0.052                                  +0.019                                            -0.080                                                        -0.006                                                    +0.076                                                                                                             -0.289                                                  -0.162                                                                                  -0.101                                                                                                   -0.132                                                                                                               +1.000                                                  +0.044                                                              +0.041            +0.015
                         :                                                              bjet_NeutralMultiplicity_25_25:bjet_NeutralMultiplicity:                              -0.013                            -0.006                                                     +0.019                                  -0.050                                            -0.246                                                        -0.011                                                    +0.301                                                                                                             -0.113                                                  +0.232                                                                                  -0.188                                                                                                   +0.321                                                                                                               +0.044                                                  +1.000                                                              -0.051            -0.104
                         :                                                  bjet_charge_T_bmuon_charge__M_0.4__M_0.4:bjet_charge_T_bmuon_charge:                              -0.046                            +0.040                                                     +0.386                                  +0.203                                            +0.528                                                        +0.226                                                    -0.439                                                                                                             -0.374                                                  -0.132                                                                                  +0.500                                                                                                   +0.019                                                                                                               +0.041                                                  -0.051                                                              +1.000            +0.434
                         :                                                                                                    fabs_bjet_charge_:                              -0.041                            +0.028                                                     +0.287                                  +0.060                                            +0.299                                                        +0.142                                                    -0.217                                                                                                             -0.261                                                  -0.222                                                                                  +0.378                                                                                                   -0.015                                                                                                               +0.015                                                  -0.104                                                              +0.434            +1.000
                         : -----------------------------------------------------------------------------------------------------------------------------------------------------------------------------------------------------------------------------------------------------------------------------------------------------------------------------------------------------------------------------------------------------------------------------------------------------------------------------------------------------------------------------------------------------------------------------------------------------------------------------------------------------------------------------------------------------------------------------------------------------------------------------------------------------------------------------------------------------------------------------------------------------------------------------------------------------------------------------------------------------------------------------------------------------------------------------------------------------------------------
DataSetFactory           : [BDT_2016preVFP] :  
                         : 
Factory                  : [1mTrain all methods[0m
Factory                  : [BDT_2016preVFP] : Create Transformation "I" with events from all classes.
                         : 
                         : Transformation, Variable selection : 
                         : Input : variable 'bmuon_dR_l_j<0.05?0.05:bmuon_dR_l_j' <---> Output : variable 'bmuon_dR_l_j<0.05?0.05:bmuon_dR_l_j'
                         : Input : variable 'bmuon_nsip3d>10.?10.:bmuon_nsip3d' <---> Output : variable 'bmuon_nsip3d>10.?10.:bmuon_nsip3d'
                         : Input : variable 'bmuon_P_jetrest<1.?1:bmuon_P_jetrest>3.?3.:bmuon_P_jetrest' <---> Output : variable 'bmuon_P_jetrest<1.?1:bmuon_P_jetrest>3.?3.:bmuon_P_jetrest'
                         : Input : variable 'bmuon_palongjet>10.?10.:bmuon_palongjet' <---> Output : variable 'bmuon_palongjet>10.?10.:bmuon_palongjet'
                         : Input : variable 'bmuon_palongjetratio>0.4?0.4:bmuon_palongjetratio' <---> Output : variable 'bmuon_palongjetratio>0.4?0.4:bmuon_palongjetratio'
                         : Input : variable 'bmuon_ptwrtbjet<0.5?0.5:bmuon_ptwrtbjet>3.?3.:bmuon_ptwrtbjet' <---> Output : variable 'bmuon_ptwrtbjet<0.5?0.5:bmuon_ptwrtbjet>3.?3.:bmuon_ptwrtbjet'
                         : Input : variable 'log10(1.+bmuon_reliso)>1.2?1.2:log10(1.+bmuon_reliso)' <---> Output : variable 'log10(1.+bmuon_reliso)>1.2?1.2:log10(1.+bmuon_reliso)'
                         : Input : variable 'bjet_ChargedHadronEnergyFraction<0.1?0.1:bjet_ChargedHadronEnergyFraction>0.9?0.9:bjet_ChargedHadronEnergyFraction' <---> Output : variable 'bjet_ChargedHadronEnergyFraction<0.1?0.1:bjet_ChargedHadronEnergyFraction>0.9?0.9:bjet_ChargedHadronEnergyFraction'
                         : Input : variable 'bjet_ChargedMultiplicity>20?20:bjet_ChargedMultiplicity' <---> Output : variable 'bjet_ChargedMultiplicity>20?20:bjet_ChargedMultiplicity'
                         : Input : variable 'bjet_MuonEnergyFraction<0.2?0.2:bjet_MuonEnergyFraction>0.5?0.5:bjet_MuonEnergyFraction' <---> Output : variable 'bjet_MuonEnergyFraction<0.2?0.2:bjet_MuonEnergyFraction>0.5?0.5:bjet_MuonEnergyFraction'
                         : Input : variable 'bjet_NeutralEmEnergyFraction<0.15?0.15:bjet_NeutralEmEnergyFraction>0.5?0.5:bjet_NeutralEmEnergyFraction' <---> Output : variable 'bjet_NeutralEmEnergyFraction<0.15?0.15:bjet_NeutralEmEnergyFraction>0.5?0.5:bjet_NeutralEmEnergyFraction'
                         : Input : variable 'bjet_NeutralHadronEnergyFraction<0.15?0.15:bjet_NeutralHadronEnergyFraction>0.4?0.4:bjet_NeutralHadronEnergyFraction' <---> Output : variable 'bjet_NeutralHadronEnergyFraction<0.15?0.15:bjet_NeutralHadronEnergyFraction>0.4?0.4:bjet_NeutralHadronEnergyFraction'
                         : Input : variable 'bjet_NeutralMultiplicity>25?25:bjet_NeutralMultiplicity' <---> Output : variable 'bjet_NeutralMultiplicity>25?25:bjet_NeutralMultiplicity'
                         : Input : variable 'bjet_charge*bmuon_charge<-0.4?-0.4:bjet_charge*bmuon_charge' <---> Output : variable 'bjet_charge*bmuon_charge<-0.4?-0.4:bjet_charge*bmuon_charge'
                         : Input : variable 'fabs(bjet_charge)' <---> Output : variable 'fabs(bjet_charge)'
TFHandler_Factory        :                                                                                                             Variable                                                                                                                    Mean                                                                                                                    RMS                                                                                                            [        Min                                                                                                                    Max ]
                         : -----------------------------------------------------------------------------------------------------------------------------------------------------------------------------------------------------------------------------------------------------------------------------------------------------------------------------------------------------------------------------------------------------------------------------------------------------------------------------------------------------------------------------------------------------------------------------------------------------------------------
                         :                                                                                  bmuon_dR_l_j<0.05?0.05:bmuon_dR_l_j:                                                                                                              0.090823                                                                                                              0.053651   [                                                                                                              0.050000                                                                                                               0.39978 ]
                         :                                                                                    bmuon_nsip3d>10.?10.:bmuon_nsip3d:                                                                                                                6.3000                                                                                                                3.6366   [                                                                                                             0.0039722                                                                                                                10.000 ]
                         :                                                           bmuon_P_jetrest<1.?1:bmuon_P_jetrest>3.?3.:bmuon_P_jetrest:                                                                                                                1.4133                                                                                                               0.53291   [                                                                                                                1.0000                                                                                                                3.0000 ]
                         :                                                                              bmuon_palongjet>10.?10.:bmuon_palongjet:                                                                                                                9.5389                                                                                                                1.1116   [                                                                                                                4.8946                                                                                                                10.000 ]
                         :                                                                    bmuon_palongjetratio>0.4?0.4:bmuon_palongjetratio:                                                                                                               0.22211                                                                                                               0.11259   [                                                                                                              0.012670                                                                                                               0.40000 ]
                         :                                                        bmuon_ptwrtbjet<0.5?0.5:bmuon_ptwrtbjet>3.?3.:bmuon_ptwrtbjet:                                                                                                               0.97703                                                                                                               0.52935   [                                                                                                               0.50000                                                                                                                3.0000 ]
                         :                                                                log10(1.+bmuon_reliso)>1.2?1.2:log10(1.+bmuon_reliso):                                                                                                               0.54985                                                                                                               0.28233   [                                                                                                                0.0000                                                                                                                1.2000 ]
                         :   bjet_ChargedHadronEnergyFraction<0.1?0.1:bjet_ChargedHadronEnergyFraction>0.9?0.9:bjet_ChargedHadronEnergyFraction:                                                                                                               0.43614                                                                                                               0.19188   [                                                                                                               0.10000                                                                                                               0.90000 ]
                         :                                                              bjet_ChargedMultiplicity>20?20:bjet_ChargedMultiplicity:                                                                                                                9.4347                                                                                                                3.4402   [                                                                                                                1.0000                                                                                                                20.000 ]
                         :                              bjet_MuonEnergyFraction<0.2?0.2:bjet_MuonEnergyFraction>0.5?0.5:bjet_MuonEnergyFraction:                                                                                                               0.27659                                                                                                               0.10620   [                                                                                                               0.20000                                                                                                               0.50000 ]
                         :             bjet_NeutralEmEnergyFraction<0.15?0.15:bjet_NeutralEmEnergyFraction>0.5?0.5:bjet_NeutralEmEnergyFraction:                                                                                                               0.23279                                                                                                               0.10512   [                                                                                                               0.15000                                                                                                               0.50000 ]
                         : bjet_NeutralHadronEnergyFraction<0.15?0.15:bjet_NeutralHadronEnergyFraction>0.4?0.4:bjet_NeutralHadronEnergyFraction:                                                                                                               0.16982                                                                                                              0.053103   [                                                                                                               0.15000                                                                                                               0.40000 ]
                         :                                                              bjet_NeutralMultiplicity>25?25:bjet_NeutralMultiplicity:                                                                                                                9.3701                                                                                                                4.6820   [                                                                                                                0.0000                                                                                                                25.000 ]
                         :                                                          bjet_charge*bmuon_charge<-0.4?-0.4:bjet_charge*bmuon_charge:                                                                                                               0.21182                                                                                                               0.33062   [                                                                                                              -0.40000                                                                                                                1.0000 ]
                         :                                                                                                    fabs(bjet_charge):                                                                                                               0.33085                                                                                                               0.22567   [                                                                                                            4.2525e-05                                                                                                                1.0000 ]
                         : -----------------------------------------------------------------------------------------------------------------------------------------------------------------------------------------------------------------------------------------------------------------------------------------------------------------------------------------------------------------------------------------------------------------------------------------------------------------------------------------------------------------------------------------------------------------------------------------------------------------------
                         : Ranking input variables (method unspecific)...
IdTransformation         : Ranking result (top variable is best ranked)
                         : ---------------------------------------------------------------------------------------------------------------------------------------------
                         : Rank : Variable                                                                                                             : Separation
                         : ---------------------------------------------------------------------------------------------------------------------------------------------
                         :    1 : bjet_charge*bmuon_charge<-0.4?-0.4:bjet_charge*bmuon_charge                                                          : 1.283e-01
                         :    2 : bmuon_P_jetrest<1.?1:bmuon_P_jetrest>3.?3.:bmuon_P_jetrest                                                           : 9.832e-02
                         :    3 : bmuon_palongjetratio>0.4?0.4:bmuon_palongjetratio                                                                    : 7.665e-02
                         :    4 : bjet_MuonEnergyFraction<0.2?0.2:bjet_MuonEnergyFraction>0.5?0.5:bjet_MuonEnergyFraction                              : 7.619e-02
                         :    5 : bmuon_ptwrtbjet<0.5?0.5:bmuon_ptwrtbjet>3.?3.:bmuon_ptwrtbjet                                                        : 7.606e-02
                         :    6 : fabs(bjet_charge)                                                                                                    : 5.985e-02
                         :    7 : log10(1.+bmuon_reliso)>1.2?1.2:log10(1.+bmuon_reliso)                                                                : 5.835e-02
                         :    8 : bjet_ChargedHadronEnergyFraction<0.1?0.1:bjet_ChargedHadronEnergyFraction>0.9?0.9:bjet_ChargedHadronEnergyFraction   : 1.672e-02
                         :    9 : bmuon_palongjet>10.?10.:bmuon_palongjet                                                                              : 1.387e-02
                         :   10 : bmuon_dR_l_j<0.05?0.05:bmuon_dR_l_j                                                                                  : 9.732e-03
                         :   11 : bjet_NeutralEmEnergyFraction<0.15?0.15:bjet_NeutralEmEnergyFraction>0.5?0.5:bjet_NeutralEmEnergyFraction             : 9.129e-03
                         :   12 : bmuon_nsip3d>10.?10.:bmuon_nsip3d                                                                                    : 8.988e-03
                         :   13 : bjet_ChargedMultiplicity>20?20:bjet_ChargedMultiplicity                                                              : 7.811e-03
                         :   14 : bjet_NeutralMultiplicity>25?25:bjet_NeutralMultiplicity                                                              : 6.960e-03
                         :   15 : bjet_NeutralHadronEnergyFraction<0.15?0.15:bjet_NeutralHadronEnergyFraction>0.4?0.4:bjet_NeutralHadronEnergyFraction : 3.369e-03
                         : ---------------------------------------------------------------------------------------------------------------------------------------------
Factory                  : Train method: BDT for Classification
                         : 
                         : Preparing the Gaussian transformation...
TFHandler_BDT            :                                                                                                             Variable                                                                                                                    Mean                                                                                                                    RMS                                                                                                            [        Min                                                                                                                    Max ]
                         : -----------------------------------------------------------------------------------------------------------------------------------------------------------------------------------------------------------------------------------------------------------------------------------------------------------------------------------------------------------------------------------------------------------------------------------------------------------------------------------------------------------------------------------------------------------------------------------------------------------------------
                         :                                                                                  bmuon_dR_l_j<0.05?0.05:bmuon_dR_l_j:                                                                                                              -0.98499                                                                                                                1.6052   [                                                                                                               -2.9269                                                                                                                5.7307 ]
                         :                                                                                    bmuon_nsip3d>10.?10.:bmuon_nsip3d:                                                                                                                2.1589                                                                                                                2.8836   [                                                                                                               -3.1650                                                                                                                5.7307 ]
                         :                                                           bmuon_P_jetrest<1.?1:bmuon_P_jetrest>3.?3.:bmuon_P_jetrest:                                                                                                               -1.0914                                                                                                                2.0643   [                                                                                                               -3.1609                                                                                                                5.7307 ]
                         :                                                                              bmuon_palongjet>10.?10.:bmuon_palongjet:                                                                                                                4.3438                                                                                                                2.2039   [                                                                                                               -2.8584                                                                                                                5.4200 ]
                         :                                                                    bmuon_palongjetratio>0.4?0.4:bmuon_palongjetratio:                                                                                                               0.88917                                                                                                                2.2636   [                                                                                                               -3.3535                                                                                                                5.7307 ]
                         :                                                        bmuon_ptwrtbjet<0.5?0.5:bmuon_ptwrtbjet>3.?3.:bmuon_ptwrtbjet:                                                                                                              -0.80600                                                                                                                1.8007   [                                                                                                               -3.3004                                                                                                                5.7307 ]
                         :                                                                log10(1.+bmuon_reliso)>1.2?1.2:log10(1.+bmuon_reliso):                                                                                                              0.078839                                                                                                                1.2655   [                                                                                                               -3.3127                                                                                                                5.7307 ]
                         :   bjet_ChargedHadronEnergyFraction<0.1?0.1:bjet_ChargedHadronEnergyFraction>0.9?0.9:bjet_ChargedHadronEnergyFraction:                                                                                                             -0.068625                                                                                                                1.2488   [                                                                                                               -3.1554                                                                                                                5.7307 ]
                         :                                                              bjet_ChargedMultiplicity>20?20:bjet_ChargedMultiplicity:                                                                                                              0.067419                                                                                                                1.1597   [                                                                                                               -5.3328                                                                                                                5.7307 ]
                         :                              bjet_MuonEnergyFraction<0.2?0.2:bjet_MuonEnergyFraction>0.5?0.5:bjet_MuonEnergyFraction:                                                                                                              -0.85759                                                                                                                2.5952   [                                                                                                               -2.8103                                                                                                                5.7307 ]
                         :             bjet_NeutralEmEnergyFraction<0.15?0.15:bjet_NeutralEmEnergyFraction>0.5?0.5:bjet_NeutralEmEnergyFraction:                                                                                                              -0.98096                                                                                                                2.0842   [                                                                                                               -2.9630                                                                                                                5.4200 ]
                         : bjet_NeutralHadronEnergyFraction<0.15?0.15:bjet_NeutralHadronEnergyFraction>0.4?0.4:bjet_NeutralHadronEnergyFraction:                                                                                                               -1.9338                                                                                                                1.5407   [                                                                                                               -2.5733                                                                                                                5.7307 ]
                         :                                                              bjet_NeutralMultiplicity>25?25:bjet_NeutralMultiplicity:                                                                                                              0.043204                                                                                                                1.1134   [                                                                                                               -5.0419                                                                                                                5.7307 ]
                         :                                                          bjet_charge*bmuon_charge<-0.4?-0.4:bjet_charge*bmuon_charge:                                                                                                              -0.14637                                                                                                                1.2178   [                                                                                                               -3.5243                                                                                                                5.7307 ]
                         :                                                                                                    fabs(bjet_charge):                                                                                                             0.0077827                                                                                                                1.0081   [                                                                                                               -3.3410                                                                                                                5.7307 ]
                         : -----------------------------------------------------------------------------------------------------------------------------------------------------------------------------------------------------------------------------------------------------------------------------------------------------------------------------------------------------------------------------------------------------------------------------------------------------------------------------------------------------------------------------------------------------------------------------------------------------------------------
                         : Events with weight == 0 are going to be simply ignored 
BDT                      : #events: (reweighted) sig: 11745 bkg: 11745
                         : #events: (unweighted) sig: 15641 bkg: 7849
                         : Training 500 Decision Trees ... patience please
                         : Elapsed time for training with 34131 events: 14.9 sec         
BDT                      : [BDT_2016preVFP] : Evaluation of BDT on training sample (34131 events)
                         : Elapsed time for evaluation of 34131 events: 4.82 sec       
                         : Creating xml weight file: [0;36mBDT_2016preVFP/weights/BDT_2016preVFP_BDT.weights.xml[0m
                         : Creating standalone class: [0;36mBDT_2016preVFP/weights/BDT_2016preVFP_BDT.class.C[0m
                         : BDT_2016preVFP.root:/BDT_2016preVFP/Method_BDT/BDT
Factory                  : Training finished
                         : 
                         : Ranking input variables (method specific)...
BDT                      : Ranking result (top variable is best ranked)
                         : ------------------------------------------------------------------------------------------------------------------------------------------------------
                         : Rank : Variable                                                                                                             : Variable Importance
                         : ------------------------------------------------------------------------------------------------------------------------------------------------------
                         :    1 : bjet_charge*bmuon_charge<-0.4?-0.4:bjet_charge*bmuon_charge                                                          : 1.941e-01
                         :    2 : bmuon_P_jetrest<1.?1:bmuon_P_jetrest>3.?3.:bmuon_P_jetrest                                                           : 1.160e-01
                         :    3 : bmuon_ptwrtbjet<0.5?0.5:bmuon_ptwrtbjet>3.?3.:bmuon_ptwrtbjet                                                        : 9.053e-02
                         :    4 : bjet_MuonEnergyFraction<0.2?0.2:bjet_MuonEnergyFraction>0.5?0.5:bjet_MuonEnergyFraction                              : 6.715e-02
                         :    5 : bmuon_nsip3d>10.?10.:bmuon_nsip3d                                                                                    : 6.420e-02
                         :    6 : bjet_ChargedHadronEnergyFraction<0.1?0.1:bjet_ChargedHadronEnergyFraction>0.9?0.9:bjet_ChargedHadronEnergyFraction   : 6.207e-02
                         :    7 : bmuon_dR_l_j<0.05?0.05:bmuon_dR_l_j                                                                                  : 5.646e-02
                         :    8 : fabs(bjet_charge)                                                                                                    : 5.241e-02
                         :    9 : bmuon_palongjetratio>0.4?0.4:bmuon_palongjetratio                                                                    : 4.930e-02
                         :   10 : log10(1.+bmuon_reliso)>1.2?1.2:log10(1.+bmuon_reliso)                                                                : 4.765e-02
                         :   11 : bjet_NeutralMultiplicity>25?25:bjet_NeutralMultiplicity                                                              : 4.576e-02
                         :   12 : bjet_NeutralEmEnergyFraction<0.15?0.15:bjet_NeutralEmEnergyFraction>0.5?0.5:bjet_NeutralEmEnergyFraction             : 4.412e-02
                         :   13 : bjet_ChargedMultiplicity>20?20:bjet_ChargedMultiplicity                                                              : 4.392e-02
                         :   14 : bjet_NeutralHadronEnergyFraction<0.15?0.15:bjet_NeutralHadronEnergyFraction>0.4?0.4:bjet_NeutralHadronEnergyFraction : 4.040e-02
                         :   15 : bmuon_palongjet>10.?10.:bmuon_palongjet                                                                              : 2.601e-02
                         : ------------------------------------------------------------------------------------------------------------------------------------------------------
Factory                  : === Destroy and recreate all methods via weight files for testing ===
                         : 
                         : Reading weight file: [0;36mBDT_2016preVFP/weights/BDT_2016preVFP_BDT.weights.xml[0m
Factory                  : [1mTest all methods[0m
Factory                  : Test method: BDT for Classification performance
                         : 
BDT                      : [BDT_2016preVFP] : Evaluation of BDT on testing sample (47311 events)
                         : Elapsed time for evaluation of 47311 events: 5 sec       
Factory                  : [1mEvaluate all methods[0m
Factory                  : Evaluate classifier: BDT
                         : 
TFHandler_BDT            :                                                                                                             Variable                                                                                                                    Mean                                                                                                                    RMS                                                                                                            [        Min                                                                                                                    Max ]
                         : -----------------------------------------------------------------------------------------------------------------------------------------------------------------------------------------------------------------------------------------------------------------------------------------------------------------------------------------------------------------------------------------------------------------------------------------------------------------------------------------------------------------------------------------------------------------------------------------------------------------------
                         :                                                                                  bmuon_dR_l_j<0.05?0.05:bmuon_dR_l_j:                                                                                                              -0.98085                                                                                                                1.6164   [                                                                                                               -2.9269                                                                                                                5.7307 ]
                         :                                                                                    bmuon_nsip3d>10.?10.:bmuon_nsip3d:                                                                                                                2.1460                                                                                                                2.8919   [                                                                                                               -3.1240                                                                                                                5.7307 ]
                         :                                                           bmuon_P_jetrest<1.?1:bmuon_P_jetrest>3.?3.:bmuon_P_jetrest:                                                                                                              -0.85911                                                                                                                2.1582   [                                                                                                               -3.1609                                                                                                                5.7307 ]
                         :                                                                              bmuon_palongjet>10.?10.:bmuon_palongjet:                                                                                                                4.4352                                                                                                                2.1338   [                                                                                                               -3.5485                                                                                                                5.4200 ]
                         :                                                                    bmuon_palongjetratio>0.4?0.4:bmuon_palongjetratio:                                                                                                                1.0091                                                                                                                2.3462   [                                                                                                               -5.7307                                                                                                                5.7307 ]
                         :                                                        bmuon_ptwrtbjet<0.5?0.5:bmuon_ptwrtbjet>3.?3.:bmuon_ptwrtbjet:                                                                                                              -0.65157                                                                                                                1.8289   [                                                                                                               -3.3004                                                                                                                5.7307 ]
                         :                                                                log10(1.+bmuon_reliso)>1.2?1.2:log10(1.+bmuon_reliso):                                                                                                              0.060162                                                                                                                1.3197   [                                                                                                               -3.3127                                                                                                                5.7307 ]
                         :   bjet_ChargedHadronEnergyFraction<0.1?0.1:bjet_ChargedHadronEnergyFraction>0.9?0.9:bjet_ChargedHadronEnergyFraction:                                                                                                              -0.10993                                                                                                                1.2538   [                                                                                                               -3.1554                                                                                                                5.7307 ]
                         :                                                              bjet_ChargedMultiplicity>20?20:bjet_ChargedMultiplicity:                                                                                                              0.076617                                                                                                                1.2012   [                                                                                                               -5.3328                                                                                                                5.7307 ]
                         :                              bjet_MuonEnergyFraction<0.2?0.2:bjet_MuonEnergyFraction>0.5?0.5:bjet_MuonEnergyFraction:                                                                                                              -0.69581                                                                                                                2.6859   [                                                                                                               -2.8103                                                                                                                5.7307 ]
                         :             bjet_NeutralEmEnergyFraction<0.15?0.15:bjet_NeutralEmEnergyFraction>0.5?0.5:bjet_NeutralEmEnergyFraction:                                                                                                               -1.0171                                                                                                                2.0632   [                                                                                                               -2.9630                                                                                                                5.4200 ]
                         : bjet_NeutralHadronEnergyFraction<0.15?0.15:bjet_NeutralHadronEnergyFraction>0.4?0.4:bjet_NeutralHadronEnergyFraction:                                                                                                               -1.9357                                                                                                                1.5360   [                                                                                                               -2.5733                                                                                                                5.7307 ]
                         :                                                              bjet_NeutralMultiplicity>25?25:bjet_NeutralMultiplicity:                                                                                                              0.062493                                                                                                                1.1454   [                                                                                                               -5.0419                                                                                                                5.7307 ]
                         :                                                          bjet_charge*bmuon_charge<-0.4?-0.4:bjet_charge*bmuon_charge:                                                                                                             -0.046539                                                                                                                1.2058   [                                                                                                               -3.5243                                                                                                                5.7307 ]
                         :                                                                                                    fabs(bjet_charge):                                                                                                              0.072028                                                                                                                1.0182   [                                                                                                               -3.3434                                                                                                                5.7307 ]
                         : -----------------------------------------------------------------------------------------------------------------------------------------------------------------------------------------------------------------------------------------------------------------------------------------------------------------------------------------------------------------------------------------------------------------------------------------------------------------------------------------------------------------------------------------------------------------------------------------------------------------------
BDT                      : [BDT_2016preVFP] : Loop over test events and fill histograms with classifier response...
                         : 
TFHandler_BDT            :                                                                                                             Variable                                                                                                                    Mean                                                                                                                    RMS                                                                                                            [        Min                                                                                                                    Max ]
                         : -----------------------------------------------------------------------------------------------------------------------------------------------------------------------------------------------------------------------------------------------------------------------------------------------------------------------------------------------------------------------------------------------------------------------------------------------------------------------------------------------------------------------------------------------------------------------------------------------------------------------
                         :                                                                                  bmuon_dR_l_j<0.05?0.05:bmuon_dR_l_j:                                                                                                              -0.98085                                                                                                                1.6164   [                                                                                                               -2.9269                                                                                                                5.7307 ]
                         :                                                                                    bmuon_nsip3d>10.?10.:bmuon_nsip3d:                                                                                                                2.1460                                                                                                                2.8919   [                                                                                                               -3.1240                                                                                                                5.7307 ]
                         :                                                           bmuon_P_jetrest<1.?1:bmuon_P_jetrest>3.?3.:bmuon_P_jetrest:                                                                                                              -0.85911                                                                                                                2.1582   [                                                                                                               -3.1609                                                                                                                5.7307 ]
                         :                                                                              bmuon_palongjet>10.?10.:bmuon_palongjet:                                                                                                                4.4352                                                                                                                2.1338   [                                                                                                               -3.5485                                                                                                                5.4200 ]
                         :                                                                    bmuon_palongjetratio>0.4?0.4:bmuon_palongjetratio:                                                                                                                1.0091                                                                                                                2.3462   [                                                                                                               -5.7307                                                                                                                5.7307 ]
                         :                                                        bmuon_ptwrtbjet<0.5?0.5:bmuon_ptwrtbjet>3.?3.:bmuon_ptwrtbjet:                                                                                                              -0.65157                                                                                                                1.8289   [                                                                                                               -3.3004                                                                                                                5.7307 ]
                         :                                                                log10(1.+bmuon_reliso)>1.2?1.2:log10(1.+bmuon_reliso):                                                                                                              0.060162                                                                                                                1.3197   [                                                                                                               -3.3127                                                                                                                5.7307 ]
                         :   bjet_ChargedHadronEnergyFraction<0.1?0.1:bjet_ChargedHadronEnergyFraction>0.9?0.9:bjet_ChargedHadronEnergyFraction:                                                                                                              -0.10993                                                                                                                1.2538   [                                                                                                               -3.1554                                                                                                                5.7307 ]
                         :                                                              bjet_ChargedMultiplicity>20?20:bjet_ChargedMultiplicity:                                                                                                              0.076617                                                                                                                1.2012   [                                                                                                               -5.3328                                                                                                                5.7307 ]
                         :                              bjet_MuonEnergyFraction<0.2?0.2:bjet_MuonEnergyFraction>0.5?0.5:bjet_MuonEnergyFraction:                                                                                                              -0.69581                                                                                                                2.6859   [                                                                                                               -2.8103                                                                                                                5.7307 ]
                         :             bjet_NeutralEmEnergyFraction<0.15?0.15:bjet_NeutralEmEnergyFraction>0.5?0.5:bjet_NeutralEmEnergyFraction:                                                                                                               -1.0171                                                                                                                2.0632   [                                                                                                               -2.9630                                                                                                                5.4200 ]
                         : bjet_NeutralHadronEnergyFraction<0.15?0.15:bjet_NeutralHadronEnergyFraction>0.4?0.4:bjet_NeutralHadronEnergyFraction:                                                                                                               -1.9357                                                                                                                1.5360   [                                                                                                               -2.5733                                                                                                                5.7307 ]
                         :                                                              bjet_NeutralMultiplicity>25?25:bjet_NeutralMultiplicity:                                                                                                              0.062493                                                                                                                1.1454   [                                                                                                               -5.0419                                                                                                                5.7307 ]
                         :                                                          bjet_charge*bmuon_charge<-0.4?-0.4:bjet_charge*bmuon_charge:                                                                                                             -0.046539                                                                                                                1.2058   [                                                                                                               -3.5243                                                                                                                5.7307 ]
                         :                                                                                                    fabs(bjet_charge):                                                                                                              0.072028                                                                                                                1.0182   [                                                                                                               -3.3434                                                                                                                5.7307 ]
                         : -----------------------------------------------------------------------------------------------------------------------------------------------------------------------------------------------------------------------------------------------------------------------------------------------------------------------------------------------------------------------------------------------------------------------------------------------------------------------------------------------------------------------------------------------------------------------------------------------------------------------
                         : 
                         : Evaluation results ranked by best signal efficiency and purity (area)
                         : -------------------------------------------------------------------------------------------------------------------
                         : DataSet       MVA                       
                         : Name:         Method:          ROC-integ
                         : BDT_2016preVFP BDT            : 0.752
                         : -------------------------------------------------------------------------------------------------------------------
                         : 
                         : Testing efficiency compared to training efficiency (overtraining check)
                         : -------------------------------------------------------------------------------------------------------------------
                         : DataSet              MVA              Signal efficiency: from test sample (from training sample) 
                         : Name:                Method:          @B=0.01             @B=0.10            @B=0.30   
                         : -------------------------------------------------------------------------------------------------------------------
                         : BDT_2016preVFP       BDT            : 0.082 (0.101)       0.382 (0.389)      0.676 (0.693)
                         : -------------------------------------------------------------------------------------------------------------------
                         : 
Dataset:BDT_2016preVFP   : Created tree 'TestTree' with 47311 events
                         : 
Dataset:BDT_2016preVFP   : Created tree 'TrainTree' with 34131 events
                         : 
Factory                  : [1mThank you for using TMVA![0m
                         : [1mFor citation information, please visit: http://tmva.sf.net/citeTMVA.html[0m
['bmuon_dR_l_j < 0.05 ? 0.05 : bmuon_dR_l_j', 'bmuon_nsip3d > 10. ? 10. : bmuon_nsip3d', 'bmuon_P_jetrest < 1. ? 1 : bmuon_P_jetrest > 3. ? 3. : bmuon_P_jetrest', 'bmuon_palongjet > 10. ? 10. : bmuon_palongjet', 'bmuon_palongjetratio > 0.4 ? 0.4 : bmuon_palongjetratio', 'bmuon_ptwrtbjet < 0.5 ? 0.5 : bmuon_ptwrtbjet > 3. ? 3. : bmuon_ptwrtbjet', 'log10(1.+bmuon_reliso) > 1.2 ? 1.2 : log10(1.+bmuon_reliso)', 'bjet_ChargedHadronEnergyFraction < 0.1 ? 0.1 : bjet_ChargedHadronEnergyFraction > 0.9 ? 0.9 : bjet_ChargedHadronEnergyFraction', 'bjet_ChargedMultiplicity > 20 ? 20 : bjet_ChargedMultiplicity', 'bjet_MuonEnergyFraction < 0.2 ? 0.2 : bjet_MuonEnergyFraction > 0.5 ? 0.5 : bjet_MuonEnergyFraction', 'bjet_NeutralEmEnergyFraction < 0.15 ? 0.15 : bjet_NeutralEmEnergyFraction > 0.5 ? 0.5 : bjet_NeutralEmEnergyFraction', 'bjet_NeutralHadronEnergyFraction < 0.15 ? 0.15 : bjet_NeutralHadronEnergyFraction > 0.4 ? 0.4 : bjet_NeutralHadronEnergyFraction', 'bjet_NeutralMultiplicity > 25 ? 25 : bjet_NeutralMultiplicity', 'bjet_charge*bmuon_charge < -0.4 ? -0.4 : bjet_charge*bmuon_charge', 'fabs(bjet_charge)'] ['belectron_dR_l_j < 0.13 ? 0.13 : belectron_dR_l_j', 'belectron_P_jetrest < 0.8 ? 0.8 : belectron_P_jetrest > 1.5 ? 1.5 : belectron_P_jetrest', 'belectron_palongjet > 15.? 15. : belectron_palongjet', 'belectron_palongjetratio > 0.15 ? 0.15 : belectron_palongjetratio', 'belectron_ptwrtbjet < 0.8 ? 0.8 : belectron_ptwrtbjet > 1.2 ? 1.2 : belectron_ptwrtbjet', 'bjet_ChargedEmEnergyFraction > 0.2 ? 0.2 : bjet_ChargedEmEnergyFraction', 'bjet_ChargedHadronEnergyFraction < 0.3 ? 0.3 : bjet_ChargedHadronEnergyFraction > 0.7 ? 0.7 : bjet_ChargedHadronEnergyFraction', 'bjet_NeutralEmEnergyFraction < 0.2 ? 0.2 : bjet_NeutralEmEnergyFraction > 0.6 ? 0.6 : bjet_NeutralEmEnergyFraction', 'bjet_charge*belectron_charge < -0.4 ? -0.4 : bjet_charge*belectron_charge > 0.2 ? 0.2 : bjet_charge*belectron_charge', 'fabs(bjet_charge)'] ['bjet_ChargedHadronEnergyFraction < 0.15 ? 0.15 : bjet_ChargedHadronEnergyFraction', 'bjet_ChargedMultiplicity > 30 ? 30 : bjet_ChargedMultiplicity', 'bjet_NeutralEmEnergyFraction < 0.1 ? 0.1 : bjet_NeutralEmEnergyFraction > 0.7 ? 0.7 : bjet_NeutralEmEnergyFraction', 'bjet_NeutralHadronEnergyFraction < 0.1 ? 0.1 : bjet_NeutralHadronEnergyFraction > 0.4 ? 0.4 : bjet_NeutralHadronEnergyFraction', 'bjet_NeutralMultiplicity > 30 ? 30 : bjet_NeutralMultiplicity', 'fabs(bjet_charge)']
(bmuon_charge*bjet_partonFlavour < 0)&&Has_bMuon (bmuon_charge*bjet_partonFlavour > 0)&&Has_bMuon (belectron_charge*bjet_partonFlavour < 0)&&(Has_bElectron) (belectron_charge*bjet_partonFlavour > 0)&&(Has_bElectron) (bjet_charge*bjet_partonFlavour < 0)&&(!Has_bElectron)&&(!Has_bMuon) (bjet_charge*bjet_partonFlavour > 0)&&(!Has_bElectron)&&(!Has_bMuon)
sigcut= (bmuon_charge*bjet_partonFlavour < 0)&&Has_bMuon
bkgcut= (bmuon_charge*bjet_partonFlavour > 0)&&Has_bMuon
<sig cut>= (bmuon_charge*bjet_partonFlavour < 0)&&Has_bMuon
<bkg cut>= (bmuon_charge*bjet_partonFlavour > 0)&&Has_bMuon
---sig_test---
<self.testtree_sig> OutTree/sig
/data9/Users/jhchoi/Generate_BDT_Model/TMVA_TOOL/inputs/EEMu_MuMuE_Method/v2608.2/2016preVFP/EEMu_MuMuE_Method_DYJetsToEE_MiNNLO.root
/data9/Users/jhchoi/Generate_BDT_Model/TMVA_TOOL/inputs/EEMu_MuMuE_Method/v2608.2/2016preVFP/EEMu_MuMuE_Method_DYJetsToMuMu_MiNNLO.root
--bkg_test---
<self.testtree_bkg> OutTree/bkg
/data9/Users/jhchoi/Generate_BDT_Model/TMVA_TOOL/inputs/EEMu_MuMuE_Method/v2608.2/2016preVFP/EEMu_MuMuE_Method_DYJetsToEE_MiNNLO.root
/data9/Users/jhchoi/Generate_BDT_Model/TMVA_TOOL/inputs/EEMu_MuMuE_Method/v2608.2/2016preVFP/EEMu_MuMuE_Method_DYJetsToMuMu_MiNNLO.root
---sig_train---
<self.traintree_sig> OutTree/sig
/data9/Users/jhchoi/Generate_BDT_Model/TMVA_TOOL/inputs/EEMu_MuMuE_Method/v2608.2/2016preVFP/EEMu_MuMuE_Method_DYJets.root
---bkg_train---
<self.traintree_bkg> OutTree/bkg
/data9/Users/jhchoi/Generate_BDT_Model/TMVA_TOOL/inputs/EEMu_MuMuE_Method/v2608.2/2016preVFP/EEMu_MuMuE_Method_DYJets.root
>>>>self.dataloader.PrepareTrainingAndTestTree
Set sig cut -> (bmuon_charge*bjet_partonFlavour < 0)&&Has_bMuon
Set bkg cut -> (bmuon_charge*bjet_partonFlavour > 0)&&Has_bMuon
----AUC and Efficiency----
auc= 0.7524418403481035
BDT_2016preVFP BDT
B = 0.005 : 0.0480 (0.0830)
B = 0.010 : 0.0820 (0.1010)
B = 0.015 : 0.1120 (0.1370)
B = 0.020 : 0.1420 (0.1720)
B = 0.025 : 0.1700 (0.1940)
B = 0.030 : 0.1940 (0.2180)
B = 0.035 : 0.2150 (0.2310)
B = 0.040 : 0.2340 (0.2410)
B = 0.045 : 0.2500 (0.2540)
B = 0.050 : 0.2620 (0.2760)
B = 0.100 : 0.3820 (0.3890)
B = 0.200 : 0.5530 (0.5810)
B = 0.300 : 0.6760 (0.6930)
B = 0.400 : 0.7640 (0.7730)
B = 0.500 : 0.8310 (0.8360)
B = 0.600 : 0.8840 (0.8850)
END of RUNNING...run_single
myerr=0
[ntry=1]
