<sig cut>= (bmuon_charge*bjet_partonFlavour < 0)&&Has_bMuon
<bkg cut>= (bmuon_charge*bjet_partonFlavour > 0)&&Has_bMuon
Model: "sequential"
_________________________________________________________________
 Layer (type)                Output Shape              Param #   
=================================================================
 dense (Dense)               (None, 200)               2800      
                                                                 
 batch_normalization (BatchN  (None, 200)              800       
 ormalization)                                                   
                                                                 
 activation (Activation)     (None, 200)               0         
                                                                 
 dropout (Dropout)           (None, 200)               0         
                                                                 
 dense_1 (Dense)             (None, 200)               40200     
                                                                 
 batch_normalization_1 (Batc  (None, 200)              800       
 hNormalization)                                                 
                                                                 
 activation_1 (Activation)   (None, 200)               0         
                                                                 
 dropout_1 (Dropout)         (None, 200)               0         
                                                                 
 dense_2 (Dense)             (None, 200)               40200     
                                                                 
 batch_normalization_2 (Batc  (None, 200)              800       
 hNormalization)                                                 
                                                                 
 activation_2 (Activation)   (None, 200)               0         
                                                                 
 dropout_2 (Dropout)         (None, 200)               0         
                                                                 
 dense_3 (Dense)             (None, 200)               40200     
                                                                 
 batch_normalization_3 (Batc  (None, 200)              800       
 hNormalization)                                                 
                                                                 
 activation_3 (Activation)   (None, 200)               0         
                                                                 
 dropout_3 (Dropout)         (None, 200)               0         
                                                                 
 dense_4 (Dense)             (None, 200)               40200     
                                                                 
 batch_normalization_4 (Batc  (None, 200)              800       
 hNormalization)                                                 
                                                                 
 activation_4 (Activation)   (None, 200)               0         
                                                                 
 dropout_4 (Dropout)         (None, 200)               0         
                                                                 
 dense_5 (Dense)             (None, 2)                 402       
                                                                 
 activation_5 (Activation)   (None, 2)                 0         
                                                                 
=================================================================
Total params: 168,002
Trainable params: 166,002
Non-trainable params: 2,000
_________________________________________________________________
DataSetInfo              : [muon2016postVFP__5__200__1200__0.5] : Added class "Signal"
                         : Add Tree OutTree/sig of type Signal with 378754 events
                         : Add Tree OutTree/sig of type Signal with 434766 events
DataSetInfo              : [muon2016postVFP__5__200__1200__0.5] : Added class "Background"
                         : Add Tree OutTree/bkg of type Background with 274025 events
                         : Add Tree OutTree/bkg of type Background with 310784 events
Factory                  : Booking method: [1mDNN[0m
                         : 
DNN                      : [muon2016postVFP__5__200__1200__0.5] : Create Transformation "G" with events from all classes.
                         : 
                         : Transformation, Variable selection : 
                         : Input : variable 'bmuon_nsip3d' <---> Output : variable 'bmuon_nsip3d'
                         : Input : variable 'bmuon_reliso' <---> Output : variable 'bmuon_reliso'
                         : Input : variable 'bmuon_ptwrtbjet' <---> Output : variable 'bmuon_ptwrtbjet'
                         : Input : variable 'bmuon_P_jetrest' <---> Output : variable 'bmuon_P_jetrest'
                         : Input : variable 'bjet_charge*bmuon_charge' <---> Output : variable 'bjet_charge*bmuon_charge'
                         : Input : variable 'bjet_ChargedHadronEnergyFraction' <---> Output : variable 'bjet_ChargedHadronEnergyFraction'
                         : Input : variable 'bjet_NeutralHadronEnergyFraction' <---> Output : variable 'bjet_NeutralHadronEnergyFraction'
                         : Input : variable 'bjet_NeutralEmEnergyFraction' <---> Output : variable 'bjet_NeutralEmEnergyFraction'
                         : Input : variable 'bjet_ChargedEmEnergyFraction' <---> Output : variable 'bjet_ChargedEmEnergyFraction'
                         : Input : variable 'bjet_MuonEnergyFraction' <---> Output : variable 'bjet_MuonEnergyFraction'
                         : Input : variable 'bjet_ChargedMultiplicity' <---> Output : variable 'bjet_ChargedMultiplicity'
                         : Input : variable 'bjet_NeutralMultiplicity' <---> Output : variable 'bjet_NeutralMultiplicity'
                         : Input : variable 'fabs(bjet_charge)' <---> Output : variable 'fabs(bjet_charge)'
                         : Setting up tf.keras
                         : Using TensorFlow version 2
                         : Use Keras version from TensorFlow : tf.keras
                         :  Loading Keras Model 
                         : Loaded model from file: model.h5
Factory                  : [1mTrain all methods[0m
                         : Rebuilding Dataset muon2016postVFP__5__200__1200__0.5
                         : Building event vectors for type 1 Signal
                         : Dataset[muon2016postVFP__5__200__1200__0.5] :  create input formulas for tree sig
                         : Dataset[muon2016postVFP__5__200__1200__0.5] :  create input formulas for tree sig
                         : Dataset[muon2016postVFP__5__200__1200__0.5] :  create input formulas for tree sig
                         : Building event vectors for type 0 Signal
                         : Dataset[muon2016postVFP__5__200__1200__0.5] :  create input formulas for tree sig
                         : Dataset[muon2016postVFP__5__200__1200__0.5] :  create input formulas for tree sig
                         : Building event vectors for type 1 Background
                         : Dataset[muon2016postVFP__5__200__1200__0.5] :  create input formulas for tree bkg
                         : Dataset[muon2016postVFP__5__200__1200__0.5] :  create input formulas for tree bkg
                         : Dataset[muon2016postVFP__5__200__1200__0.5] :  create input formulas for tree bkg
                         : Building event vectors for type 0 Background
                         : Dataset[muon2016postVFP__5__200__1200__0.5] :  create input formulas for tree bkg
                         : Dataset[muon2016postVFP__5__200__1200__0.5] :  create input formulas for tree bkg
DataSetFactory           : [muon2016postVFP__5__200__1200__0.5] : Number of events in input trees
                         : Dataset[muon2016postVFP__5__200__1200__0.5] :     Signal     requirement: "(bmuon_charge*bjet_partonFlavour < 0)&&Has_bMuon"
                         : Dataset[muon2016postVFP__5__200__1200__0.5] :     Signal          -- number of events passed: 43309  / sum of weights: 23895.4
                         : Dataset[muon2016postVFP__5__200__1200__0.5] :     Signal          -- efficiency             : 0.0484717
                         : Dataset[muon2016postVFP__5__200__1200__0.5] :     Background requirement: "(bmuon_charge*bjet_partonFlavour > 0)&&Has_bMuon"
                         : Dataset[muon2016postVFP__5__200__1200__0.5] :     Background      -- number of events passed: 21646  / sum of weights: 11990
                         : Dataset[muon2016postVFP__5__200__1200__0.5] :     Background      -- efficiency             : 0.0335129
                         : Dataset[muon2016postVFP__5__200__1200__0.5] :  you have opted for interpreting the requested number of training/testing events
                         :  to be the number of events AFTER your preselection cuts
                         : 
                         : Dataset[muon2016postVFP__5__200__1200__0.5] :  you have opted for interpreting the requested number of training/testing events
                         :  to be the number of events AFTER your preselection cuts
                         : 
                         : Dataset[muon2016postVFP__5__200__1200__0.5] : Weight renormalisation mode: "EqualNumEvents": renormalises all event classes ...
                         : Dataset[muon2016postVFP__5__200__1200__0.5] :  such that the effective (weighted) number of events in each class is the same 
                         : Dataset[muon2016postVFP__5__200__1200__0.5] :  (and equals the number of events (entries) given for class=0 )
                         : Dataset[muon2016postVFP__5__200__1200__0.5] : ... i.e. such that Sum[i=1..N_j]{w_i} = N_classA, j=classA, classB, ...
                         : Dataset[muon2016postVFP__5__200__1200__0.5] : ... (note that N_j is the sum of TRAINING events
                         : Dataset[muon2016postVFP__5__200__1200__0.5] :  ..... Testing events are not renormalised nor included in the renormalisation factor!)
                         : Number of training and testing events
                         : ---------------------------------------------------------------------------
                         : Signal     -- training events            : 17692
                         : Signal     -- testing events             : 25617
                         : Signal     -- training and testing events: 43309
                         : Dataset[muon2016postVFP__5__200__1200__0.5] : Signal     -- due to the preselection a scaling factor has been applied to the numbers of requested events: 0.0532366
                         : Background -- training events            : 8726
                         : Background -- testing events             : 12920
                         : Background -- training and testing events: 21646
                         : Dataset[muon2016postVFP__5__200__1200__0.5] : Background -- due to the preselection a scaling factor has been applied to the numbers of requested events: 0.0370138
                         : 
DataSetInfo              : Correlation matrix (Signal):
                         : ----------------------------------------------------------------------------------------------------------------------------------------------------------------------------------------------------------------------------------------------------------------------------------------------------------------------------------------------
                         :                                   bmuon_nsip3d bmuon_reliso bmuon_ptwrtbjet bmuon_P_jetrest bjet_charge_T_bmuon_charge bjet_ChargedHadronEnergyFraction bjet_NeutralHadronEnergyFraction bjet_NeutralEmEnergyFraction bjet_ChargedEmEnergyFraction bjet_MuonEnergyFraction bjet_ChargedMultiplicity bjet_NeutralMultiplicity fabs_bjet_charge_
                         :                     bmuon_nsip3d:       +1.000       -0.002          +0.035          +0.002                     -0.020                           +0.007                           +0.017                       +0.034                       +0.007                  -0.044                   -0.004                   +0.041            -0.016
                         :                     bmuon_reliso:       -0.002       +1.000          -0.165          -0.116                     -0.362                           +0.355                           +0.125                       +0.274                       -0.066                  -0.598                   +0.279                   +0.278            -0.302
                         :                  bmuon_ptwrtbjet:       +0.035       -0.165          +1.000          +0.477                     +0.092                           -0.062                           -0.011                       -0.055                       +0.074                  +0.072                   +0.042                   +0.015            +0.074
                         :                  bmuon_P_jetrest:       +0.002       -0.116          +0.477          +1.000                     +0.098                           -0.058                           -0.031                       -0.055                       +0.003                  +0.115                   +0.023                   +0.009            +0.093
                         :       bjet_charge_T_bmuon_charge:       -0.020       -0.362          +0.092          +0.098                     +1.000                           -0.368                           -0.063                       -0.087                       -0.088                  +0.522                   -0.211                   -0.114            +0.801
                         : bjet_ChargedHadronEnergyFraction:       +0.007       +0.355          -0.062          -0.058                     -0.368                           +1.000                           -0.243                       -0.268                       -0.259                  -0.574                   +0.407                   -0.085            -0.391
                         : bjet_NeutralHadronEnergyFraction:       +0.017       +0.125          -0.011          -0.031                     -0.063                           -0.243                           +1.000                       -0.101                       +0.003                  -0.207                   -0.125                   +0.146            -0.053
                         :     bjet_NeutralEmEnergyFraction:       +0.034       +0.274          -0.055          -0.055                     -0.087                           -0.268                           -0.101                       +1.000                       -0.159                  -0.317                   -0.034                   +0.437            -0.087
                         :     bjet_ChargedEmEnergyFraction:       +0.007       -0.066          +0.074          +0.003                     -0.088                           -0.259                           +0.003                       -0.159                       +1.000                  -0.133                   -0.030                   -0.083            -0.023
                         :          bjet_MuonEnergyFraction:       -0.044       -0.598          +0.072          +0.115                     +0.522                           -0.574                           -0.207                       -0.317                       -0.133                  +1.000                   -0.313                   -0.266            +0.506
                         :         bjet_ChargedMultiplicity:       -0.004       +0.279          +0.042          +0.023                     -0.211                           +0.407                           -0.125                       -0.034                       -0.030                  -0.313                   +1.000                   +0.252            -0.261
                         :         bjet_NeutralMultiplicity:       +0.041       +0.278          +0.015          +0.009                     -0.114                           -0.085                           +0.146                       +0.437                       -0.083                  -0.266                   +0.252                   +1.000            -0.111
                         :                fabs_bjet_charge_:       -0.016       -0.302          +0.074          +0.093                     +0.801                           -0.391                           -0.053                       -0.087                       -0.023                  +0.506                   -0.261                   -0.111            +1.000
                         : ----------------------------------------------------------------------------------------------------------------------------------------------------------------------------------------------------------------------------------------------------------------------------------------------------------------------------------------------
DataSetInfo              : Correlation matrix (Background):
                         : ----------------------------------------------------------------------------------------------------------------------------------------------------------------------------------------------------------------------------------------------------------------------------------------------------------------------------------------------
                         :                                   bmuon_nsip3d bmuon_reliso bmuon_ptwrtbjet bmuon_P_jetrest bjet_charge_T_bmuon_charge bjet_ChargedHadronEnergyFraction bjet_NeutralHadronEnergyFraction bjet_NeutralEmEnergyFraction bjet_ChargedEmEnergyFraction bjet_MuonEnergyFraction bjet_ChargedMultiplicity bjet_NeutralMultiplicity fabs_bjet_charge_
                         :                     bmuon_nsip3d:       +1.000       -0.006          +0.068          +0.076                     +0.022                           -0.025                           +0.009                       +0.034                       -0.011                  +0.003                   -0.016                   +0.027            +0.017
                         :                     bmuon_reliso:       -0.006       +1.000          -0.209          -0.276                     -0.337                           +0.284                           +0.087                       +0.250                       -0.140                  -0.552                   +0.305                   +0.286            -0.102
                         :                  bmuon_ptwrtbjet:       +0.068       -0.209          +1.000          +0.827                     +0.185                           -0.102                           -0.030                       -0.077                       +0.047                  +0.189                   +0.033                   +0.006            +0.102
                         :                  bmuon_P_jetrest:       +0.076       -0.276          +0.827          +1.000                     +0.285                           -0.158                           -0.063                       -0.099                       -0.008                  +0.344                   +0.057                   +0.027            +0.189
                         :       bjet_charge_T_bmuon_charge:       +0.022       -0.337          +0.185          +0.285                     +1.000                           -0.307                           +0.013                       +0.016                       -0.136                  +0.477                   -0.090                   -0.042            +0.396
                         : bjet_ChargedHadronEnergyFraction:       -0.025       +0.284          -0.102          -0.158                     -0.307                           +1.000                           -0.330                       -0.347                       -0.359                  -0.480                   +0.399                   -0.107            -0.260
                         : bjet_NeutralHadronEnergyFraction:       +0.009       +0.087          -0.030          -0.063                     +0.013                           -0.330                           +1.000                       -0.104                       -0.025                  -0.144                   -0.158                   +0.138            +0.010
                         :     bjet_NeutralEmEnergyFraction:       +0.034       +0.250          -0.077          -0.099                     +0.016                           -0.347                           -0.104                       +1.000                       -0.211                  -0.238                   -0.046                   +0.408            -0.041
                         :     bjet_ChargedEmEnergyFraction:       -0.011       -0.140          +0.047          -0.008                     -0.136                           -0.359                           -0.025                       -0.211                       +1.000                  -0.081                   -0.089                   -0.118            +0.058
                         :          bjet_MuonEnergyFraction:       +0.003       -0.552          +0.189          +0.344                     +0.477                           -0.480                           -0.144                       -0.238                       -0.081                  +1.000                   -0.300                   -0.242            +0.324
                         :         bjet_ChargedMultiplicity:       -0.016       +0.305          +0.033          +0.057                     -0.090                           +0.399                           -0.158                       -0.046                       -0.089                  -0.300                   +1.000                   +0.254            -0.200
                         :         bjet_NeutralMultiplicity:       +0.027       +0.286          +0.006          +0.027                     -0.042                           -0.107                           +0.138                       +0.408                       -0.118                  -0.242                   +0.254                   +1.000            -0.052
                         :                fabs_bjet_charge_:       +0.017       -0.102          +0.102          +0.189                     +0.396                           -0.260                           +0.010                       -0.041                       +0.058                  +0.324                   -0.200                   -0.052            +1.000
                         : ----------------------------------------------------------------------------------------------------------------------------------------------------------------------------------------------------------------------------------------------------------------------------------------------------------------------------------------------
DataSetFactory           : [muon2016postVFP__5__200__1200__0.5] :  
                         : 
Factory                  : [muon2016postVFP__5__200__1200__0.5] : Create Transformation "I" with events from all classes.
                         : 
                         : Transformation, Variable selection : 
                         : Input : variable 'bmuon_nsip3d' <---> Output : variable 'bmuon_nsip3d'
                         : Input : variable 'bmuon_reliso' <---> Output : variable 'bmuon_reliso'
                         : Input : variable 'bmuon_ptwrtbjet' <---> Output : variable 'bmuon_ptwrtbjet'
                         : Input : variable 'bmuon_P_jetrest' <---> Output : variable 'bmuon_P_jetrest'
                         : Input : variable 'bjet_charge*bmuon_charge' <---> Output : variable 'bjet_charge*bmuon_charge'
                         : Input : variable 'bjet_ChargedHadronEnergyFraction' <---> Output : variable 'bjet_ChargedHadronEnergyFraction'
                         : Input : variable 'bjet_NeutralHadronEnergyFraction' <---> Output : variable 'bjet_NeutralHadronEnergyFraction'
                         : Input : variable 'bjet_NeutralEmEnergyFraction' <---> Output : variable 'bjet_NeutralEmEnergyFraction'
                         : Input : variable 'bjet_ChargedEmEnergyFraction' <---> Output : variable 'bjet_ChargedEmEnergyFraction'
                         : Input : variable 'bjet_MuonEnergyFraction' <---> Output : variable 'bjet_MuonEnergyFraction'
                         : Input : variable 'bjet_ChargedMultiplicity' <---> Output : variable 'bjet_ChargedMultiplicity'
                         : Input : variable 'bjet_NeutralMultiplicity' <---> Output : variable 'bjet_NeutralMultiplicity'
                         : Input : variable 'fabs(bjet_charge)' <---> Output : variable 'fabs(bjet_charge)'
TFHandler_Factory        :                         Variable                                Mean                                RMS                        [        Min                                Max ]
                         : -----------------------------------------------------------------------------------------------------------------------------------------------------------------------------------
                         :                     bmuon_nsip3d:                            17.979                            77.761   [                         0.0014549                            3469.9 ]
                         :                     bmuon_reliso:                            3.3932                            3.6333   [                            0.0000                            64.752 ]
                         :                  bmuon_ptwrtbjet:                           0.95280                           0.76938   [                         0.0066350                            48.035 ]
                         :                  bmuon_P_jetrest:                            1.3614                            2.1840   [                           0.12360                            302.45 ]
                         :         bjet_charge*bmuon_charge:                           0.20615                           0.33312   [                          -0.98958                            1.0000 ]
                         : bjet_ChargedHadronEnergyFraction:                           0.44790                           0.19105   [                            0.0000                            1.0000 ]
                         : bjet_NeutralHadronEnergyFraction:                          0.081191                          0.098913   [                            0.0000                           0.77320 ]
                         :     bjet_NeutralEmEnergyFraction:                           0.19440                           0.13450   [                            0.0000                           0.89660 ]
                         :     bjet_ChargedEmEnergyFraction:                          0.033338                           0.10322   [                            0.0000                           0.91448 ]
                         :          bjet_MuonEnergyFraction:                           0.24317                           0.17162   [                            0.0000                           0.94796 ]
                         :         bjet_ChargedMultiplicity:                            10.183                            3.7397   [                            1.0000                            38.000 ]
                         :         bjet_NeutralMultiplicity:                            8.9687                            4.6452   [                            0.0000                            38.000 ]
                         :                fabs(bjet_charge):                           0.32290                           0.22181   [                        3.5924e-05                            1.0000 ]
                         : -----------------------------------------------------------------------------------------------------------------------------------------------------------------------------------
                         : Ranking input variables (method unspecific)...
IdTransformation         : Ranking result (top variable is best ranked)
                         : ---------------------------------------------------------
                         : Rank : Variable                         : Separation
                         : ---------------------------------------------------------
                         :    1 : bjet_charge*bmuon_charge         : 1.410e-01
                         :    2 : bmuon_P_jetrest                  : 1.050e-01
                         :    3 : bjet_MuonEnergyFraction          : 8.538e-02
                         :    4 : bmuon_ptwrtbjet                  : 7.859e-02
                         :    5 : fabs(bjet_charge)                : 6.989e-02
                         :    6 : bmuon_reliso                     : 6.214e-02
                         :    7 : bjet_ChargedHadronEnergyFraction : 1.974e-02
                         :    8 : bjet_ChargedMultiplicity         : 1.138e-02
                         :    9 : bjet_NeutralEmEnergyFraction     : 1.034e-02
                         :   10 : bjet_NeutralMultiplicity         : 9.625e-03
                         :   11 : bjet_ChargedEmEnergyFraction     : 5.496e-03
                         :   12 : bmuon_nsip3d                     : 5.465e-03
                         :   13 : bjet_NeutralHadronEnergyFraction : 4.163e-03
                         : ---------------------------------------------------------
Factory                  : Train method: DNN for Classification
                         : 
                         : 
                         : [1m================================================================[0m
                         : [1mH e l p   f o r   M V A   m e t h o d   [ DNN ] :[0m
                         : 
                         : Keras is a high-level API for the Theano and Tensorflow packages.
                         : This method wraps the training and predictions steps of the Keras
                         : Python package for TMVA, so that dataloading, preprocessing and
                         : evaluation can be done within the TMVA system. To use this Keras
                         : interface, you have to generate a model with Keras first. Then,
                         : this model can be loaded and trained in TMVA.
                         : 
                         : 
                         : <Suppress this message by specifying "!H" in the booking option>
                         : [1m================================================================[0m
                         : 
                         : Preparing the Gaussian transformation...
TFHandler_DNN            :                         Variable                                Mean                                RMS                        [        Min                                Max ]
                         : -----------------------------------------------------------------------------------------------------------------------------------------------------------------------------------
                         :                     bmuon_nsip3d:                        -0.0074732                            1.0288   [                           -5.7307                            5.7307 ]
                         :                     bmuon_reliso:                         -0.016316                            1.0210   [                           -3.2259                            5.7307 ]
                         :                  bmuon_ptwrtbjet:                         0.0037427                           0.99559   [                           -3.2909                            5.7307 ]
                         :                  bmuon_P_jetrest:                         0.0083296                           0.99659   [                           -3.4226                            5.7307 ]
                         :         bjet_charge*bmuon_charge:                         0.0095434                            1.0067   [                           -3.4220                            5.7307 ]
                         : bjet_ChargedHadronEnergyFraction:                        0.00024190                            1.0047   [                           -3.5280                            5.7307 ]
                         : bjet_NeutralHadronEnergyFraction:                          -0.81293                            1.6568   [                           -3.2778                            5.7307 ]
                         :     bjet_NeutralEmEnergyFraction:                         -0.021479                            1.0343   [                           -3.3884                            5.7307 ]
                         :     bjet_ChargedEmEnergyFraction:                           -2.2599                            1.0073   [                           -2.6441                            5.7307 ]
                         :          bjet_MuonEnergyFraction:                          -0.30468                            1.3455   [                           -3.2377                            5.7307 ]
                         :         bjet_ChargedMultiplicity:                         0.0072428                           0.99405   [                           -5.4646                            5.7307 ]
                         :         bjet_NeutralMultiplicity:                        -0.0071973                            1.0147   [                           -5.0105                            5.7307 ]
                         :                fabs(bjet_charge):                         0.0064362                            1.0056   [                           -3.3066                            5.4200 ]
                         : -----------------------------------------------------------------------------------------------------------------------------------------------------------------------------------
TFHandler_DNN            :                         Variable                                Mean                                RMS                        [        Min                                Max ]
                         : -----------------------------------------------------------------------------------------------------------------------------------------------------------------------------------
                         :                     bmuon_nsip3d:                        -0.0074732                            1.0288   [                           -5.7307                            5.7307 ]
                         :                     bmuon_reliso:                         -0.016316                            1.0210   [                           -3.2259                            5.7307 ]
                         :                  bmuon_ptwrtbjet:                         0.0037427                           0.99559   [                           -3.2909                            5.7307 ]
                         :                  bmuon_P_jetrest:                         0.0083296                           0.99659   [                           -3.4226                            5.7307 ]
                         :         bjet_charge*bmuon_charge:                         0.0095434                            1.0067   [                           -3.4220                            5.7307 ]
                         : bjet_ChargedHadronEnergyFraction:                        0.00024190                            1.0047   [                           -3.5280                            5.7307 ]
                         : bjet_NeutralHadronEnergyFraction:                          -0.81293                            1.6568   [                           -3.2778                            5.7307 ]
                         :     bjet_NeutralEmEnergyFraction:                         -0.021479                            1.0343   [                           -3.3884                            5.7307 ]
                         :     bjet_ChargedEmEnergyFraction:                           -2.2599                            1.0073   [                           -2.6441                            5.7307 ]
                         :          bjet_MuonEnergyFraction:                          -0.30468                            1.3455   [                           -3.2377                            5.7307 ]
                         :         bjet_ChargedMultiplicity:                         0.0072428                           0.99405   [                           -5.4646                            5.7307 ]
                         :         bjet_NeutralMultiplicity:                        -0.0071973                            1.0147   [                           -5.0105                            5.7307 ]
                         :                fabs(bjet_charge):                         0.0064362                            1.0056   [                           -3.3066                            5.4200 ]
                         : -----------------------------------------------------------------------------------------------------------------------------------------------------------------------------------
                         : Split TMVA training data in 21135 training events and 5283 validation events
                         : Training Model Summary
---sig_test---
<self.testtree_sig> OutTree/sig
/data9/Users/jhchoi/TMVA/el9/TMVA_TOOL/inputs/EEMu_MuMuE_Method/v2503.2/2016postVFP/EEMu_MuMuE_Method_DYJetsToEE_MiNNLO.root
/data9/Users/jhchoi/TMVA/el9/TMVA_TOOL/inputs/EEMu_MuMuE_Method/v2503.2/2016postVFP/EEMu_MuMuE_Method_DYJetsToMuMu_MiNNLO.root
--bkg_test---
<self.testtree_bkg> OutTree/bkg
/data9/Users/jhchoi/TMVA/el9/TMVA_TOOL/inputs/EEMu_MuMuE_Method/v2503.2/2016postVFP/EEMu_MuMuE_Method_DYJetsToEE_MiNNLO.root
/data9/Users/jhchoi/TMVA/el9/TMVA_TOOL/inputs/EEMu_MuMuE_Method/v2503.2/2016postVFP/EEMu_MuMuE_Method_DYJetsToMuMu_MiNNLO.root
---sig_train---
<self.traintree_sig> OutTree/sig
/data9/Users/jhchoi/TMVA/el9/TMVA_TOOL/inputs/EEMu_MuMuE_Method/v2503.2/2016postVFP/EEMu_MuMuE_Method_DYJets.root
---bkg_train---
<self.traintree_bkg> OutTree/bkg
/data9/Users/jhchoi/TMVA/el9/TMVA_TOOL/inputs/EEMu_MuMuE_Method/v2503.2/2016postVFP/EEMu_MuMuE_Method_DYJets.root
>>>>self.dataloader.PrepareTrainingAndTestTree
Set sig cut -> (bmuon_charge*bjet_partonFlavour < 0)&&Has_bMuon
Set bkg cut -> (bmuon_charge*bjet_partonFlavour > 0)&&Has_bMuon
Model: "sequential"
_________________________________________________________________
 Layer (type)                Output Shape              Param #   
=================================================================
 dense (Dense)               (None, 200)               2800      
                                                                 
 batch_normalization (BatchN  (None, 200)              800       
 ormalization)                                                   
                                                                 
 activation (Activation)     (None, 200)               0         
                                                                 
 dropout (Dropout)           (None, 200)               0         
                                                                 
 dense_1 (Dense)             (None, 200)               40200     
                                                                 
 batch_normalization_1 (Batc  (None, 200)              800       
 hNormalization)                                                 
                                                                 
 activation_1 (Activation)   (None, 200)               0         
                                                                 
 dropout_1 (Dropout)         (None, 200)               0         
                                                                 
 dense_2 (Dense)             (None, 200)               40200     
                                                                 
 batch_normalization_2 (Batc  (None, 200)              800       
 hNormalization)                                                 
                                                                 
 activation_2 (Activation)   (None, 200)               0         
                                                                 
 dropout_2 (Dropout)         (None, 200)               0         
                                                                 
 dense_3 (Dense)             (None, 200)               40200     
                                                                 
 batch_normalization_3 (Batc  (None, 200)              800       
 hNormalization)                                                 
                                                                 
 activation_3 (Activation)   (None, 200)               0         
                                                                 
 dropout_3 (Dropout)         (None, 200)               0         
                                                                 
 dense_4 (Dense)             (None, 200)               40200     
                                                                 
 batch_normalization_4 (Batc  (None, 200)              800       
 hNormalization)                                                 
                                                                 
 activation_4 (Activation)   (None, 200)               0         
                                                                 
 dropout_4 (Dropout)         (None, 200)               0         
                                                                 
 dense_5 (Dense)             (None, 2)                 402       
                                                                 
 activation_5 (Activation)   (None, 2)                 0         
                                                                 
=================================================================
Total params: 168,002
Trainable params: 166,002
Non-trainable params: 2,000
_________________________________________________________________
                         : Option TriesEarlyStopping: Training will stop after 30 number of epochs with no improvement of validation loss
Epoch 1/300
18/18 - 6s - loss: 1.7950 - accuracy: 0.6079 - weighted_accuracy: 0.6160 - val_loss: 2.7185 - val_accuracy: 0.6801 - val_weighted_accuracy: 0.6860 - 6s/epoch - 344ms/step
Epoch 2/300
18/18 - 1s - loss: 1.6716 - accuracy: 0.6594 - weighted_accuracy: 0.6702 - val_loss: 2.4347 - val_accuracy: 0.6864 - val_weighted_accuracy: 0.6969 - 1s/epoch - 57ms/step
Epoch 3/300
18/18 - 1s - loss: 1.6452 - accuracy: 0.6687 - weighted_accuracy: 0.6765 - val_loss: 2.2271 - val_accuracy: 0.6860 - val_weighted_accuracy: 0.6954 - 998ms/epoch - 55ms/step
Epoch 4/300
18/18 - 1s - loss: 1.6521 - accuracy: 0.6716 - weighted_accuracy: 0.6793 - val_loss: 2.0423 - val_accuracy: 0.6841 - val_weighted_accuracy: 0.6983 - 971ms/epoch - 54ms/step
Epoch 5/300
18/18 - 1s - loss: 1.6384 - accuracy: 0.6763 - weighted_accuracy: 0.6836 - val_loss: 1.9878 - val_accuracy: 0.6812 - val_weighted_accuracy: 0.6983 - 983ms/epoch - 55ms/step
Epoch 6/300
18/18 - 1s - loss: 1.6369 - accuracy: 0.6765 - weighted_accuracy: 0.6831 - val_loss: 1.8408 - val_accuracy: 0.6820 - val_weighted_accuracy: 0.6958 - 984ms/epoch - 55ms/step
Epoch 7/300
18/18 - 1s - loss: 1.6344 - accuracy: 0.6791 - weighted_accuracy: 0.6855 - val_loss: 1.8095 - val_accuracy: 0.6748 - val_weighted_accuracy: 0.6952 - 961ms/epoch - 53ms/step
Epoch 8/300
18/18 - 1s - loss: 1.6334 - accuracy: 0.6790 - weighted_accuracy: 0.6847 - val_loss: 1.6918 - val_accuracy: 0.6748 - val_weighted_accuracy: 0.6913 - 962ms/epoch - 53ms/step
Epoch 9/300
18/18 - 1s - loss: 1.6296 - accuracy: 0.6760 - weighted_accuracy: 0.6842 - val_loss: 1.6927 - val_accuracy: 0.6795 - val_weighted_accuracy: 0.6954 - 963ms/epoch - 54ms/step
Epoch 10/300
18/18 - 1s - loss: 1.6241 - accuracy: 0.6804 - weighted_accuracy: 0.6880 - val_loss: 1.6839 - val_accuracy: 0.6767 - val_weighted_accuracy: 0.6936 - 962ms/epoch - 53ms/step
Epoch 11/300
18/18 - 1s - loss: 1.6237 - accuracy: 0.6768 - weighted_accuracy: 0.6817 - val_loss: 1.6497 - val_accuracy: 0.6750 - val_weighted_accuracy: 0.6915 - 976ms/epoch - 54ms/step
Epoch 12/300
18/18 - 1s - loss: 1.6275 - accuracy: 0.6755 - weighted_accuracy: 0.6832 - val_loss: 1.6556 - val_accuracy: 0.6771 - val_weighted_accuracy: 0.6936 - 971ms/epoch - 54ms/step
Epoch 13/300
18/18 - 1s - loss: 1.6226 - accuracy: 0.6788 - weighted_accuracy: 0.6863 - val_loss: 1.6076 - val_accuracy: 0.6828 - val_weighted_accuracy: 0.6967 - 969ms/epoch - 54ms/step
Epoch 14/300
18/18 - 1s - loss: 1.6196 - accuracy: 0.6797 - weighted_accuracy: 0.6843 - val_loss: 1.6102 - val_accuracy: 0.6773 - val_weighted_accuracy: 0.6926 - 956ms/epoch - 53ms/step
Epoch 15/300
18/18 - 1s - loss: 1.6186 - accuracy: 0.6778 - weighted_accuracy: 0.6840 - val_loss: 1.5877 - val_accuracy: 0.6858 - val_weighted_accuracy: 0.6973 - 961ms/epoch - 53ms/step
Epoch 16/300
18/18 - 1s - loss: 1.6122 - accuracy: 0.6778 - weighted_accuracy: 0.6838 - val_loss: 1.6193 - val_accuracy: 0.6778 - val_weighted_accuracy: 0.6930 - 965ms/epoch - 54ms/step
Epoch 17/300
18/18 - 1s - loss: 1.6159 - accuracy: 0.6797 - weighted_accuracy: 0.6867 - val_loss: 1.5841 - val_accuracy: 0.6826 - val_weighted_accuracy: 0.6977 - 958ms/epoch - 53ms/step
Epoch 18/300
18/18 - 1s - loss: 1.6082 - accuracy: 0.6783 - weighted_accuracy: 0.6855 - val_loss: 1.5879 - val_accuracy: 0.6820 - val_weighted_accuracy: 0.6963 - 966ms/epoch - 54ms/step
Epoch 19/300
18/18 - 1s - loss: 1.6056 - accuracy: 0.6805 - weighted_accuracy: 0.6891 - val_loss: 1.5886 - val_accuracy: 0.6811 - val_weighted_accuracy: 0.6973 - 953ms/epoch - 53ms/step
Epoch 20/300
18/18 - 1s - loss: 1.6079 - accuracy: 0.6802 - weighted_accuracy: 0.6864 - val_loss: 1.5757 - val_accuracy: 0.6856 - val_weighted_accuracy: 0.6967 - 971ms/epoch - 54ms/step
Epoch 21/300
18/18 - 1s - loss: 1.6062 - accuracy: 0.6794 - weighted_accuracy: 0.6860 - val_loss: 1.5829 - val_accuracy: 0.6803 - val_weighted_accuracy: 0.6963 - 960ms/epoch - 53ms/step
Epoch 22/300
18/18 - 1s - loss: 1.6005 - accuracy: 0.6790 - weighted_accuracy: 0.6849 - val_loss: 1.5875 - val_accuracy: 0.6820 - val_weighted_accuracy: 0.6950 - 964ms/epoch - 54ms/step
Epoch 23/300
18/18 - 1s - loss: 1.6020 - accuracy: 0.6799 - weighted_accuracy: 0.6869 - val_loss: 1.5782 - val_accuracy: 0.6829 - val_weighted_accuracy: 0.6952 - 966ms/epoch - 54ms/step
Epoch 24/300
18/18 - 1s - loss: 1.5992 - accuracy: 0.6808 - weighted_accuracy: 0.6873 - val_loss: 1.5717 - val_accuracy: 0.6812 - val_weighted_accuracy: 0.6932 - 965ms/epoch - 54ms/step
Epoch 25/300
18/18 - 1s - loss: 1.5977 - accuracy: 0.6803 - weighted_accuracy: 0.6849 - val_loss: 1.5720 - val_accuracy: 0.6841 - val_weighted_accuracy: 0.6973 - 966ms/epoch - 54ms/step
Epoch 26/300
18/18 - 1s - loss: 1.5964 - accuracy: 0.6794 - weighted_accuracy: 0.6833 - val_loss: 1.5824 - val_accuracy: 0.6797 - val_weighted_accuracy: 0.6946 - 962ms/epoch - 53ms/step
Epoch 27/300
18/18 - 1s - loss: 1.5937 - accuracy: 0.6799 - weighted_accuracy: 0.6819 - val_loss: 1.5723 - val_accuracy: 0.6824 - val_weighted_accuracy: 0.6963 - 960ms/epoch - 53ms/step
Epoch 28/300
18/18 - 1s - loss: 1.5899 - accuracy: 0.6784 - weighted_accuracy: 0.6864 - val_loss: 1.5601 - val_accuracy: 0.6828 - val_weighted_accuracy: 0.6958 - 960ms/epoch - 53ms/step
Epoch 29/300
18/18 - 1s - loss: 1.5901 - accuracy: 0.6805 - weighted_accuracy: 0.6844 - val_loss: 1.5726 - val_accuracy: 0.6828 - val_weighted_accuracy: 0.6954 - 960ms/epoch - 53ms/step
Epoch 30/300
18/18 - 1s - loss: 1.5871 - accuracy: 0.6816 - weighted_accuracy: 0.6881 - val_loss: 1.5584 - val_accuracy: 0.6856 - val_weighted_accuracy: 0.6950 - 969ms/epoch - 54ms/step
Epoch 31/300
18/18 - 1s - loss: 1.5874 - accuracy: 0.6805 - weighted_accuracy: 0.6836 - val_loss: 1.5768 - val_accuracy: 0.6837 - val_weighted_accuracy: 0.6967 - 968ms/epoch - 54ms/step
Epoch 32/300
18/18 - 1s - loss: 1.5869 - accuracy: 0.6765 - weighted_accuracy: 0.6834 - val_loss: 1.5563 - val_accuracy: 0.6894 - val_weighted_accuracy: 0.6995 - 965ms/epoch - 54ms/step
Epoch 33/300
18/18 - 1s - loss: 1.5812 - accuracy: 0.6839 - weighted_accuracy: 0.6892 - val_loss: 1.5506 - val_accuracy: 0.6898 - val_weighted_accuracy: 0.6983 - 966ms/epoch - 54ms/step
Epoch 34/300
18/18 - 1s - loss: 1.5838 - accuracy: 0.6763 - weighted_accuracy: 0.6858 - val_loss: 1.5497 - val_accuracy: 0.6890 - val_weighted_accuracy: 0.6971 - 981ms/epoch - 54ms/step
Epoch 35/300
18/18 - 1s - loss: 1.5770 - accuracy: 0.6823 - weighted_accuracy: 0.6885 - val_loss: 1.5509 - val_accuracy: 0.6869 - val_weighted_accuracy: 0.6991 - 979ms/epoch - 54ms/step
Epoch 36/300
18/18 - 1s - loss: 1.5755 - accuracy: 0.6812 - weighted_accuracy: 0.6864 - val_loss: 1.5511 - val_accuracy: 0.6871 - val_weighted_accuracy: 0.6967 - 1s/epoch - 56ms/step
Epoch 37/300
18/18 - 1s - loss: 1.5750 - accuracy: 0.6795 - weighted_accuracy: 0.6838 - val_loss: 1.5464 - val_accuracy: 0.6843 - val_weighted_accuracy: 0.6967 - 1s/epoch - 57ms/step
Epoch 38/300
18/18 - 1s - loss: 1.5753 - accuracy: 0.6796 - weighted_accuracy: 0.6841 - val_loss: 1.5453 - val_accuracy: 0.6888 - val_weighted_accuracy: 0.6958 - 987ms/epoch - 55ms/step
Epoch 39/300
18/18 - 1s - loss: 1.5721 - accuracy: 0.6799 - weighted_accuracy: 0.6857 - val_loss: 1.5427 - val_accuracy: 0.6898 - val_weighted_accuracy: 0.6981 - 1s/epoch - 57ms/step
Epoch 40/300
18/18 - 1s - loss: 1.5689 - accuracy: 0.6824 - weighted_accuracy: 0.6868 - val_loss: 1.5446 - val_accuracy: 0.6854 - val_weighted_accuracy: 0.6981 - 1s/epoch - 56ms/step
Epoch 41/300
18/18 - 1s - loss: 1.5697 - accuracy: 0.6802 - weighted_accuracy: 0.6847 - val_loss: 1.5425 - val_accuracy: 0.6856 - val_weighted_accuracy: 0.6956 - 1s/epoch - 56ms/step
Epoch 42/300
18/18 - 1s - loss: 1.5659 - accuracy: 0.6795 - weighted_accuracy: 0.6851 - val_loss: 1.5490 - val_accuracy: 0.6879 - val_weighted_accuracy: 0.6981 - 1s/epoch - 56ms/step
Epoch 43/300
18/18 - 1s - loss: 1.5642 - accuracy: 0.6824 - weighted_accuracy: 0.6857 - val_loss: 1.5386 - val_accuracy: 0.6875 - val_weighted_accuracy: 0.6977 - 977ms/epoch - 54ms/step
Epoch 44/300
18/18 - 1s - loss: 1.5581 - accuracy: 0.6825 - weighted_accuracy: 0.6911 - val_loss: 1.5380 - val_accuracy: 0.6824 - val_weighted_accuracy: 0.6967 - 965ms/epoch - 54ms/step
Epoch 45/300
18/18 - 1s - loss: 1.5657 - accuracy: 0.6796 - weighted_accuracy: 0.6851 - val_loss: 1.5338 - val_accuracy: 0.6833 - val_weighted_accuracy: 0.6969 - 958ms/epoch - 53ms/step
Epoch 46/300
18/18 - 1s - loss: 1.5527 - accuracy: 0.6792 - weighted_accuracy: 0.6850 - val_loss: 1.5375 - val_accuracy: 0.6888 - val_weighted_accuracy: 0.6983 - 964ms/epoch - 54ms/step
Epoch 47/300
18/18 - 1s - loss: 1.5572 - accuracy: 0.6811 - weighted_accuracy: 0.6896 - val_loss: 1.5336 - val_accuracy: 0.6845 - val_weighted_accuracy: 0.6989 - 953ms/epoch - 53ms/step
Epoch 48/300
18/18 - 1s - loss: 1.5564 - accuracy: 0.6832 - weighted_accuracy: 0.6860 - val_loss: 1.5335 - val_accuracy: 0.6846 - val_weighted_accuracy: 0.6969 - 961ms/epoch - 53ms/step
Epoch 49/300
18/18 - 1s - loss: 1.5564 - accuracy: 0.6812 - weighted_accuracy: 0.6877 - val_loss: 1.5269 - val_accuracy: 0.6905 - val_weighted_accuracy: 0.6995 - 958ms/epoch - 53ms/step
Epoch 50/300
18/18 - 1s - loss: 1.5509 - accuracy: 0.6844 - weighted_accuracy: 0.6871 - val_loss: 1.5260 - val_accuracy: 0.6888 - val_weighted_accuracy: 0.6983 - 946ms/epoch - 53ms/step
Epoch 51/300
18/18 - 1s - loss: 1.5474 - accuracy: 0.6814 - weighted_accuracy: 0.6896 - val_loss: 1.5291 - val_accuracy: 0.6875 - val_weighted_accuracy: 0.6969 - 944ms/epoch - 52ms/step
Epoch 52/300
18/18 - 1s - loss: 1.5546 - accuracy: 0.6803 - weighted_accuracy: 0.6851 - val_loss: 1.5256 - val_accuracy: 0.6833 - val_weighted_accuracy: 0.6971 - 963ms/epoch - 54ms/step
Epoch 53/300
18/18 - 1s - loss: 1.5553 - accuracy: 0.6771 - weighted_accuracy: 0.6807 - val_loss: 1.5216 - val_accuracy: 0.6920 - val_weighted_accuracy: 0.7008 - 985ms/epoch - 55ms/step
Epoch 54/300
18/18 - 1s - loss: 1.5462 - accuracy: 0.6819 - weighted_accuracy: 0.6869 - val_loss: 1.5198 - val_accuracy: 0.6890 - val_weighted_accuracy: 0.6983 - 987ms/epoch - 55ms/step
Epoch 55/300
18/18 - 1s - loss: 1.5427 - accuracy: 0.6775 - weighted_accuracy: 0.6852 - val_loss: 1.5202 - val_accuracy: 0.6833 - val_weighted_accuracy: 0.6965 - 964ms/epoch - 54ms/step
Epoch 56/300
18/18 - 1s - loss: 1.5436 - accuracy: 0.6846 - weighted_accuracy: 0.6884 - val_loss: 1.5183 - val_accuracy: 0.6890 - val_weighted_accuracy: 0.6985 - 965ms/epoch - 54ms/step
Epoch 57/300
18/18 - 1s - loss: 1.5401 - accuracy: 0.6754 - weighted_accuracy: 0.6839 - val_loss: 1.5210 - val_accuracy: 0.6873 - val_weighted_accuracy: 0.7010 - 969ms/epoch - 54ms/step
Epoch 58/300
18/18 - 1s - loss: 1.5366 - accuracy: 0.6783 - weighted_accuracy: 0.6872 - val_loss: 1.5156 - val_accuracy: 0.6956 - val_weighted_accuracy: 0.7014 - 959ms/epoch - 53ms/step
Epoch 59/300
18/18 - 1s - loss: 1.5410 - accuracy: 0.6861 - weighted_accuracy: 0.6885 - val_loss: 1.5152 - val_accuracy: 0.6862 - val_weighted_accuracy: 0.6987 - 973ms/epoch - 54ms/step
Epoch 60/300
18/18 - 1s - loss: 1.5345 - accuracy: 0.6804 - weighted_accuracy: 0.6886 - val_loss: 1.5124 - val_accuracy: 0.6846 - val_weighted_accuracy: 0.6952 - 950ms/epoch - 53ms/step
Epoch 61/300
18/18 - 1s - loss: 1.5325 - accuracy: 0.6783 - weighted_accuracy: 0.6878 - val_loss: 1.5145 - val_accuracy: 0.6898 - val_weighted_accuracy: 0.7010 - 958ms/epoch - 53ms/step
Epoch 62/300
18/18 - 1s - loss: 1.5385 - accuracy: 0.6814 - weighted_accuracy: 0.6871 - val_loss: 1.5120 - val_accuracy: 0.6896 - val_weighted_accuracy: 0.7022 - 961ms/epoch - 53ms/step
Epoch 63/300
18/18 - 1s - loss: 1.5379 - accuracy: 0.6790 - weighted_accuracy: 0.6819 - val_loss: 1.5137 - val_accuracy: 0.6797 - val_weighted_accuracy: 0.6965 - 958ms/epoch - 53ms/step
Epoch 64/300
18/18 - 1s - loss: 1.5350 - accuracy: 0.6797 - weighted_accuracy: 0.6866 - val_loss: 1.5120 - val_accuracy: 0.6776 - val_weighted_accuracy: 0.6958 - 959ms/epoch - 53ms/step
Epoch 65/300
18/18 - 1s - loss: 1.5338 - accuracy: 0.6782 - weighted_accuracy: 0.6864 - val_loss: 1.5088 - val_accuracy: 0.6837 - val_weighted_accuracy: 0.6979 - 963ms/epoch - 53ms/step
Epoch 66/300
18/18 - 1s - loss: 1.5305 - accuracy: 0.6825 - weighted_accuracy: 0.6887 - val_loss: 1.5044 - val_accuracy: 0.6898 - val_weighted_accuracy: 0.7010 - 960ms/epoch - 53ms/step
Epoch 67/300
18/18 - 1s - loss: 1.5339 - accuracy: 0.6793 - weighted_accuracy: 0.6866 - val_loss: 1.5100 - val_accuracy: 0.6801 - val_weighted_accuracy: 0.6954 - 963ms/epoch - 53ms/step
Epoch 68/300
18/18 - 1s - loss: 1.5260 - accuracy: 0.6827 - weighted_accuracy: 0.6895 - val_loss: 1.5074 - val_accuracy: 0.6828 - val_weighted_accuracy: 0.6973 - 953ms/epoch - 53ms/step
Epoch 69/300
18/18 - 1s - loss: 1.5249 - accuracy: 0.6802 - weighted_accuracy: 0.6876 - val_loss: 1.5025 - val_accuracy: 0.6951 - val_weighted_accuracy: 0.7016 - 962ms/epoch - 53ms/step
Epoch 70/300
18/18 - 1s - loss: 1.5273 - accuracy: 0.6827 - weighted_accuracy: 0.6880 - val_loss: 1.4994 - val_accuracy: 0.6907 - val_weighted_accuracy: 0.7014 - 958ms/epoch - 53ms/step
Epoch 71/300
18/18 - 1s - loss: 1.5258 - accuracy: 0.6820 - weighted_accuracy: 0.6863 - val_loss: 1.4987 - val_accuracy: 0.6886 - val_weighted_accuracy: 0.6985 - 967ms/epoch - 54ms/step
Epoch 72/300
18/18 - 1s - loss: 1.5257 - accuracy: 0.6803 - weighted_accuracy: 0.6887 - val_loss: 1.4958 - val_accuracy: 0.6930 - val_weighted_accuracy: 0.7037 - 963ms/epoch - 54ms/step
Epoch 73/300
18/18 - 1s - loss: 1.5255 - accuracy: 0.6833 - weighted_accuracy: 0.6883 - val_loss: 1.4980 - val_accuracy: 0.6903 - val_weighted_accuracy: 0.6993 - 958ms/epoch - 53ms/step
Epoch 74/300
18/18 - 1s - loss: 1.5264 - accuracy: 0.6800 - weighted_accuracy: 0.6869 - val_loss: 1.4986 - val_accuracy: 0.6809 - val_weighted_accuracy: 0.6948 - 957ms/epoch - 53ms/step
Epoch 75/300
18/18 - 1s - loss: 1.5211 - accuracy: 0.6818 - weighted_accuracy: 0.6899 - val_loss: 1.4956 - val_accuracy: 0.6947 - val_weighted_accuracy: 0.6973 - 960ms/epoch - 53ms/step
Epoch 76/300
18/18 - 1s - loss: 1.5174 - accuracy: 0.6840 - weighted_accuracy: 0.6885 - val_loss: 1.4940 - val_accuracy: 0.6884 - val_weighted_accuracy: 0.7014 - 962ms/epoch - 53ms/step
Epoch 77/300
18/18 - 1s - loss: 1.5182 - accuracy: 0.6826 - weighted_accuracy: 0.6880 - val_loss: 1.4920 - val_accuracy: 0.6971 - val_weighted_accuracy: 0.7063 - 949ms/epoch - 53ms/step
Epoch 78/300
18/18 - 1s - loss: 1.5180 - accuracy: 0.6844 - weighted_accuracy: 0.6901 - val_loss: 1.4946 - val_accuracy: 0.6956 - val_weighted_accuracy: 0.7037 - 960ms/epoch - 53ms/step
Epoch 79/300
18/18 - 1s - loss: 1.5147 - accuracy: 0.6791 - weighted_accuracy: 0.6856 - val_loss: 1.4931 - val_accuracy: 0.6918 - val_weighted_accuracy: 0.6991 - 953ms/epoch - 53ms/step
Epoch 80/300
18/18 - 1s - loss: 1.5138 - accuracy: 0.6802 - weighted_accuracy: 0.6873 - val_loss: 1.4914 - val_accuracy: 0.6913 - val_weighted_accuracy: 0.7014 - 967ms/epoch - 54ms/step
Epoch 81/300
18/18 - 1s - loss: 1.5154 - accuracy: 0.6832 - weighted_accuracy: 0.6884 - val_loss: 1.4883 - val_accuracy: 0.6899 - val_weighted_accuracy: 0.7022 - 964ms/epoch - 54ms/step
Epoch 82/300
18/18 - 1s - loss: 1.5105 - accuracy: 0.6797 - weighted_accuracy: 0.6869 - val_loss: 1.4941 - val_accuracy: 0.6759 - val_weighted_accuracy: 0.6940 - 964ms/epoch - 54ms/step
Epoch 83/300
18/18 - 1s - loss: 1.5158 - accuracy: 0.6819 - weighted_accuracy: 0.6905 - val_loss: 1.4918 - val_accuracy: 0.6799 - val_weighted_accuracy: 0.6948 - 967ms/epoch - 54ms/step
Epoch 84/300
18/18 - 1s - loss: 1.5065 - accuracy: 0.6811 - weighted_accuracy: 0.6882 - val_loss: 1.4872 - val_accuracy: 0.6952 - val_weighted_accuracy: 0.7035 - 968ms/epoch - 54ms/step
Epoch 85/300
18/18 - 1s - loss: 1.5113 - accuracy: 0.6835 - weighted_accuracy: 0.6881 - val_loss: 1.4880 - val_accuracy: 0.6881 - val_weighted_accuracy: 0.7010 - 960ms/epoch - 53ms/step
Epoch 86/300
18/18 - 1s - loss: 1.5061 - accuracy: 0.6819 - weighted_accuracy: 0.6878 - val_loss: 1.4855 - val_accuracy: 0.6799 - val_weighted_accuracy: 0.6940 - 972ms/epoch - 54ms/step
Epoch 87/300
18/18 - 1s - loss: 1.5076 - accuracy: 0.6774 - weighted_accuracy: 0.6867 - val_loss: 1.4864 - val_accuracy: 0.6932 - val_weighted_accuracy: 0.7000 - 967ms/epoch - 54ms/step
Epoch 88/300
18/18 - 1s - loss: 1.5056 - accuracy: 0.6801 - weighted_accuracy: 0.6883 - val_loss: 1.4905 - val_accuracy: 0.6896 - val_weighted_accuracy: 0.7010 - 960ms/epoch - 53ms/step
Epoch 89/300
18/18 - 1s - loss: 1.5031 - accuracy: 0.6831 - weighted_accuracy: 0.6913 - val_loss: 1.4838 - val_accuracy: 0.6901 - val_weighted_accuracy: 0.7002 - 960ms/epoch - 53ms/step
Epoch 90/300
18/18 - 1s - loss: 1.5063 - accuracy: 0.6845 - weighted_accuracy: 0.6861 - val_loss: 1.4819 - val_accuracy: 0.6911 - val_weighted_accuracy: 0.7039 - 965ms/epoch - 54ms/step
Epoch 91/300
18/18 - 1s - loss: 1.5066 - accuracy: 0.6749 - weighted_accuracy: 0.6878 - val_loss: 1.4819 - val_accuracy: 0.6845 - val_weighted_accuracy: 0.6989 - 983ms/epoch - 55ms/step
Epoch 92/300
18/18 - 1s - loss: 1.5083 - accuracy: 0.6798 - weighted_accuracy: 0.6877 - val_loss: 1.4824 - val_accuracy: 0.6983 - val_weighted_accuracy: 0.7043 - 956ms/epoch - 53ms/step
Epoch 93/300
18/18 - 1s - loss: 1.5013 - accuracy: 0.6828 - weighted_accuracy: 0.6900 - val_loss: 1.4798 - val_accuracy: 0.6899 - val_weighted_accuracy: 0.6977 - 966ms/epoch - 54ms/step
Epoch 94/300
18/18 - 1s - loss: 1.5053 - accuracy: 0.6790 - weighted_accuracy: 0.6861 - val_loss: 1.4796 - val_accuracy: 0.6881 - val_weighted_accuracy: 0.7010 - 958ms/epoch - 53ms/step
Epoch 95/300
18/18 - 1s - loss: 1.4981 - accuracy: 0.6841 - weighted_accuracy: 0.6901 - val_loss: 1.4764 - val_accuracy: 0.6894 - val_weighted_accuracy: 0.7014 - 958ms/epoch - 53ms/step
Epoch 96/300
18/18 - 1s - loss: 1.5035 - accuracy: 0.6745 - weighted_accuracy: 0.6871 - val_loss: 1.4771 - val_accuracy: 0.6903 - val_weighted_accuracy: 0.7026 - 972ms/epoch - 54ms/step
Epoch 97/300
18/18 - 1s - loss: 1.5002 - accuracy: 0.6818 - weighted_accuracy: 0.6885 - val_loss: 1.4774 - val_accuracy: 0.6858 - val_weighted_accuracy: 0.6998 - 965ms/epoch - 54ms/step
Epoch 98/300
18/18 - 1s - loss: 1.5000 - accuracy: 0.6802 - weighted_accuracy: 0.6855 - val_loss: 1.4759 - val_accuracy: 0.6805 - val_weighted_accuracy: 0.6967 - 961ms/epoch - 53ms/step
Epoch 99/300
18/18 - 1s - loss: 1.4999 - accuracy: 0.6829 - weighted_accuracy: 0.6896 - val_loss: 1.4775 - val_accuracy: 0.6860 - val_weighted_accuracy: 0.7006 - 970ms/epoch - 54ms/step
Epoch 100/300
18/18 - 1s - loss: 1.4965 - accuracy: 0.6829 - weighted_accuracy: 0.6897 - val_loss: 1.4789 - val_accuracy: 0.6803 - val_weighted_accuracy: 0.6969 - 973ms/epoch - 54ms/step
Epoch 101/300
18/18 - 1s - loss: 1.5005 - accuracy: 0.6818 - weighted_accuracy: 0.6876 - val_loss: 1.4762 - val_accuracy: 0.6905 - val_weighted_accuracy: 0.7039 - 975ms/epoch - 54ms/step
Epoch 102/300
18/18 - 1s - loss: 1.4972 - accuracy: 0.6828 - weighted_accuracy: 0.6908 - val_loss: 1.4772 - val_accuracy: 0.6778 - val_weighted_accuracy: 0.6967 - 965ms/epoch - 54ms/step
Epoch 103/300
18/18 - 1s - loss: 1.4967 - accuracy: 0.6818 - weighted_accuracy: 0.6888 - val_loss: 1.4750 - val_accuracy: 0.6850 - val_weighted_accuracy: 0.7008 - 974ms/epoch - 54ms/step
Epoch 104/300
18/18 - 1s - loss: 1.4950 - accuracy: 0.6822 - weighted_accuracy: 0.6894 - val_loss: 1.4726 - val_accuracy: 0.6852 - val_weighted_accuracy: 0.7002 - 979ms/epoch - 54ms/step
Epoch 105/300
18/18 - 1s - loss: 1.4990 - accuracy: 0.6851 - weighted_accuracy: 0.6891 - val_loss: 1.4730 - val_accuracy: 0.6786 - val_weighted_accuracy: 0.6977 - 977ms/epoch - 54ms/step
Epoch 106/300
18/18 - 1s - loss: 1.4980 - accuracy: 0.6812 - weighted_accuracy: 0.6863 - val_loss: 1.4776 - val_accuracy: 0.6896 - val_weighted_accuracy: 0.7012 - 981ms/epoch - 54ms/step
Epoch 107/300
18/18 - 1s - loss: 1.4970 - accuracy: 0.6808 - weighted_accuracy: 0.6859 - val_loss: 1.4726 - val_accuracy: 0.6799 - val_weighted_accuracy: 0.6973 - 986ms/epoch - 55ms/step
Epoch 108/300
18/18 - 1s - loss: 1.4944 - accuracy: 0.6821 - weighted_accuracy: 0.6917 - val_loss: 1.4800 - val_accuracy: 0.6805 - val_weighted_accuracy: 0.6983 - 960ms/epoch - 53ms/step
Epoch 109/300
18/18 - 1s - loss: 1.4975 - accuracy: 0.6822 - weighted_accuracy: 0.6891 - val_loss: 1.4743 - val_accuracy: 0.6748 - val_weighted_accuracy: 0.6952 - 965ms/epoch - 54ms/step
Epoch 110/300
18/18 - 1s - loss: 1.4992 - accuracy: 0.6805 - weighted_accuracy: 0.6875 - val_loss: 1.4717 - val_accuracy: 0.6792 - val_weighted_accuracy: 0.6998 - 967ms/epoch - 54ms/step
Epoch 111/300
18/18 - 1s - loss: 1.4885 - accuracy: 0.6783 - weighted_accuracy: 0.6877 - val_loss: 1.4747 - val_accuracy: 0.6776 - val_weighted_accuracy: 0.6975 - 978ms/epoch - 54ms/step
Epoch 112/300
18/18 - 1s - loss: 1.4917 - accuracy: 0.6814 - weighted_accuracy: 0.6884 - val_loss: 1.4724 - val_accuracy: 0.6856 - val_weighted_accuracy: 0.7016 - 971ms/epoch - 54ms/step
Epoch 113/300
18/18 - 1s - loss: 1.4863 - accuracy: 0.6821 - weighted_accuracy: 0.6870 - val_loss: 1.4805 - val_accuracy: 0.6888 - val_weighted_accuracy: 0.7028 - 972ms/epoch - 54ms/step
Epoch 114/300
18/18 - 1s - loss: 1.4898 - accuracy: 0.6820 - weighted_accuracy: 0.6896 - val_loss: 1.4683 - val_accuracy: 0.6954 - val_weighted_accuracy: 0.7045 - 966ms/epoch - 54ms/step
Epoch 115/300
18/18 - 1s - loss: 1.4917 - accuracy: 0.6828 - weighted_accuracy: 0.6901 - val_loss: 1.4668 - val_accuracy: 0.6837 - val_weighted_accuracy: 0.7010 - 963ms/epoch - 53ms/step
Epoch 116/300
18/18 - 1s - loss: 1.4931 - accuracy: 0.6775 - weighted_accuracy: 0.6875 - val_loss: 1.4695 - val_accuracy: 0.6882 - val_weighted_accuracy: 0.7010 - 987ms/epoch - 55ms/step
Epoch 117/300
18/18 - 1s - loss: 1.4924 - accuracy: 0.6828 - weighted_accuracy: 0.6887 - val_loss: 1.4684 - val_accuracy: 0.6841 - val_weighted_accuracy: 0.7030 - 1s/epoch - 57ms/step
Epoch 118/300
18/18 - 1s - loss: 1.4888 - accuracy: 0.6776 - weighted_accuracy: 0.6848 - val_loss: 1.4648 - val_accuracy: 0.6907 - val_weighted_accuracy: 0.7006 - 982ms/epoch - 55ms/step
Epoch 119/300
18/18 - 1s - loss: 1.4901 - accuracy: 0.6870 - weighted_accuracy: 0.6894 - val_loss: 1.4686 - val_accuracy: 0.6858 - val_weighted_accuracy: 0.6975 - 957ms/epoch - 53ms/step
Epoch 120/300
18/18 - 1s - loss: 1.4881 - accuracy: 0.6815 - weighted_accuracy: 0.6890 - val_loss: 1.4706 - val_accuracy: 0.6843 - val_weighted_accuracy: 0.7006 - 952ms/epoch - 53ms/step
Epoch 121/300
18/18 - 1s - loss: 1.4916 - accuracy: 0.6792 - weighted_accuracy: 0.6853 - val_loss: 1.4659 - val_accuracy: 0.6937 - val_weighted_accuracy: 0.7041 - 957ms/epoch - 53ms/step
Epoch 122/300
18/18 - 1s - loss: 1.4886 - accuracy: 0.6824 - weighted_accuracy: 0.6896 - val_loss: 1.4688 - val_accuracy: 0.6822 - val_weighted_accuracy: 0.7006 - 950ms/epoch - 53ms/step
Epoch 123/300
18/18 - 1s - loss: 1.4900 - accuracy: 0.6843 - weighted_accuracy: 0.6886 - val_loss: 1.4691 - val_accuracy: 0.6833 - val_weighted_accuracy: 0.6991 - 968ms/epoch - 54ms/step
Epoch 124/300
18/18 - 1s - loss: 1.4867 - accuracy: 0.6827 - weighted_accuracy: 0.6906 - val_loss: 1.4666 - val_accuracy: 0.6856 - val_weighted_accuracy: 0.7004 - 975ms/epoch - 54ms/step
Epoch 125/300
18/18 - 1s - loss: 1.4891 - accuracy: 0.6828 - weighted_accuracy: 0.6870 - val_loss: 1.4716 - val_accuracy: 0.6788 - val_weighted_accuracy: 0.6983 - 965ms/epoch - 54ms/step
Epoch 126/300
18/18 - 1s - loss: 1.4919 - accuracy: 0.6788 - weighted_accuracy: 0.6868 - val_loss: 1.4697 - val_accuracy: 0.6833 - val_weighted_accuracy: 0.6991 - 967ms/epoch - 54ms/step
Epoch 127/300
18/18 - 1s - loss: 1.4897 - accuracy: 0.6800 - weighted_accuracy: 0.6890 - val_loss: 1.4674 - val_accuracy: 0.6943 - val_weighted_accuracy: 0.7030 - 928ms/epoch - 52ms/step
Epoch 128/300
18/18 - 1s - loss: 1.4825 - accuracy: 0.6862 - weighted_accuracy: 0.6898 - val_loss: 1.4692 - val_accuracy: 0.6920 - val_weighted_accuracy: 0.7035 - 928ms/epoch - 52ms/step
Epoch 129/300
18/18 - 1s - loss: 1.4831 - accuracy: 0.6806 - weighted_accuracy: 0.6899 - val_loss: 1.4672 - val_accuracy: 0.6882 - val_weighted_accuracy: 0.7008 - 931ms/epoch - 52ms/step
Epoch 130/300
18/18 - 1s - loss: 1.4912 - accuracy: 0.6818 - weighted_accuracy: 0.6883 - val_loss: 1.4666 - val_accuracy: 0.6918 - val_weighted_accuracy: 0.7026 - 925ms/epoch - 51ms/step
Epoch 131/300
18/18 - 1s - loss: 1.4851 - accuracy: 0.6831 - weighted_accuracy: 0.6875 - val_loss: 1.4690 - val_accuracy: 0.6852 - val_weighted_accuracy: 0.7002 - 931ms/epoch - 52ms/step
Epoch 132/300
18/18 - 1s - loss: 1.4848 - accuracy: 0.6784 - weighted_accuracy: 0.6884 - val_loss: 1.4648 - val_accuracy: 0.6841 - val_weighted_accuracy: 0.7008 - 963ms/epoch - 53ms/step
Epoch 133/300
18/18 - 1s - loss: 1.4784 - accuracy: 0.6851 - weighted_accuracy: 0.6920 - val_loss: 1.4617 - val_accuracy: 0.6858 - val_weighted_accuracy: 0.7018 - 963ms/epoch - 54ms/step
Epoch 134/300
18/18 - 1s - loss: 1.4831 - accuracy: 0.6851 - weighted_accuracy: 0.6926 - val_loss: 1.4615 - val_accuracy: 0.6862 - val_weighted_accuracy: 0.7020 - 974ms/epoch - 54ms/step
Epoch 135/300
18/18 - 1s - loss: 1.4853 - accuracy: 0.6874 - weighted_accuracy: 0.6908 - val_loss: 1.4648 - val_accuracy: 0.6811 - val_weighted_accuracy: 0.6993 - 959ms/epoch - 53ms/step
Epoch 136/300
18/18 - 1s - loss: 1.4848 - accuracy: 0.6811 - weighted_accuracy: 0.6925 - val_loss: 1.4649 - val_accuracy: 0.6782 - val_weighted_accuracy: 0.6967 - 984ms/epoch - 55ms/step
Epoch 137/300
18/18 - 1s - loss: 1.4818 - accuracy: 0.6839 - weighted_accuracy: 0.6894 - val_loss: 1.4608 - val_accuracy: 0.6907 - val_weighted_accuracy: 0.7035 - 970ms/epoch - 54ms/step
Epoch 138/300
18/18 - 1s - loss: 1.4783 - accuracy: 0.6837 - weighted_accuracy: 0.6939 - val_loss: 1.4619 - val_accuracy: 0.6835 - val_weighted_accuracy: 0.7006 - 959ms/epoch - 53ms/step
Epoch 139/300
18/18 - 1s - loss: 1.4811 - accuracy: 0.6774 - weighted_accuracy: 0.6884 - val_loss: 1.4652 - val_accuracy: 0.6845 - val_weighted_accuracy: 0.7006 - 961ms/epoch - 53ms/step
Epoch 140/300
18/18 - 1s - loss: 1.4848 - accuracy: 0.6825 - weighted_accuracy: 0.6857 - val_loss: 1.4620 - val_accuracy: 0.6790 - val_weighted_accuracy: 0.6975 - 963ms/epoch - 54ms/step
Epoch 141/300
18/18 - 1s - loss: 1.4821 - accuracy: 0.6809 - weighted_accuracy: 0.6880 - val_loss: 1.4625 - val_accuracy: 0.6915 - val_weighted_accuracy: 0.7047 - 974ms/epoch - 54ms/step
Epoch 142/300
18/18 - 1s - loss: 1.4814 - accuracy: 0.6838 - weighted_accuracy: 0.6903 - val_loss: 1.4615 - val_accuracy: 0.6898 - val_weighted_accuracy: 0.7037 - 990ms/epoch - 55ms/step
Epoch 143/300
18/18 - 1s - loss: 1.4781 - accuracy: 0.6827 - weighted_accuracy: 0.6895 - val_loss: 1.4620 - val_accuracy: 0.6831 - val_weighted_accuracy: 0.7020 - 983ms/epoch - 55ms/step
Epoch 144/300
18/18 - 1s - loss: 1.4835 - accuracy: 0.6847 - weighted_accuracy: 0.6895 - val_loss: 1.4634 - val_accuracy: 0.6818 - val_weighted_accuracy: 0.7004 - 962ms/epoch - 53ms/step
Epoch 145/300
18/18 - 1s - loss: 1.4809 - accuracy: 0.6817 - weighted_accuracy: 0.6898 - val_loss: 1.4652 - val_accuracy: 0.6790 - val_weighted_accuracy: 0.6989 - 961ms/epoch - 53ms/step
Epoch 146/300
18/18 - 1s - loss: 1.4844 - accuracy: 0.6833 - weighted_accuracy: 0.6915 - val_loss: 1.4657 - val_accuracy: 0.6763 - val_weighted_accuracy: 0.6958 - 986ms/epoch - 55ms/step
Epoch 147/300
18/18 - 1s - loss: 1.4800 - accuracy: 0.6819 - weighted_accuracy: 0.6906 - val_loss: 1.4594 - val_accuracy: 0.6901 - val_weighted_accuracy: 0.7047 - 961ms/epoch - 53ms/step
Epoch 148/300
18/18 - 1s - loss: 1.4749 - accuracy: 0.6830 - weighted_accuracy: 0.6916 - val_loss: 1.4839 - val_accuracy: 0.6795 - val_weighted_accuracy: 0.6979 - 971ms/epoch - 54ms/step
Epoch 149/300
18/18 - 1s - loss: 1.4829 - accuracy: 0.6846 - weighted_accuracy: 0.6907 - val_loss: 1.4617 - val_accuracy: 0.6790 - val_weighted_accuracy: 0.6993 - 966ms/epoch - 54ms/step
Epoch 150/300
18/18 - 1s - loss: 1.4759 - accuracy: 0.6853 - weighted_accuracy: 0.6898 - val_loss: 1.4594 - val_accuracy: 0.6778 - val_weighted_accuracy: 0.6989 - 964ms/epoch - 54ms/step
Epoch 151/300
18/18 - 1s - loss: 1.4750 - accuracy: 0.6839 - weighted_accuracy: 0.6914 - val_loss: 1.4702 - val_accuracy: 0.6758 - val_weighted_accuracy: 0.7002 - 956ms/epoch - 53ms/step
Epoch 152/300
18/18 - 1s - loss: 1.4805 - accuracy: 0.6807 - weighted_accuracy: 0.6901 - val_loss: 1.4598 - val_accuracy: 0.6854 - val_weighted_accuracy: 0.7010 - 951ms/epoch - 53ms/step
Epoch 153/300
18/18 - 1s - loss: 1.4765 - accuracy: 0.6841 - weighted_accuracy: 0.6898 - val_loss: 1.4564 - val_accuracy: 0.6826 - val_weighted_accuracy: 0.7012 - 962ms/epoch - 53ms/step
Epoch 154/300
18/18 - 1s - loss: 1.4764 - accuracy: 0.6823 - weighted_accuracy: 0.6940 - val_loss: 1.4545 - val_accuracy: 0.6918 - val_weighted_accuracy: 0.7039 - 970ms/epoch - 54ms/step
Epoch 155/300
18/18 - 1s - loss: 1.4750 - accuracy: 0.6852 - weighted_accuracy: 0.6940 - val_loss: 1.4608 - val_accuracy: 0.6901 - val_weighted_accuracy: 0.7020 - 963ms/epoch - 54ms/step
Epoch 156/300
18/18 - 1s - loss: 1.4764 - accuracy: 0.6829 - weighted_accuracy: 0.6902 - val_loss: 1.4585 - val_accuracy: 0.6771 - val_weighted_accuracy: 0.6973 - 968ms/epoch - 54ms/step
Epoch 157/300
18/18 - 1s - loss: 1.4774 - accuracy: 0.6832 - weighted_accuracy: 0.6905 - val_loss: 1.4585 - val_accuracy: 0.6818 - val_weighted_accuracy: 0.7014 - 962ms/epoch - 53ms/step
Epoch 158/300
18/18 - 1s - loss: 1.4748 - accuracy: 0.6822 - weighted_accuracy: 0.6899 - val_loss: 1.4589 - val_accuracy: 0.6884 - val_weighted_accuracy: 0.7026 - 976ms/epoch - 54ms/step
Epoch 159/300
18/18 - 1s - loss: 1.4747 - accuracy: 0.6845 - weighted_accuracy: 0.6917 - val_loss: 1.4589 - val_accuracy: 0.6875 - val_weighted_accuracy: 0.7014 - 973ms/epoch - 54ms/step
Epoch 160/300
18/18 - 1s - loss: 1.4767 - accuracy: 0.6876 - weighted_accuracy: 0.6897 - val_loss: 1.4560 - val_accuracy: 0.6907 - val_weighted_accuracy: 0.7047 - 972ms/epoch - 54ms/step
Epoch 161/300
18/18 - 1s - loss: 1.4766 - accuracy: 0.6854 - weighted_accuracy: 0.6884 - val_loss: 1.4611 - val_accuracy: 0.6771 - val_weighted_accuracy: 0.6991 - 963ms/epoch - 53ms/step
Epoch 162/300
18/18 - 1s - loss: 1.4735 - accuracy: 0.6837 - weighted_accuracy: 0.6922 - val_loss: 1.4603 - val_accuracy: 0.6850 - val_weighted_accuracy: 0.7032 - 959ms/epoch - 53ms/step
Epoch 163/300
18/18 - 1s - loss: 1.4811 - accuracy: 0.6819 - weighted_accuracy: 0.6876 - val_loss: 1.4571 - val_accuracy: 0.6763 - val_weighted_accuracy: 0.6979 - 959ms/epoch - 53ms/step
Epoch 164/300
18/18 - 1s - loss: 1.4758 - accuracy: 0.6855 - weighted_accuracy: 0.6947 - val_loss: 1.4621 - val_accuracy: 0.6765 - val_weighted_accuracy: 0.6987 - 982ms/epoch - 55ms/step
Epoch 165/300
18/18 - 1s - loss: 1.4763 - accuracy: 0.6853 - weighted_accuracy: 0.6888 - val_loss: 1.4576 - val_accuracy: 0.6864 - val_weighted_accuracy: 0.7026 - 975ms/epoch - 54ms/step
Epoch 166/300
18/18 - 1s - loss: 1.4765 - accuracy: 0.6817 - weighted_accuracy: 0.6923 - val_loss: 1.4581 - val_accuracy: 0.6782 - val_weighted_accuracy: 0.7016 - 973ms/epoch - 54ms/step
Epoch 167/300
18/18 - 1s - loss: 1.4778 - accuracy: 0.6813 - weighted_accuracy: 0.6919 - val_loss: 1.4563 - val_accuracy: 0.6905 - val_weighted_accuracy: 0.7030 - 960ms/epoch - 53ms/step
Epoch 168/300
18/18 - 1s - loss: 1.4722 - accuracy: 0.6889 - weighted_accuracy: 0.6944 - val_loss: 1.4541 - val_accuracy: 0.6956 - val_weighted_accuracy: 0.7043 - 982ms/epoch - 55ms/step
Epoch 169/300
18/18 - 1s - loss: 1.4721 - accuracy: 0.6860 - weighted_accuracy: 0.6931 - val_loss: 1.4543 - val_accuracy: 0.7023 - val_weighted_accuracy: 0.7084 - 982ms/epoch - 55ms/step
Epoch 170/300
18/18 - 1s - loss: 1.4779 - accuracy: 0.6850 - weighted_accuracy: 0.6899 - val_loss: 1.4572 - val_accuracy: 0.6767 - val_weighted_accuracy: 0.6983 - 977ms/epoch - 54ms/step
Epoch 171/300
18/18 - 1s - loss: 1.4752 - accuracy: 0.6841 - weighted_accuracy: 0.6929 - val_loss: 1.4579 - val_accuracy: 0.6920 - val_weighted_accuracy: 0.7030 - 967ms/epoch - 54ms/step
Epoch 172/300
18/18 - 1s - loss: 1.4703 - accuracy: 0.6864 - weighted_accuracy: 0.6924 - val_loss: 1.4531 - val_accuracy: 0.6943 - val_weighted_accuracy: 0.7053 - 968ms/epoch - 54ms/step
Epoch 173/300
18/18 - 1s - loss: 1.4780 - accuracy: 0.6847 - weighted_accuracy: 0.6937 - val_loss: 1.4543 - val_accuracy: 0.6801 - val_weighted_accuracy: 0.6977 - 973ms/epoch - 54ms/step
Epoch 174/300
18/18 - 1s - loss: 1.4743 - accuracy: 0.6852 - weighted_accuracy: 0.6935 - val_loss: 1.4538 - val_accuracy: 0.6934 - val_weighted_accuracy: 0.7057 - 987ms/epoch - 55ms/step
Epoch 175/300
18/18 - 1s - loss: 1.4745 - accuracy: 0.6852 - weighted_accuracy: 0.6923 - val_loss: 1.4555 - val_accuracy: 0.6828 - val_weighted_accuracy: 0.6995 - 1s/epoch - 56ms/step
Epoch 176/300
18/18 - 1s - loss: 1.4707 - accuracy: 0.6824 - weighted_accuracy: 0.6918 - val_loss: 1.4525 - val_accuracy: 0.6992 - val_weighted_accuracy: 0.7078 - 965ms/epoch - 54ms/step
Epoch 177/300
18/18 - 1s - loss: 1.4719 - accuracy: 0.6873 - weighted_accuracy: 0.6906 - val_loss: 1.4549 - val_accuracy: 0.6782 - val_weighted_accuracy: 0.6967 - 966ms/epoch - 54ms/step
Epoch 178/300
18/18 - 1s - loss: 1.4761 - accuracy: 0.6853 - weighted_accuracy: 0.6916 - val_loss: 1.4523 - val_accuracy: 0.6930 - val_weighted_accuracy: 0.7035 - 970ms/epoch - 54ms/step
Epoch 179/300
18/18 - 1s - loss: 1.4743 - accuracy: 0.6790 - weighted_accuracy: 0.6891 - val_loss: 1.4549 - val_accuracy: 0.6935 - val_weighted_accuracy: 0.7059 - 977ms/epoch - 54ms/step
Epoch 180/300
18/18 - 1s - loss: 1.4765 - accuracy: 0.6844 - weighted_accuracy: 0.6874 - val_loss: 1.4539 - val_accuracy: 0.6843 - val_weighted_accuracy: 0.7002 - 985ms/epoch - 55ms/step
Epoch 181/300
18/18 - 1s - loss: 1.4693 - accuracy: 0.6780 - weighted_accuracy: 0.6903 - val_loss: 1.4530 - val_accuracy: 0.6988 - val_weighted_accuracy: 0.7090 - 960ms/epoch - 53ms/step
Epoch 182/300
18/18 - 1s - loss: 1.4750 - accuracy: 0.6840 - weighted_accuracy: 0.6905 - val_loss: 1.4518 - val_accuracy: 0.6979 - val_weighted_accuracy: 0.7072 - 969ms/epoch - 54ms/step
Epoch 183/300
18/18 - 1s - loss: 1.4718 - accuracy: 0.6867 - weighted_accuracy: 0.6917 - val_loss: 1.4562 - val_accuracy: 0.6864 - val_weighted_accuracy: 0.6979 - 960ms/epoch - 53ms/step
Epoch 184/300
18/18 - 1s - loss: 1.4763 - accuracy: 0.6808 - weighted_accuracy: 0.6892 - val_loss: 1.4609 - val_accuracy: 0.6879 - val_weighted_accuracy: 0.7047 - 970ms/epoch - 54ms/step
Epoch 185/300
18/18 - 1s - loss: 1.4689 - accuracy: 0.6878 - weighted_accuracy: 0.6948 - val_loss: 1.4579 - val_accuracy: 0.6687 - val_weighted_accuracy: 0.6958 - 977ms/epoch - 54ms/step
Epoch 186/300
18/18 - 1s - loss: 1.4744 - accuracy: 0.6783 - weighted_accuracy: 0.6868 - val_loss: 1.4567 - val_accuracy: 0.6771 - val_weighted_accuracy: 0.6971 - 964ms/epoch - 54ms/step
Epoch 187/300
18/18 - 1s - loss: 1.4709 - accuracy: 0.6809 - weighted_accuracy: 0.6906 - val_loss: 1.4578 - val_accuracy: 0.6909 - val_weighted_accuracy: 0.7022 - 989ms/epoch - 55ms/step
Epoch 188/300
18/18 - 1s - loss: 1.4694 - accuracy: 0.6837 - weighted_accuracy: 0.6912 - val_loss: 1.4552 - val_accuracy: 0.6928 - val_weighted_accuracy: 0.7032 - 981ms/epoch - 54ms/step
Epoch 189/300
18/18 - 1s - loss: 1.4701 - accuracy: 0.6863 - weighted_accuracy: 0.6947 - val_loss: 1.4525 - val_accuracy: 0.6932 - val_weighted_accuracy: 0.7037 - 982ms/epoch - 55ms/step
Epoch 190/300
18/18 - 1s - loss: 1.4701 - accuracy: 0.6853 - weighted_accuracy: 0.6934 - val_loss: 1.4519 - val_accuracy: 0.6909 - val_weighted_accuracy: 0.7032 - 983ms/epoch - 55ms/step
Epoch 191/300
18/18 - 1s - loss: 1.4741 - accuracy: 0.6881 - weighted_accuracy: 0.6928 - val_loss: 1.4520 - val_accuracy: 0.6854 - val_weighted_accuracy: 0.7030 - 980ms/epoch - 54ms/step
Epoch 192/300
18/18 - 1s - loss: 1.4702 - accuracy: 0.6832 - weighted_accuracy: 0.6959 - val_loss: 1.4578 - val_accuracy: 0.7002 - val_weighted_accuracy: 0.7055 - 983ms/epoch - 55ms/step
Epoch 193/300
18/18 - 1s - loss: 1.4700 - accuracy: 0.6869 - weighted_accuracy: 0.6929 - val_loss: 1.4551 - val_accuracy: 0.6841 - val_weighted_accuracy: 0.7030 - 987ms/epoch - 55ms/step
Epoch 194/300
18/18 - 1s - loss: 1.4766 - accuracy: 0.6840 - weighted_accuracy: 0.6904 - val_loss: 1.4563 - val_accuracy: 0.6799 - val_weighted_accuracy: 0.6995 - 965ms/epoch - 54ms/step
Epoch 195/300
18/18 - 1s - loss: 1.4774 - accuracy: 0.6869 - weighted_accuracy: 0.6915 - val_loss: 1.4503 - val_accuracy: 0.6799 - val_weighted_accuracy: 0.6998 - 963ms/epoch - 53ms/step
Epoch 196/300
18/18 - 1s - loss: 1.4699 - accuracy: 0.6844 - weighted_accuracy: 0.6898 - val_loss: 1.4614 - val_accuracy: 0.6803 - val_weighted_accuracy: 0.6991 - 967ms/epoch - 54ms/step
Epoch 197/300
18/18 - 1s - loss: 1.4715 - accuracy: 0.6806 - weighted_accuracy: 0.6916 - val_loss: 1.4563 - val_accuracy: 0.6714 - val_weighted_accuracy: 0.6971 - 977ms/epoch - 54ms/step
Epoch 198/300
18/18 - 1s - loss: 1.4704 - accuracy: 0.6828 - weighted_accuracy: 0.6930 - val_loss: 1.4500 - val_accuracy: 0.6899 - val_weighted_accuracy: 0.7057 - 975ms/epoch - 54ms/step
Epoch 199/300
18/18 - 1s - loss: 1.4685 - accuracy: 0.6821 - weighted_accuracy: 0.6915 - val_loss: 1.4543 - val_accuracy: 0.6858 - val_weighted_accuracy: 0.7026 - 963ms/epoch - 54ms/step
Epoch 200/300
18/18 - 1s - loss: 1.4684 - accuracy: 0.6875 - weighted_accuracy: 0.6939 - val_loss: 1.4591 - val_accuracy: 0.6765 - val_weighted_accuracy: 0.6985 - 961ms/epoch - 53ms/step
Epoch 201/300
18/18 - 1s - loss: 1.4706 - accuracy: 0.6825 - weighted_accuracy: 0.6931 - val_loss: 1.4505 - val_accuracy: 0.6988 - val_weighted_accuracy: 0.7037 - 979ms/epoch - 54ms/step
Epoch 202/300
18/18 - 1s - loss: 1.4674 - accuracy: 0.6867 - weighted_accuracy: 0.6918 - val_loss: 1.4493 - val_accuracy: 0.6854 - val_weighted_accuracy: 0.7024 - 977ms/epoch - 54ms/step
Epoch 203/300
18/18 - 1s - loss: 1.4724 - accuracy: 0.6823 - weighted_accuracy: 0.6899 - val_loss: 1.4558 - val_accuracy: 0.6907 - val_weighted_accuracy: 0.7014 - 978ms/epoch - 54ms/step
Epoch 204/300
18/18 - 1s - loss: 1.4705 - accuracy: 0.6823 - weighted_accuracy: 0.6902 - val_loss: 1.4540 - val_accuracy: 0.6862 - val_weighted_accuracy: 0.7014 - 1s/epoch - 56ms/step
Epoch 205/300
18/18 - 1s - loss: 1.4702 - accuracy: 0.6853 - weighted_accuracy: 0.6898 - val_loss: 1.4483 - val_accuracy: 0.6943 - val_weighted_accuracy: 0.7051 - 986ms/epoch - 55ms/step
Epoch 206/300
18/18 - 1s - loss: 1.4689 - accuracy: 0.6813 - weighted_accuracy: 0.6915 - val_loss: 1.4522 - val_accuracy: 0.6831 - val_weighted_accuracy: 0.7012 - 997ms/epoch - 55ms/step
Epoch 207/300
18/18 - 1s - loss: 1.4709 - accuracy: 0.6896 - weighted_accuracy: 0.6920 - val_loss: 1.4495 - val_accuracy: 0.6964 - val_weighted_accuracy: 0.7049 - 979ms/epoch - 54ms/step
Epoch 208/300
18/18 - 1s - loss: 1.4736 - accuracy: 0.6880 - weighted_accuracy: 0.6971 - val_loss: 1.4526 - val_accuracy: 0.6920 - val_weighted_accuracy: 0.7039 - 963ms/epoch - 54ms/step
Epoch 209/300
18/18 - 1s - loss: 1.4750 - accuracy: 0.6857 - weighted_accuracy: 0.6915 - val_loss: 1.4540 - val_accuracy: 0.6835 - val_weighted_accuracy: 0.7004 - 981ms/epoch - 55ms/step
Epoch 210/300
18/18 - 1s - loss: 1.4674 - accuracy: 0.6840 - weighted_accuracy: 0.6930 - val_loss: 1.4515 - val_accuracy: 0.6918 - val_weighted_accuracy: 0.7020 - 943ms/epoch - 52ms/step
Epoch 211/300
18/18 - 1s - loss: 1.4675 - accuracy: 0.6809 - weighted_accuracy: 0.6909 - val_loss: 1.4506 - val_accuracy: 0.6987 - val_weighted_accuracy: 0.7061 - 950ms/epoch - 53ms/step
Epoch 212/300
18/18 - 1s - loss: 1.4692 - accuracy: 0.6880 - weighted_accuracy: 0.6890 - val_loss: 1.4493 - val_accuracy: 0.6932 - val_weighted_accuracy: 0.7049 - 944ms/epoch - 52ms/step
Epoch 213/300
18/18 - 1s - loss: 1.4682 - accuracy: 0.6811 - weighted_accuracy: 0.6906 - val_loss: 1.4496 - val_accuracy: 0.6860 - val_weighted_accuracy: 0.7020 - 947ms/epoch - 53ms/step
Epoch 214/300
18/18 - 1s - loss: 1.4666 - accuracy: 0.6873 - weighted_accuracy: 0.6936 - val_loss: 1.4505 - val_accuracy: 0.6935 - val_weighted_accuracy: 0.7030 - 944ms/epoch - 52ms/step
Epoch 215/300
18/18 - 1s - loss: 1.4703 - accuracy: 0.6879 - weighted_accuracy: 0.6913 - val_loss: 1.4499 - val_accuracy: 0.6739 - val_weighted_accuracy: 0.6991 - 933ms/epoch - 52ms/step
Epoch 216/300
18/18 - 1s - loss: 1.4659 - accuracy: 0.6839 - weighted_accuracy: 0.6947 - val_loss: 1.4499 - val_accuracy: 0.6799 - val_weighted_accuracy: 0.7008 - 952ms/epoch - 53ms/step
Epoch 217/300
18/18 - 1s - loss: 1.4701 - accuracy: 0.6846 - weighted_accuracy: 0.6921 - val_loss: 1.4518 - val_accuracy: 0.6826 - val_weighted_accuracy: 0.7037 - 945ms/epoch - 53ms/step
Epoch 218/300
18/18 - 1s - loss: 1.4651 - accuracy: 0.6875 - weighted_accuracy: 0.6946 - val_loss: 1.4508 - val_accuracy: 0.6922 - val_weighted_accuracy: 0.7028 - 971ms/epoch - 54ms/step
Epoch 219/300
18/18 - 1s - loss: 1.4713 - accuracy: 0.6850 - weighted_accuracy: 0.6918 - val_loss: 1.4583 - val_accuracy: 0.6871 - val_weighted_accuracy: 0.7032 - 944ms/epoch - 52ms/step
Epoch 220/300
18/18 - 1s - loss: 1.4679 - accuracy: 0.6793 - weighted_accuracy: 0.6922 - val_loss: 1.4486 - val_accuracy: 0.6960 - val_weighted_accuracy: 0.7024 - 912ms/epoch - 51ms/step
Epoch 221/300
18/18 - 1s - loss: 1.4701 - accuracy: 0.6879 - weighted_accuracy: 0.6923 - val_loss: 1.4525 - val_accuracy: 0.6926 - val_weighted_accuracy: 0.7047 - 908ms/epoch - 50ms/step
Epoch 222/300
18/18 - 1s - loss: 1.4647 - accuracy: 0.6892 - weighted_accuracy: 0.6955 - val_loss: 1.4491 - val_accuracy: 0.6949 - val_weighted_accuracy: 0.7051 - 919ms/epoch - 51ms/step
Epoch 223/300
18/18 - 1s - loss: 1.4725 - accuracy: 0.6828 - weighted_accuracy: 0.6927 - val_loss: 1.4509 - val_accuracy: 0.6858 - val_weighted_accuracy: 0.7016 - 980ms/epoch - 54ms/step
Epoch 224/300
18/18 - 1s - loss: 1.4714 - accuracy: 0.6786 - weighted_accuracy: 0.6890 - val_loss: 1.4504 - val_accuracy: 0.6850 - val_weighted_accuracy: 0.7024 - 977ms/epoch - 54ms/step
Epoch 225/300
18/18 - 1s - loss: 1.4660 - accuracy: 0.6824 - weighted_accuracy: 0.6896 - val_loss: 1.4455 - val_accuracy: 0.6913 - val_weighted_accuracy: 0.7024 - 1s/epoch - 57ms/step
Epoch 226/300
18/18 - 1s - loss: 1.4604 - accuracy: 0.6851 - weighted_accuracy: 0.6917 - val_loss: 1.4490 - val_accuracy: 0.6911 - val_weighted_accuracy: 0.7039 - 1s/epoch - 57ms/step
Epoch 227/300
18/18 - 1s - loss: 1.4675 - accuracy: 0.6828 - weighted_accuracy: 0.6923 - val_loss: 1.4489 - val_accuracy: 0.6909 - val_weighted_accuracy: 0.7010 - 1s/epoch - 58ms/step
Epoch 228/300
18/18 - 1s - loss: 1.4665 - accuracy: 0.6851 - weighted_accuracy: 0.6919 - val_loss: 1.4500 - val_accuracy: 0.6888 - val_weighted_accuracy: 0.7030 - 1s/epoch - 56ms/step
Epoch 229/300
18/18 - 1s - loss: 1.4653 - accuracy: 0.6878 - weighted_accuracy: 0.6944 - val_loss: 1.4484 - val_accuracy: 0.6937 - val_weighted_accuracy: 0.7059 - 1s/epoch - 56ms/step
Epoch 230/300
18/18 - 1s - loss: 1.4672 - accuracy: 0.6844 - weighted_accuracy: 0.6951 - val_loss: 1.4497 - val_accuracy: 0.6879 - val_weighted_accuracy: 0.7035 - 989ms/epoch - 55ms/step
Epoch 231/300
18/18 - 1s - loss: 1.4597 - accuracy: 0.6868 - weighted_accuracy: 0.6949 - val_loss: 1.4503 - val_accuracy: 0.6981 - val_weighted_accuracy: 0.7067 - 1s/epoch - 56ms/step
Epoch 232/300
18/18 - 1s - loss: 1.4664 - accuracy: 0.6836 - weighted_accuracy: 0.6923 - val_loss: 1.4514 - val_accuracy: 0.6845 - val_weighted_accuracy: 0.7014 - 983ms/epoch - 55ms/step
Epoch 233/300
18/18 - 1s - loss: 1.4625 - accuracy: 0.6877 - weighted_accuracy: 0.6935 - val_loss: 1.4515 - val_accuracy: 0.6782 - val_weighted_accuracy: 0.6995 - 953ms/epoch - 53ms/step
Epoch 234/300
18/18 - 1s - loss: 1.4648 - accuracy: 0.6841 - weighted_accuracy: 0.6980 - val_loss: 1.4499 - val_accuracy: 0.6913 - val_weighted_accuracy: 0.7049 - 963ms/epoch - 54ms/step
Epoch 235/300
18/18 - 1s - loss: 1.4674 - accuracy: 0.6876 - weighted_accuracy: 0.6908 - val_loss: 1.4504 - val_accuracy: 0.6888 - val_weighted_accuracy: 0.7018 - 959ms/epoch - 53ms/step
Epoch 236/300
18/18 - 1s - loss: 1.4677 - accuracy: 0.6848 - weighted_accuracy: 0.6933 - val_loss: 1.4473 - val_accuracy: 0.6905 - val_weighted_accuracy: 0.7035 - 961ms/epoch - 53ms/step
Epoch 237/300
18/18 - 1s - loss: 1.4647 - accuracy: 0.6871 - weighted_accuracy: 0.6945 - val_loss: 1.4495 - val_accuracy: 0.6811 - val_weighted_accuracy: 0.6987 - 958ms/epoch - 53ms/step
Epoch 238/300
18/18 - 1s - loss: 1.4664 - accuracy: 0.6819 - weighted_accuracy: 0.6912 - val_loss: 1.4514 - val_accuracy: 0.6860 - val_weighted_accuracy: 0.7030 - 968ms/epoch - 54ms/step
Epoch 239/300
18/18 - 1s - loss: 1.4633 - accuracy: 0.6869 - weighted_accuracy: 0.6892 - val_loss: 1.4475 - val_accuracy: 0.6846 - val_weighted_accuracy: 0.7010 - 977ms/epoch - 54ms/step
Epoch 240/300
18/18 - 1s - loss: 1.4660 - accuracy: 0.6801 - weighted_accuracy: 0.6907 - val_loss: 1.4471 - val_accuracy: 0.6956 - val_weighted_accuracy: 0.7018 - 960ms/epoch - 53ms/step
Epoch 241/300
18/18 - 1s - loss: 1.4669 - accuracy: 0.6864 - weighted_accuracy: 0.6900 - val_loss: 1.4502 - val_accuracy: 0.6971 - val_weighted_accuracy: 0.7065 - 960ms/epoch - 53ms/step
Epoch 242/300
18/18 - 1s - loss: 1.4641 - accuracy: 0.6888 - weighted_accuracy: 0.6967 - val_loss: 1.4493 - val_accuracy: 0.6875 - val_weighted_accuracy: 0.6989 - 952ms/epoch - 53ms/step
Epoch 243/300
18/18 - 1s - loss: 1.4648 - accuracy: 0.6791 - weighted_accuracy: 0.6911 - val_loss: 1.4465 - val_accuracy: 0.6915 - val_weighted_accuracy: 0.7030 - 958ms/epoch - 53ms/step
Epoch 244/300
18/18 - 1s - loss: 1.4682 - accuracy: 0.6842 - weighted_accuracy: 0.6925 - val_loss: 1.4457 - val_accuracy: 0.6939 - val_weighted_accuracy: 0.7041 - 957ms/epoch - 53ms/step
Epoch 245/300
18/18 - 1s - loss: 1.4640 - accuracy: 0.6837 - weighted_accuracy: 0.6930 - val_loss: 1.4513 - val_accuracy: 0.6926 - val_weighted_accuracy: 0.6998 - 953ms/epoch - 53ms/step
Epoch 246/300
18/18 - 1s - loss: 1.4650 - accuracy: 0.6858 - weighted_accuracy: 0.6948 - val_loss: 1.4493 - val_accuracy: 0.6875 - val_weighted_accuracy: 0.7028 - 956ms/epoch - 53ms/step
Epoch 247/300
18/18 - 1s - loss: 1.4628 - accuracy: 0.6829 - weighted_accuracy: 0.6901 - val_loss: 1.4575 - val_accuracy: 0.6862 - val_weighted_accuracy: 0.7020 - 953ms/epoch - 53ms/step
Epoch 248/300
18/18 - 1s - loss: 1.4706 - accuracy: 0.6851 - weighted_accuracy: 0.6934 - val_loss: 1.4538 - val_accuracy: 0.6884 - val_weighted_accuracy: 0.7043 - 956ms/epoch - 53ms/step
Epoch 249/300
18/18 - 1s - loss: 1.4613 - accuracy: 0.6870 - weighted_accuracy: 0.6985 - val_loss: 1.4453 - val_accuracy: 0.6882 - val_weighted_accuracy: 0.7004 - 964ms/epoch - 54ms/step
Epoch 250/300
18/18 - 1s - loss: 1.4642 - accuracy: 0.6871 - weighted_accuracy: 0.6928 - val_loss: 1.4464 - val_accuracy: 0.6839 - val_weighted_accuracy: 0.7010 - 960ms/epoch - 53ms/step
Epoch 251/300
18/18 - 1s - loss: 1.4657 - accuracy: 0.6805 - weighted_accuracy: 0.6900 - val_loss: 1.4469 - val_accuracy: 0.6831 - val_weighted_accuracy: 0.7012 - 959ms/epoch - 53ms/step
Epoch 252/300
18/18 - 1s - loss: 1.4637 - accuracy: 0.6822 - weighted_accuracy: 0.6951 - val_loss: 1.4479 - val_accuracy: 0.6892 - val_weighted_accuracy: 0.7039 - 965ms/epoch - 54ms/step
Epoch 253/300
18/18 - 1s - loss: 1.4616 - accuracy: 0.6913 - weighted_accuracy: 0.6939 - val_loss: 1.4489 - val_accuracy: 0.7007 - val_weighted_accuracy: 0.7051 - 970ms/epoch - 54ms/step
Epoch 254/300
18/18 - 1s - loss: 1.4533 - accuracy: 0.6839 - weighted_accuracy: 0.6989 - val_loss: 1.4484 - val_accuracy: 0.6843 - val_weighted_accuracy: 0.6987 - 958ms/epoch - 53ms/step
Epoch 255/300
18/18 - 1s - loss: 1.4645 - accuracy: 0.6842 - weighted_accuracy: 0.6916 - val_loss: 1.4483 - val_accuracy: 0.6941 - val_weighted_accuracy: 0.7030 - 960ms/epoch - 53ms/step
Epoch 256/300
18/18 - 1s - loss: 1.4649 - accuracy: 0.6866 - weighted_accuracy: 0.6913 - val_loss: 1.4472 - val_accuracy: 0.6913 - val_weighted_accuracy: 0.7049 - 959ms/epoch - 53ms/step
Epoch 257/300
18/18 - 1s - loss: 1.4689 - accuracy: 0.6843 - weighted_accuracy: 0.6947 - val_loss: 1.4458 - val_accuracy: 0.6884 - val_weighted_accuracy: 0.7037 - 972ms/epoch - 54ms/step
Epoch 258/300
18/18 - 1s - loss: 1.4638 - accuracy: 0.6854 - weighted_accuracy: 0.6940 - val_loss: 1.4453 - val_accuracy: 0.6881 - val_weighted_accuracy: 0.6998 - 994ms/epoch - 55ms/step
Epoch 259/300
18/18 - 1s - loss: 1.4613 - accuracy: 0.6863 - weighted_accuracy: 0.6939 - val_loss: 1.4472 - val_accuracy: 0.6854 - val_weighted_accuracy: 0.7000 - 998ms/epoch - 55ms/step
Epoch 260/300
18/18 - 1s - loss: 1.4610 - accuracy: 0.6822 - weighted_accuracy: 0.6933 - val_loss: 1.4453 - val_accuracy: 0.6947 - val_weighted_accuracy: 0.7063 - 988ms/epoch - 55ms/step
Epoch 261/300
18/18 - 1s - loss: 1.4690 - accuracy: 0.6844 - weighted_accuracy: 0.6914 - val_loss: 1.4477 - val_accuracy: 0.6932 - val_weighted_accuracy: 0.7057 - 976ms/epoch - 54ms/step
Epoch 262/300
18/18 - 1s - loss: 1.4638 - accuracy: 0.6910 - weighted_accuracy: 0.6974 - val_loss: 1.4457 - val_accuracy: 0.6896 - val_weighted_accuracy: 0.7014 - 959ms/epoch - 53ms/step
Epoch 263/300
18/18 - 1s - loss: 1.4610 - accuracy: 0.6829 - weighted_accuracy: 0.6923 - val_loss: 1.4479 - val_accuracy: 0.6839 - val_weighted_accuracy: 0.7008 - 958ms/epoch - 53ms/step
Epoch 264/300
18/18 - 1s - loss: 1.4635 - accuracy: 0.6825 - weighted_accuracy: 0.6929 - val_loss: 1.4492 - val_accuracy: 0.6898 - val_weighted_accuracy: 0.7008 - 951ms/epoch - 53ms/step
Epoch 265/300
18/18 - 1s - loss: 1.4682 - accuracy: 0.6899 - weighted_accuracy: 0.6934 - val_loss: 1.4471 - val_accuracy: 0.6888 - val_weighted_accuracy: 0.7024 - 956ms/epoch - 53ms/step
Epoch 266/300
18/18 - 1s - loss: 1.4683 - accuracy: 0.6856 - weighted_accuracy: 0.6948 - val_loss: 1.4451 - val_accuracy: 0.6869 - val_weighted_accuracy: 0.7008 - 972ms/epoch - 54ms/step
Epoch 267/300
18/18 - 1s - loss: 1.4627 - accuracy: 0.6847 - weighted_accuracy: 0.6974 - val_loss: 1.4497 - val_accuracy: 0.6915 - val_weighted_accuracy: 0.6998 - 979ms/epoch - 54ms/step
Epoch 268/300
18/18 - 1s - loss: 1.4627 - accuracy: 0.6866 - weighted_accuracy: 0.6956 - val_loss: 1.4455 - val_accuracy: 0.6907 - val_weighted_accuracy: 0.7026 - 951ms/epoch - 53ms/step
Epoch 269/300
18/18 - 1s - loss: 1.4625 - accuracy: 0.6817 - weighted_accuracy: 0.6938 - val_loss: 1.4493 - val_accuracy: 0.6799 - val_weighted_accuracy: 0.6989 - 954ms/epoch - 53ms/step
Epoch 270/300
18/18 - 1s - loss: 1.4633 - accuracy: 0.6884 - weighted_accuracy: 0.6927 - val_loss: 1.4471 - val_accuracy: 0.6807 - val_weighted_accuracy: 0.7004 - 919ms/epoch - 51ms/step
Epoch 271/300
18/18 - 1s - loss: 1.4642 - accuracy: 0.6825 - weighted_accuracy: 0.6928 - val_loss: 1.4462 - val_accuracy: 0.6877 - val_weighted_accuracy: 0.7016 - 945ms/epoch - 52ms/step
Epoch 272/300
18/18 - 1s - loss: 1.4622 - accuracy: 0.6855 - weighted_accuracy: 0.6935 - val_loss: 1.4428 - val_accuracy: 0.6911 - val_weighted_accuracy: 0.7037 - 923ms/epoch - 51ms/step
Epoch 273/300
18/18 - 1s - loss: 1.4671 - accuracy: 0.6851 - weighted_accuracy: 0.6904 - val_loss: 1.4504 - val_accuracy: 0.6778 - val_weighted_accuracy: 0.6975 - 920ms/epoch - 51ms/step
Epoch 274/300
18/18 - 1s - loss: 1.4619 - accuracy: 0.6827 - weighted_accuracy: 0.6932 - val_loss: 1.4480 - val_accuracy: 0.6875 - val_weighted_accuracy: 0.7014 - 914ms/epoch - 51ms/step
Epoch 275/300
18/18 - 1s - loss: 1.4632 - accuracy: 0.6853 - weighted_accuracy: 0.6945 - val_loss: 1.4465 - val_accuracy: 0.6947 - val_weighted_accuracy: 0.7055 - 913ms/epoch - 51ms/step
Epoch 276/300
18/18 - 1s - loss: 1.4667 - accuracy: 0.6870 - weighted_accuracy: 0.6941 - val_loss: 1.4458 - val_accuracy: 0.6809 - val_weighted_accuracy: 0.7006 - 919ms/epoch - 51ms/step
Epoch 277/300
18/18 - 1s - loss: 1.4663 - accuracy: 0.6797 - weighted_accuracy: 0.6927 - val_loss: 1.4510 - val_accuracy: 0.6775 - val_weighted_accuracy: 0.7010 - 949ms/epoch - 53ms/step
Epoch 278/300
18/18 - 1s - loss: 1.4629 - accuracy: 0.6878 - weighted_accuracy: 0.6923 - val_loss: 1.4459 - val_accuracy: 0.6875 - val_weighted_accuracy: 0.7004 - 959ms/epoch - 53ms/step
Epoch 279/300
18/18 - 1s - loss: 1.4586 - accuracy: 0.6879 - weighted_accuracy: 0.6950 - val_loss: 1.4453 - val_accuracy: 0.6879 - val_weighted_accuracy: 0.7032 - 952ms/epoch - 53ms/step
Epoch 280/300
18/18 - 1s - loss: 1.4616 - accuracy: 0.6859 - weighted_accuracy: 0.6933 - val_loss: 1.4489 - val_accuracy: 0.6954 - val_weighted_accuracy: 0.7055 - 956ms/epoch - 53ms/step
Epoch 281/300
18/18 - 1s - loss: 1.4610 - accuracy: 0.6835 - weighted_accuracy: 0.6959 - val_loss: 1.4448 - val_accuracy: 0.6970 - val_weighted_accuracy: 0.7049 - 971ms/epoch - 54ms/step
Epoch 282/300
18/18 - 1s - loss: 1.4557 - accuracy: 0.6881 - weighted_accuracy: 0.6944 - val_loss: 1.4441 - val_accuracy: 0.6905 - val_weighted_accuracy: 0.7032 - 955ms/epoch - 53ms/step
Epoch 283/300
18/18 - 1s - loss: 1.4582 - accuracy: 0.6813 - weighted_accuracy: 0.6906 - val_loss: 1.4456 - val_accuracy: 0.6928 - val_weighted_accuracy: 0.7035 - 966ms/epoch - 54ms/step
Epoch 284/300
18/18 - 1s - loss: 1.4618 - accuracy: 0.6875 - weighted_accuracy: 0.6974 - val_loss: 1.4474 - val_accuracy: 0.6926 - val_weighted_accuracy: 0.7030 - 1s/epoch - 56ms/step
Epoch 285/300
18/18 - 1s - loss: 1.4569 - accuracy: 0.6913 - weighted_accuracy: 0.6966 - val_loss: 1.4464 - val_accuracy: 0.6871 - val_weighted_accuracy: 0.7020 - 1s/epoch - 58ms/step
Epoch 286/300
18/18 - 1s - loss: 1.4574 - accuracy: 0.6883 - weighted_accuracy: 0.6941 - val_loss: 1.4458 - val_accuracy: 0.6884 - val_weighted_accuracy: 0.6991 - 1s/epoch - 56ms/step
Epoch 287/300
18/18 - 1s - loss: 1.4607 - accuracy: 0.6847 - weighted_accuracy: 0.6927 - val_loss: 1.4484 - val_accuracy: 0.6833 - val_weighted_accuracy: 0.7010 - 1000ms/epoch - 56ms/step
Epoch 288/300
18/18 - 1s - loss: 1.4560 - accuracy: 0.6846 - weighted_accuracy: 0.6956 - val_loss: 1.4493 - val_accuracy: 0.6828 - val_weighted_accuracy: 0.7008 - 993ms/epoch - 55ms/step
Epoch 289/300
18/18 - 1s - loss: 1.4599 - accuracy: 0.6882 - weighted_accuracy: 0.6992 - val_loss: 1.4444 - val_accuracy: 0.6960 - val_weighted_accuracy: 0.7063 - 1s/epoch - 58ms/step
Epoch 290/300
18/18 - 1s - loss: 1.4617 - accuracy: 0.6866 - weighted_accuracy: 0.6953 - val_loss: 1.4478 - val_accuracy: 0.6937 - val_weighted_accuracy: 0.7010 - 1s/epoch - 57ms/step
Epoch 291/300
18/18 - 1s - loss: 1.4649 - accuracy: 0.6835 - weighted_accuracy: 0.6938 - val_loss: 1.4475 - val_accuracy: 0.6886 - val_weighted_accuracy: 0.7018 - 941ms/epoch - 52ms/step
Epoch 292/300
18/18 - 1s - loss: 1.4604 - accuracy: 0.6850 - weighted_accuracy: 0.6898 - val_loss: 1.4497 - val_accuracy: 0.6816 - val_weighted_accuracy: 0.7024 - 978ms/epoch - 54ms/step
Epoch 293/300
18/18 - 1s - loss: 1.4623 - accuracy: 0.6860 - weighted_accuracy: 0.6974 - val_loss: 1.4440 - val_accuracy: 0.6824 - val_weighted_accuracy: 0.6995 - 952ms/epoch - 53ms/step
Epoch 294/300
18/18 - 1s - loss: 1.4667 - accuracy: 0.6863 - weighted_accuracy: 0.6925 - val_loss: 1.4456 - val_accuracy: 0.6864 - val_weighted_accuracy: 0.7014 - 931ms/epoch - 52ms/step
Epoch 295/300
18/18 - 1s - loss: 1.4632 - accuracy: 0.6817 - weighted_accuracy: 0.6929 - val_loss: 1.4451 - val_accuracy: 0.6843 - val_weighted_accuracy: 0.7018 - 943ms/epoch - 52ms/step
Epoch 296/300
18/18 - 1s - loss: 1.4622 - accuracy: 0.6876 - weighted_accuracy: 0.6931 - val_loss: 1.4461 - val_accuracy: 0.6898 - val_weighted_accuracy: 0.7020 - 946ms/epoch - 53ms/step
Epoch 297/300
18/18 - 1s - loss: 1.4599 - accuracy: 0.6874 - weighted_accuracy: 0.6922 - val_loss: 1.4491 - val_accuracy: 0.6970 - val_weighted_accuracy: 0.7024 - 946ms/epoch - 53ms/step
Epoch 298/300
18/18 - 1s - loss: 1.4582 - accuracy: 0.6885 - weighted_accuracy: 0.6946 - val_loss: 1.4577 - val_accuracy: 0.6771 - val_weighted_accuracy: 0.6977 - 960ms/epoch - 53ms/step
Epoch 299/300
18/18 - 1s - loss: 1.4593 - accuracy: 0.6858 - weighted_accuracy: 0.6941 - val_loss: 1.4495 - val_accuracy: 0.6892 - val_weighted_accuracy: 0.7028 - 960ms/epoch - 53ms/step
Epoch 300/300
18/18 - 1s - loss: 1.4603 - accuracy: 0.6825 - weighted_accuracy: 0.6921 - val_loss: 1.4456 - val_accuracy: 0.6846 - val_weighted_accuracy: 0.7024 - 977ms/epoch - 54ms/step
                         : Getting training history for item:0 name = 'loss'
                         : Getting training history for item:1 name = 'accuracy'
                         : Getting training history for item:2 name = 'weighted_accuracy'
                         : Getting training history for item:3 name = 'val_loss'
                         : Getting training history for item:4 name = 'val_accuracy'
                         : Getting training history for item:5 name = 'val_weighted_accuracy'
                         : Trained model written to file: muon2016postVFP__5__200__1200__0.5/weights/TrainedModel_DNN.h5
                         : Elapsed time for training with 26418 events: 301 sec         
                         : Setting up tf.keras
                         : Using TensorFlow version 2
                         : Use Keras version from TensorFlow : tf.keras
                         : Disabled TF eager execution when evaluating model 
                         :  Loading Keras Model 
                         : Loaded model from file: muon2016postVFP__5__200__1200__0.5/weights/TrainedModel_DNN.h5
DNN                      : [muon2016postVFP__5__200__1200__0.5] : Evaluation of DNN on training sample (26418 events)
                         : Elapsed time for evaluation of 26418 events: 1.04 sec       
                         : Creating xml weight file: [0;36mmuon2016postVFP__5__200__1200__0.5/weights/muon2016postVFP__5__200__1200__0.5_DNN.weights.xml[0m
                         : Creating standalone class: [0;36mmuon2016postVFP__5__200__1200__0.5/weights/muon2016postVFP__5__200__1200__0.5_DNN.class.C[0m
Factory                  : Training finished
                         : 
                         : Ranking input variables (method specific)...
                         : No variable ranking supplied by classifier: DNN
TH1.Print Name  = TrainingHistory_DNN_'accuracy', Entries= 0, Total sum= 204.747
TH1.Print Name  = TrainingHistory_DNN_'loss', Entries= 0, Total sum= 450.708
TH1.Print Name  = TrainingHistory_DNN_'val_accuracy', Entries= 0, Total sum= 205.968
TH1.Print Name  = TrainingHistory_DNN_'val_loss', Entries= 0, Total sum= 448.818
TH1.Print Name  = TrainingHistory_DNN_'val_weighted_accuracy', Entries= 0, Total sum= 210.131
TH1.Print Name  = TrainingHistory_DNN_'weighted_accuracy', Entries= 0, Total sum= 206.913
Factory                  : === Destroy and recreate all methods via weight files for testing ===
                         : 
                         : Reading weight file: [0;36mmuon2016postVFP__5__200__1200__0.5/weights/muon2016postVFP__5__200__1200__0.5_DNN.weights.xml[0m
Factory                  : [1mTest all methods[0m
Factory                  : Test method: DNN for Classification performance
                         : 
                         : Setting up tf.keras
                         : Using TensorFlow version 2
                         : Use Keras version from TensorFlow : tf.keras
                         : Disabled TF eager execution when evaluating model 
                         :  Loading Keras Model 
                         : Loaded model from file: muon2016postVFP__5__200__1200__0.5/weights/TrainedModel_DNN.h5
DNN                      : [muon2016postVFP__5__200__1200__0.5] : Evaluation of DNN on testing sample (38537 events)
                         : Elapsed time for evaluation of 38537 events: 1.71 sec       
Factory                  : [1mEvaluate all methods[0m
Factory                  : Evaluate classifier: DNN
                         : 
TFHandler_DNN            :                         Variable                                Mean                                RMS                        [        Min                                Max ]
                         : -----------------------------------------------------------------------------------------------------------------------------------------------------------------------------------
                         :                     bmuon_nsip3d:                         -0.016838                            1.0345   [                           -5.7307                            5.7307 ]
                         :                     bmuon_reliso:                         -0.052364                            1.0442   [                           -3.2259                            5.7307 ]
                         :                  bmuon_ptwrtbjet:                          0.092934                            1.0122   [                           -3.3884                            5.7307 ]
                         :                  bmuon_P_jetrest:                           0.12512                            1.0147   [                           -3.2801                            5.7307 ]
                         :         bjet_charge*bmuon_charge:                          0.099965                            1.0116   [                           -3.4974                            5.7307 ]
                         : bjet_ChargedHadronEnergyFraction:                         -0.037751                            1.0104   [                           -3.5280                            5.7307 ]
                         : bjet_NeutralHadronEnergyFraction:                          -0.83151                            1.6427   [                           -3.2778                            5.7307 ]
                         :     bjet_NeutralEmEnergyFraction:                         -0.023492                            1.0500   [                           -3.3884                            5.7307 ]
                         :     bjet_ChargedEmEnergyFraction:                           -2.2555                            1.0107   [                           -2.6441                            5.7307 ]
                         :          bjet_MuonEnergyFraction:                          -0.25498                            1.3714   [                           -3.2377                            5.7307 ]
                         :         bjet_ChargedMultiplicity:                          0.011847                            1.0151   [                           -5.4646                            5.7307 ]
                         :         bjet_NeutralMultiplicity:                          0.015289                            1.0341   [                           -5.0105                            5.7307 ]
                         :                fabs(bjet_charge):                          0.079840                            1.0178   [                           -3.3753                            5.4200 ]
                         : -----------------------------------------------------------------------------------------------------------------------------------------------------------------------------------
DNN                      : [muon2016postVFP__5__200__1200__0.5] : Loop over test events and fill histograms with classifier response...
                         : 
TFHandler_DNN            :                         Variable                                Mean                                RMS                        [        Min                                Max ]
                         : -----------------------------------------------------------------------------------------------------------------------------------------------------------------------------------
                         :                     bmuon_nsip3d:                         -0.016838                            1.0345   [                           -5.7307                            5.7307 ]
                         :                     bmuon_reliso:                         -0.052364                            1.0442   [                           -3.2259                            5.7307 ]
                         :                  bmuon_ptwrtbjet:                          0.092934                            1.0122   [                           -3.3884                            5.7307 ]
                         :                  bmuon_P_jetrest:                           0.12512                            1.0147   [                           -3.2801                            5.7307 ]
                         :         bjet_charge*bmuon_charge:                          0.099965                            1.0116   [                           -3.4974                            5.7307 ]
                         : bjet_ChargedHadronEnergyFraction:                         -0.037751                            1.0104   [                           -3.5280                            5.7307 ]
                         : bjet_NeutralHadronEnergyFraction:                          -0.83151                            1.6427   [                           -3.2778                            5.7307 ]
                         :     bjet_NeutralEmEnergyFraction:                         -0.023492                            1.0500   [                           -3.3884                            5.7307 ]
                         :     bjet_ChargedEmEnergyFraction:                           -2.2555                            1.0107   [                           -2.6441                            5.7307 ]
                         :          bjet_MuonEnergyFraction:                          -0.25498                            1.3714   [                           -3.2377                            5.7307 ]
                         :         bjet_ChargedMultiplicity:                          0.011847                            1.0151   [                           -5.4646                            5.7307 ]
                         :         bjet_NeutralMultiplicity:                          0.015289                            1.0341   [                           -5.0105                            5.7307 ]
                         :                fabs(bjet_charge):                          0.079840                            1.0178   [                           -3.3753                            5.4200 ]
                         : -----------------------------------------------------------------------------------------------------------------------------------------------------------------------------------
                         : 
                         : Evaluation results ranked by best signal efficiency and purity (area)
                         : -------------------------------------------------------------------------------------------------------------------
                         : DataSet       MVA                       
                         : Name:         Method:          ROC-integ
                         : muon2016postVFP__5__200__1200__0.5 DNN            : 0.763
                         : -------------------------------------------------------------------------------------------------------------------
                         : 
                         : Testing efficiency compared to training efficiency (overtraining check)
                         : -------------------------------------------------------------------------------------------------------------------
                         : DataSet              MVA              Signal efficiency: from test sample (from training sample) 
                         : Name:                Method:          @B=0.01             @B=0.10            @B=0.30   
                         : -------------------------------------------------------------------------------------------------------------------
                         : muon2016postVFP__5__200__1200__0.5 DNN            : 0.106 (0.100)       0.405 (0.399)      0.685 (0.695)
                         : -------------------------------------------------------------------------------------------------------------------
                         : 
Dataset:muon2016postVF...: Created tree 'TestTree' with 38537 events
                         : 
Dataset:muon2016postVF...: Created tree 'TrainTree' with 26418 events
                         : 
Factory                  : [1mThank you for using TMVA![0m
                         : [1mFor citation information, please visit: http://tmva.sf.net/citeTMVA.html[0m
ref.cut= DNN 0.47433494057458586
auc= 0.7627837899306279
myerr=0
[ntry=1]
